iso3,year,sstran,deficit,debt,ln_population,ln_gdppc,inflation_cpi,dependency_ratio,KOFGI,KOFEcGI,KOFTrGI,KOFFiGI,KOFSoGI,KOFIpGI,KOFIpGIdf,KOFIpGIdj,KOFInGI,KOFInGIdf,KOFInGIdj,KOFCuGI,KOFCuGIdf,KOFCuGIdj,KOFPoGI
AUS,1980,6.35402992911525,-2.278131844,,16.502813685921694,4.789221146501001,10.13584,,62.259674072265625,46.758670806884766,48.25004196166992,45.267303466796875,65.06698608398438,54.277915954589844,65.3105239868164,46.01458740234375,58.18846130371094,62.277503967285156,54.09940719604492,81.3804931640625,80.17951202392578,82.58147430419922,75.07083129882812
AUS,1981,6.34254520641419,-2.686287278,,16.51843162753205,4.800729091211559,9.487666,,62.19621276855469,47.319583892822266,47.26964569091797,47.36952209472656,64.9808120727539,54.54457092285156,65.28707885742188,46.501312255859375,58.19770431518555,62.277503967285156,54.11791229248047,80.88899993896484,80.20315551757812,81.57484436035156,74.40484619140625
AUS,1982,7.22121912846991,-3.736493816,,16.535769066822827,4.767873481989318,11.35182,,62.148006439208984,47.40879821777344,46.9373779296875,47.880218505859375,65.24598693847656,54.82587432861328,65.24504852294922,47.02520751953125,58.230247497558594,62.311885833740234,54.14860916137695,81.3724365234375,80.40489196777344,82.3399887084961,73.91900634765625
AUS,1983,7.42654181465935,-4.924803306,,16.54945408141061,4.777742952368239,10.03891,,62.40457534790039,48.22372817993164,46.59904479980469,49.84840774536133,65.25977325439453,54.880435943603516,65.20350646972656,47.151668548583984,58.252586364746094,62.313743591308594,54.19143295288086,81.34207916259766,80.59083557128906,82.09332275390625,73.84977722167969
AUS,1984,7.25043842328972,-4.871284992,,16.561459509067802,4.7780115473978775,3.960396,,62.43408203125,49.074951171875,46.90825653076172,51.24163818359375,65.31180572509766,55.151432037353516,65.1359634399414,47.676719665527344,58.289710998535156,62.33662033081055,54.2428092956543,81.21726989746094,80.5884017944336,81.84613800048828,73.0360336303711
AUS,1985,7.02252036415908,-4.894638821,,16.574780477414052,4.775064392146821,6.734694,,63.26380157470703,50.52632141113281,46.69877624511719,54.35386657714844,66.06095123291016,55.27991485595703,65.07392883300781,47.94892120361328,58.31379699707031,62.32871627807617,54.29887008666992,83.2335205078125,80.78009796142578,85.68693542480469,73.32139587402344
AUS,1986,6.86603856603088,-4.129357367,,16.589245498045326,4.763972069321209,9.05035,,63.626461029052734,51.57796096801758,46.5325927734375,56.62331771850586,66.30097198486328,55.316261291503906,65.0365982055664,48.042354583740234,58.33958053588867,62.33271408081055,54.34645462036133,83.86478424072266,80.95877075195312,86.77080535888672,73.11262512207031
AUS,1987,6.66118269035251,-2.376925475,,16.60445688708864,4.776297739722435,8.533022,,64.15422058105469,53.43999099731445,47.774600982666016,59.105384826660156,66.47518920898438,55.58049392700195,65.00141906738281,48.5361213684082,57.71466064453125,62.29910659790039,53.13022232055664,84.75625610351562,81.31069946289062,88.2018051147461,72.64505767822266
AUS,1988,6.16080156402737,-0.720072317,,16.620818374719406,4.761772597862604,7.21594,,65.45374298095703,54.389732360839844,47.35427474975586,61.425209045410156,67.0564193725586,55.629337310791016,64.9894027709961,48.63711929321289,58.3881721496582,62.311485290527344,54.4648551940918,85.70636749267578,81.5035171508789,89.90921783447266,74.98262023925781
AUS,1989,6.15636652063365,0.264842763801984,25.2294875421049,16.63774717165834,4.750930130417841,7.533903,,65.4062271118164,53.120140075683594,46.41739273071289,59.8228874206543,67.6506576538086,55.898258209228516,64.97251892089844,49.12560272216797,59.54254150390625,65.5158920288086,53.56918716430664,86.020751953125,82.05059051513672,89.99090576171875,75.54273223876953
AUS,1990,7.01318463301648,-0.532590012063659,26.3060301373903,16.652547641027308,4.710575618637135,7.333022,49.46812428753547,65.2745590209961,53.66544723510742,46.40730667114258,60.923580169677734,68.11078643798828,56.78614044189453,66.41886138916016,49.6016731262207,60.353370666503906,65.7925033569336,54.91423416137695,85.7537612915039,82.45079040527344,89.0567398071289,74.16756439208984
AUS,1991,7.95643545643546,-2.88189902432585,31.5525579944076,16.665293858882983,4.696036588642009,3.176675,49.61706801364452,66.93317413330078,53.983787536621094,46.629913330078125,61.33765411376953,67.69645690917969,56.85251235961914,66.20122528076172,49.8887939453125,59.29902648925781,65.36924743652344,53.228816986083984,85.55459594726562,82.67059326171875,88.4385986328125,79.15169525146484
AUS,1992,8.22346132287626,-4.25468424705066,34.439740920657,16.676489835897687,4.71012099072586,1.012231,49.811919085308006,68.47166442871094,54.47542190551758,47.982994079589844,60.967857360839844,68.4606704711914,57.129783630371094,66.26608276367188,50.33152389526367,60.78645706176758,66.62212371826172,54.95079040527344,86.01593017578125,83.18753051757812,88.84432983398438,82.47840881347656
AUS,1993,8.45982893893707,-2.83841883374379,39.4109621844401,16.68538523415327,4.7335094063348775,1.753653,49.98607712608749,69.53877258300781,56.29816436767578,49.5047721862793,63.09157180786133,68.60435485839844,57.35342025756836,66.61580657958984,50.46803283691406,61.03213119506836,67.077392578125,54.98686599731445,85.98387908935547,83.43675231933594,88.53102111816406,83.67386627197266
AUS,1994,8.03656780532665,-2.66266672743922,39.4015422417615,16.695016159100053,4.739183479979496,1.969635,50.0950366169999,70.8473892211914,58.93675231933594,52.2287712097168,65.64472961425781,69.3932113647461,58.08275604248047,67.7584457397461,50.891845703125,62.000789642333984,67.65135955810547,56.350215911865234,86.64378356933594,84.43772888183594,88.84983825683594,84.14997100830078
AUS,1995,8.07230669472124,-1.82783940009374,40.3991563818153,16.706153501308563,4.747579889513116,4.627767,50.10919567205799,71.51420593261719,59.803619384765625,52.700477600097656,66.9067611694336,70.35699462890625,58.372581481933594,67.86756134033203,51.31603240966797,64.69631958007812,72.60652923583984,56.78611373901367,86.46321105957031,84.37940979003906,88.54701232910156,84.33245849609375
AUS,1996,8.06822774918488,-0.813148820777729,37.231612103896,16.718292051140782,4.749262322135956,2.615385,50.0490001668879,71.54712677001953,61.398780822753906,53.95866775512695,68.83888244628906,71.21166229248047,59.85348129272461,69.68391418457031,52.54207992553711,64.66677856445312,73.3686752319336,55.96486282348633,87.65946960449219,84.8334732055664,90.48546600341797,82.0166244506836
AUS,1997,7.71145882832123,0.374763701807376,36.3083072329918,16.729112450336746,4.754717228175217,0.2248875,49.9340260684314,72.16880798339844,61.021087646484375,53.75394058227539,68.28824615478516,72.7566909790039,60.269046783447266,70.15665435791016,52.90826416015625,67.08676147460938,75.0887451171875,59.084774017333984,89.31863403320312,85.53741455078125,93.09986114501953,82.7536392211914
AUS,1998,7.62969860422929,2.22501627415927,33.6258826872685,16.73907979751476,4.771956941845173,0.8601346,49.79801208892475,72.91898345947266,61.684940338134766,54.300148010253906,69.06974029541016,73.90347290039062,59.96919631958008,69.48894500732422,52.87248611450195,69.846923828125,76.73658752441406,62.95726013183594,90.12098693847656,85.54454803466797,94.6974105834961,83.21031951904297
AUS,1999,7.74045760056981,2.90612137459478,26.1848617837518,16.75001955554418,4.7739750947561586,1.483129,49.63671924744891,74.2298355102539,64.75694274902344,56.54610824584961,72.96776580810547,74.86433410644531,60.79353332519531,70.38192749023438,53.634517669677734,71.29955291748047,77.87470245361328,64.72439575195312,90.71741485595703,85.45849609375,95.97633361816406,83.0949935913086
AUS,2000,8.24114152914467,0.887457375726157,23.0704018496572,16.761464284058956,4.74914305863426,4.457435,49.45983714999612,75.4328842163086,64.15155792236328,56.69304656982422,71.61006927490234,75.98362731933594,60.832603454589844,68.9175033569336,54.783016204833984,73.2767562866211,79.87423706054688,66.67926788330078,91.93446350097656,87.2457504272461,96.6231689453125,86.18650817871094
AUS,2001,8.04247758597441,-0.148724214409146,22.7368812792198,16.77430396497169,4.768282674294978,4.407135,49.28683546190102,76.05842590332031,65.41980743408203,57.459869384765625,73.3797378540039,76.10472106933594,61.35780715942383,68.6856460571289,55.86284255981445,74.45672607421875,81.9610824584961,66.95238494873047,90.65532684326172,84.37277221679688,96.93788146972656,86.6527328491211
AUS,2002,7.79783042878417,1.71184806278777,20.462989571559,16.785679352333634,4.778742269194421,2.981575,49.07392786643059,75.52183532714844,64.22189331054688,57.8078727722168,70.63591003417969,76.67215728759766,62.59532165527344,70.65161895751953,56.53934097290039,74.81517028808594,82.10367584228516,67.52666473388672,90.8583755493164,85.10619354248047,96.61056518554688,85.71906280517578
AUS,2003,8.20494185205459,2.57578766814119,17.4267400920827,16.797181279665555,4.794771464526502,2.732596,48.84456173441219,76.51271057128906,66.43397521972656,57.75316619873047,75.11479187011719,77.17976379394531,63.462947845458984,71.85735321044922,57.137290954589844,75.15965270996094,82.31607055664062,68.00323486328125,91.2264633178711,85.83928680419922,96.61363983154297,85.95182800292969
AUS,2004,7.88715014014925,1.41811568785593,15.2033842641102,16.80787326088613,4.789294250621615,2.343255,48.6497650677502,76.32420349121094,65.91520690917969,56.341312408447266,75.48910522460938,77.98431396484375,64.47445678710938,72.76041412353516,58.2154541015625,75.85901641845703,83.53948974609375,68.17855072021484,91.967041015625,87.65740203857422,96.27667236328125,85.14075469970703
AUS,2005,7.6128593366247,2.21287452950637,13.7230761577874,16.82004616819137,4.7828332086421455,2.691832,48.47529979336775,76.49794006347656,66.04878997802734,57.570194244384766,74.52738952636719,78.5787124633789,64.5838394165039,72.89339447021484,58.29433822631836,78.0622787475586,84.12535858154297,71.99919128417969,91.3889389038086,87.52266693115234,95.25521850585938,84.95062255859375
AUS,2006,7.37642822970681,2.47327507567376,12.4244343813112,16.833540676501258,4.782242765974778,3.555288,48.32967639982512,77.63919830322266,67.92086791992188,59.226829528808594,76.61492156982422,79.41261291503906,65.65155029296875,74.27497100830078,59.11202621459961,79.0109634399414,85.06549835205078,72.9564437866211,91.91259002685547,88.8617935180664,94.96338653564453,85.65557098388672
AUS,2007,7.20268830284776,1.98621650580044,13.3615235038118,16.851790644454184,4.780375851440511,2.327611,48.218323272123484,78.4832763671875,69.18267059326172,60.26587677001953,78.09945678710938,79.59980773925781,65.2255630493164,75.42598724365234,57.47690963745117,79.77622985839844,86.00572204589844,73.5467300415039,92.07015991210938,89.77227020263672,94.36803436279297,86.71204376220703
AUS,2008,8.75522517501809,-0.142557611306929,15.897235611425,16.87182975850661,4.783138163024782,4.350298,48.12539032511647,77.63873291015625,66.28236389160156,59.50530242919922,73.05943298339844,80.01063537597656,65.685302734375,75.5662841796875,58.16658020019531,80.39973449707031,86.57140350341797,74.22807312011719,92.23448944091797,90.65069580078125,93.81826782226562,86.71770477294922
AUS,2009,7.52390897339767,-4.30305509553157,21.8598648703181,16.892438090134338,4.826297057169206,1.771117,48.14825717096639,77.93733215332031,67.03274536132812,58.146934509277344,75.9185562133789,79.96669006347656,66.45352935791016,75.52577209472656,59.54116439819336,81.06385040283203,87.2099380493164,74.91775512695312,90.77415466308594,88.8508071899414,92.69750213623047,86.89306640625
AUS,2010,7.36747643206945,-4.23492748446932,24.6024380675797,16.907995152754747,4.810520361946838,2.91834,48.36386111094089,78.66120147705078,67.1360855102539,58.62984848022461,75.6423110961914,81.6871109008789,72.20550537109375,76.80038452148438,68.69921875,81.85577392578125,88.47199249267578,75.23956298828125,89.8768539428711,89.37747192382812,90.3762435913086,87.27985382080078
AUS,2011,7.43094397556402,-3.89926429746126,29.1121197599573,16.921890425910927,4.8206801474510605,3.30385,48.768238322988275,78.64020538330078,66.65373992919922,58.559722900390625,74.74773406982422,82.10408782958984,72.30686950683594,77.24079895019531,68.53518676757812,82.53223419189453,88.7235336303711,76.34093475341797,90.31922912597656,90.23844909667969,90.4000244140625,87.29878997802734
AUS,2012,7.50986651019892,-3.0421157680681,33.288546867157,16.939348625917663,4.821717791802769,1.76278,49.32897268983779,78.47832489013672,65.90496063232422,56.71678924560547,75.0931167602539,81.92555236816406,71.80506134033203,76.80622863769531,67.97779846191406,82.78706359863281,89.3536376953125,76.2204818725586,89.99679565429688,89.89041900634766,90.10316467285156,87.73930358886719
AUS,2013,7.64825086457917,-1.84738602807225,34.883894243631,16.956560140317556,4.819229472026049,2.449889,49.92436731239188,77.86768341064453,64.11442565917969,55.04196548461914,73.1868896484375,82.27861785888672,72.04293060302734,76.35740661621094,68.73953247070312,83.61782836914062,89.90655517578125,77.32908630371094,89.97576141357422,89.0098876953125,90.941650390625,87.3822250366211
AUS,2014,7.744902765421,-1.75800390763898,38.6449264499087,16.97147580520884,4.810147102719961,2.487923,50.49106089988524,78.1998291015625,65.9477767944336,56.16748809814453,75.72807312011719,81.51107788085938,70.72773742675781,76.9054946899414,65.99616241455078,82.30341339111328,86.97543334960938,77.6313705444336,90.23995971679688,89.03790283203125,91.44200897216797,87.26980590820312
AUS,2015,7.68658687965721,-1.01963667936103,40.486277006074,16.98586797173483,4.803336991149812,1.508367,51.06330102940122,78.16665649414062,65.43988037109375,55.304229736328125,75.57552337646484,81.66016387939453,69.80096435546875,75.75466918945312,65.24060821533203,83.13607788085938,87.95582580566406,78.31635284423828,90.65571594238281,88.05703735351562,93.25440979003906,87.53618621826172
AUS,2016,7.13382319055787,-1.55723071402733,43.0902850285734,17.001487376715872,4.797988483731964,1.276991,51.603445574586225,78.92789459228516,67.04703521728516,57.26099395751953,76.83307647705078,82.2500991821289,71.46051025390625,76.71318054199219,67.43770599365234,83.48456573486328,88.28816986083984,78.68096923828125,90.5420913696289,87.89778137207031,93.1864013671875,87.61621856689453
AUS,2017,6.79234220662362,-0.625536782305774,44.1561768291905,17.017955654689374,4.7886360461504776,1.948647,52.042421492171165,79.29969024658203,67.56400299072266,57.58890151977539,77.53909301757812,82.39008331298828,70.73285675048828,77.53709411621094,65.5212173461914,84.22241973876953,89.45132446289062,78.99351501464844,90.85075378417969,88.35260772705078,93.3488998413086,88.06554412841797
AUS,2018,6.50330017834777,-0.555046354825133,44.3572482090181,17.032915621793506,4.777980285276547,1.911401,52.44551516928038,79.2181625366211,67.0814437866211,57.17628479003906,76.9865951538086,83.0153579711914,72.04087829589844,77.79573822021484,67.63201904296875,84.80705261230469,89.82184600830078,79.7922592163086,90.91471099853516,88.83246612548828,92.99695587158203,87.70569610595703
AUS,2019,7.36638873511793,-1.20232635330553,46.4724467711761,17.04769052889935,4.7508328759630585,1.610768,52.91975843158956,79.53540802001953,67.02375793457031,56.80705642700195,77.240478515625,83.91527557373047,71.23289489746094,77.47455596923828,66.4503173828125,88.12234497070312,89.87401580810547,86.37066650390625,90.90824127197266,88.06292724609375,93.7535629272461,87.83783721923828
AUS,2020,7.78398156697935,-11.5320951561936,65.7639709248332,17.06002481141249,4.80280171148459,0.8469055,53.606124638161646,78.49667358398438,64.76553344726562,52.733741760253906,76.79731750488281,83.05754852294922,68.83846282958984,74.36516571044922,64.60391998291016,88.13246154785156,89.63341522216797,86.63151550292969,90.53947448730469,87.64460754394531,93.43434143066406,87.84465789794922
AUS,2021,6.71162741398318,-3.98023885602917,62.6721961610805,17.061433762245418,4.785529151492383,2.86391,54.25581575935253,78.27374267578125,64.92752838134766,53.066688537597656,76.78834533691406,83.41099548339844,68.3648910522461,73.51397705078125,64.4186019897461,88.60684967041016,89.95304107666016,87.26065063476562,91.50389862060547,89.4398422241211,93.56795501708984,86.68273162841797
AUS,2022,5.66287298253212,-1.419870938411,55.0668825350917,17.07432687534397,4.782366732322584,6.594097,54.584771843465305,79.59246826171875,67.80874633789062,58.19112777709961,77.42636108398438,84.2608642578125,70.56604766845703,75.95608520507812,66.43367767333984,88.89353942871094,90.33387756347656,87.45320892333984,91.725341796875,89.39421081542969,94.05648040771484,86.88928985595703
AUS,2023,5.82842779419297,-0.712234942127373,55.7102081665026,17.098671946979124,4.761013466843414,5.597015,54.833050159145735,79.49404907226562,67.5986099243164,58.07697677612305,77.12022399902344,84.17971801757812,70.6187744140625,77.58071899414062,65.28010559082031,88.96839904785156,90.3199462890625,87.61685180664062,91.37101745605469,89.08697509765625,93.65506744384766,86.88591003417969
AUT,1980,16.42090926,-2.19556422288827,35.83927873560032,15.836983019067363,4.913386346094862,6.328318,,71.81100463867188,65.2618179321289,68.24267578125,62.28096008300781,70.5993423461914,67.66643524169922,74.49736785888672,60.835506439208984,62.16823196411133,83.81521606445312,40.521236419677734,81.96334075927734,85.02704620361328,78.8996353149414,79.57186126708984
AUT,1981,16.86494659,-2.20803260577016,37.60037661977201,15.839533201381052,4.895954344491877,6.803043,,72.04953002929688,66.72315216064453,69.45233154296875,63.993961334228516,70.75015258789062,68.14945983886719,74.5153579711914,61.78356170654297,61.977935791015625,83.42599487304688,40.52988052368164,82.12306213378906,84.98592376708984,79.26018524169922,78.67526245117188
AUT,1982,17.19825326,-3.83499126302432,39.96690658018421,15.8402503715614,4.92213587233514,5.436026,,71.65742492675781,66.12625122070312,68.18112182617188,64.07138061523438,70.68852996826172,67.83937072753906,74.53557586669922,61.14316940307617,62.26792526245117,83.05253601074219,41.48332214355469,81.95829772949219,84.9459457397461,78.97064971923828,78.15750122070312
AUT,1983,17.32162433,-4.737933118996,44.22501171520908,15.838634361748861,4.931975050933698,3.339167,,71.71806335449219,65.45427703857422,67.80777740478516,63.100765228271484,70.86971282958984,68.03433990478516,74.57280731201172,61.49586868286133,62.08684539794922,82.6656265258789,41.50807189941406,82.48797607421875,84.90556335449219,80.07038879394531,78.83020782470703
AUT,1984,17.48831294,-3.0901534794608,46.65348423135482,15.83857141270794,4.89335399255026,5.663189,,72.59784698486328,66.7698745727539,69.09082794189453,64.44892120361328,71.1355209350586,68.51347351074219,74.59451293945312,62.43241882324219,62.2271842956543,82.2864990234375,42.16788101196289,82.66590881347656,84.84555053710938,80.48626708984375,79.88814544677734
AUT,1985,17.83247148,-3.23128141294197,48.83792535285917,15.83904092238703,4.889006874418568,3.189511,,74.66184997558594,68.84458923339844,69.9004898071289,67.7886962890625,71.12956237792969,68.50253295898438,74.61768341064453,62.38739013671875,61.85517501831055,81.50726318359375,42.203086853027344,83.03096771240234,85.15291595458984,80.90901184082031,84.01140594482422
AUT,1986,17.94220575,-4.33613089207707,53.51793414163073,15.839676412361722,4.889254642272416,1.705446,,74.16272735595703,67.67623138427734,67.80477905273438,67.54766845703125,70.87460327148438,68.70303344726562,74.64239501953125,62.76367950439453,63.3868408203125,80.7314453125,46.0422477722168,80.53396606445312,85.09000396728516,75.97793579101562,83.93733978271484
AUT,1987,18.45595294,-4.97103612580247,57.72674419761587,15.840309254400806,4.873622603063927,1.401955,,73.80115509033203,67.52003479003906,67.30271911621094,67.73735809326172,71.59648895263672,68.62688446044922,74.66671752929688,62.5870475769043,64.64669036865234,80.33002471923828,48.96335983276367,81.51589965820312,85.2684097290039,77.76338958740234,82.28693389892578
AUT,1988,18.08699805,-3.68863031395906,58.79246347115761,15.84172496290399,4.868414378589861,1.91572,,73.29298400878906,67.32710266113281,67.74591827392578,66.90830993652344,71.46765899658203,68.6288833618164,74.68817901611328,62.5695915222168,64.29432678222656,79.55923461914062,49.029415130615234,81.47972869873047,85.4400863647461,77.51936340332031,81.08419036865234
AUT,1989,17.60273045,-3.30414277399623,57.62057451197757,15.846230101901295,4.8730206123726525,2.568347,,73.05411529541016,68.66728973388672,68.61551666259766,68.71907043457031,71.98348236083984,68.97126770019531,74.70540618896484,63.23710632324219,63.948665618896484,78.79171752929688,49.105613708496094,83.03055572509766,86.1393814086914,79.92171478271484,78.51158905029297
AUT,1990,17.54958369,-2.73351025032358,57.2116391889198,15.853850118014455,4.886238148358126,3.261872,48.09179092919095,73.12904357910156,68.73048400878906,68.87825012207031,68.58271026611328,72.31832885742188,68.97728729248047,74.72908782958984,63.22548294067383,63.00725555419922,76.84371185302734,49.1707878112793,84.97046661376953,86.33507537841797,83.60586547851562,78.33831024169922
AUT,1991,17.54110214,-3.16503908548478,57.49884244455258,15.8638342990459,4.903976684426986,3.337426,48.22852476808265,76.6570816040039,70.41370391845703,68.88422393798828,71.94316101074219,72.47894287109375,69.05274963378906,74.7439193725586,63.361572265625,62.808170318603516,74.88040924072266,50.73594665527344,85.57591247558594,86.87847137451172,84.27335357666016,87.07857513427734
AUT,1992,17.95757946,-2.16937921004179,57.47569664198927,15.874839821911182,4.899309413569471,4.020847,48.41719030741542,77.30113220214844,70.25785064697266,68.62559509277344,71.89010620117188,72.891357421875,69.46592712402344,74.88995361328125,64.04190826416016,64.13605499267578,74.88523864746094,53.38686752319336,85.07207489013672,87.09949493408203,83.0446548461914,88.75422668457031
AUT,1993,19.28439217,-4.70404646196383,61.93698018136473,15.883086101321133,4.889585618777472,3.631786,48.65124603205345,77.8743896484375,70.87654113769531,68.30150604248047,73.45156860351562,72.6745834350586,69.13752746582031,75.04563903808594,63.22940444946289,63.44696807861328,74.49884796142578,52.39508056640625,85.43926239013672,87.51671600341797,83.36181640625,90.0720443725586
AUT,1994,19.47229411,-5.22222265634016,65.18256799675203,15.886934796787918,4.886617142944438,2.953407,48.93735453206853,78.52804565429688,72.02142333984375,69.44859313964844,74.5942611694336,73.05052947998047,69.43098449707031,75.21487426757812,63.647071838378906,64.2138671875,74.51036834716797,53.917362213134766,85.50674438476562,87.94795989990234,83.06553649902344,90.51225280761719
AUT,1995,19.9766938274524,-6.16962475407786,70.3389971140676,15.888465859394945,4.893019881890277,2.243364,49.16278102628949,79.36517333984375,73.80366516113281,71.92278289794922,75.68453979492188,73.04877471923828,69.72846221923828,75.38967895507812,64.06724548339844,64.22797393798828,73.7266616821289,54.729278564453125,85.18990325927734,88.91252136230469,81.46729278564453,91.24304962158203
AUT,1996,19.9276568648128,-4.57706309091881,70.7248934524332,15.889816057732432,4.888975011623495,1.860974,49.19445662891356,80.43035888671875,75.2330093383789,73.6950454711914,76.77098083496094,73.68682861328125,69.62124633789062,75.57180786132812,63.670684814453125,65.79531860351562,73.70364379882812,57.88698196411133,85.64396667480469,88.85028839111328,82.43765258789062,92.37120056152344
AUT,1997,19.2830512615296,-2.62261713370848,66.6667312285745,15.890949223815662,4.8796409395149745,1.305983,49.04586260503817,81.3836898803711,77.41370391845703,76.388427734375,78.43899536132812,73.99739074707031,70.1302719116211,75.74787902832031,64.51266479492188,65.85462188720703,72.8818359375,58.8274040222168,86.00729370117188,89.5310287475586,82.48355865478516,92.73998260498047
AUT,1998,18.8999072876282,-2.75534312363677,68.4732612571846,15.892046507496673,4.89102445652723,0.9224669,48.81485986556497,82.11714935302734,78.32918548583984,76.46023559570312,80.19813537597656,74.44673919677734,70.98743438720703,75.77232360839844,66.20255279541016,66.10968780517578,72.06099700927734,60.158382415771484,86.24307250976562,90.0202865600586,82.4658432006836,93.57552337646484
AUT,1999,18.9248984637208,-2.63518311683448,72.3523852891466,15.893992139029322,4.900552505296181,0.5689865,48.49649694806773,82.50617218017578,78.98279571533203,77.001953125,80.9636459350586,75.12921142578125,71.8544921875,75.95316314697266,67.75582885742188,67.25775146484375,71.62632751464844,62.88916778564453,86.27540588378906,90.40186309814453,82.1489486694336,93.40647888183594
AUT,2000,18.7738232657774,-2.40409836979065,72.7543373999117,15.896396805553787,4.896046551250088,2.344868,48.10715019899048,84.07974243164062,81.29856872558594,79.00761413574219,83.58950805664062,76.74053955078125,73.56912231445312,76.14443969726562,70.99380493164062,70.31027221679688,75.57864379882812,65.04190826416016,86.34223175048828,90.49775695800781,82.18669891357422,94.20010375976562
AUT,2001,18.6099902143,-0.712024142432191,73.8305225440329,15.900224799498618,4.898543805811965,2.65,47.66788898614319,84.65506744384766,81.47564697265625,78.54312896728516,84.40816497802734,77.2431411743164,74.04838562011719,76.69408416748047,71.40267944335938,70.7227783203125,75.40775299072266,66.03781127929688,86.95824432373047,91.41476440429688,82.50172424316406,95.24644470214844
AUT,2002,18.8878060767981,-1.42447686079628,77.5892184227472,15.90514460414117,4.899730764680981,1.810359,47.21889278867767,82.91851043701172,80.19137573242188,78.50204467773438,81.8807144165039,74.01885986328125,74.31057739257812,76.63671875,71.98444366455078,60.49380874633789,77.45661163330078,43.531002044677734,87.25220489501953,91.6416015625,82.86280822753906,94.54530334472656
AUT,2003,19.1429736973158,-1.83812426715179,75.5495440558131,15.910015943089439,4.892823343021826,1.355554,46.85243014431327,84.52887725830078,80.94171142578125,79.40288543701172,82.48056030273438,77.77166748046875,75.06192016601562,77.03021240234375,73.09363555908203,69.31743621826172,74.93755340576172,63.69731521606445,88.93560028076172,93.03990936279297,84.83130645751953,94.87328338623047
AUT,2004,18.8531198236372,-4.94720844371835,74.8418046387366,15.916220074362782,4.886014725699828,2.061207,46.97685410670003,85.37396240234375,82.0208740234375,79.86113739013672,84.18060302734375,79.22541046142578,76.13088989257812,78.65097045898438,73.61080932617188,70.09132385253906,76.45960998535156,63.72303771972656,91.45405578613281,93.52043914794922,89.38766479492188,94.8756103515625
AUT,2005,18.4203373920163,-2.58892233621784,82.2380164954525,15.923032746845779,4.880524520668088,2.299138,47.550402302035245,85.7619857788086,82.9034194946289,79.53046417236328,86.27638244628906,79.33921813964844,76.39300537109375,78.99250030517578,73.79351806640625,71.04167938232422,75.48479461669922,66.59855651855469,90.58295440673828,93.40353393554688,87.76239013671875,95.04327392578125
AUT,2006,18.056120332666,-2.60538168732634,79.6334439869578,15.927980724596765,4.883227369949593,1.441547,48.03186412773866,85.8441162109375,82.91610717773438,77.89879608154297,87.93342590332031,79.39181518554688,76.49124145507812,78.80912017822266,74.17337799072266,74.16802978515625,80.78187561035156,67.55418395996094,87.51615142822266,90.34013366699219,84.69216918945312,95.22444152832031
AUT,2007,17.4493778919433,-1.36900886249765,76.2734521106621,15.931222189949619,4.8977821714247485,2.168556,48.21579739348475,86.24797821044922,83.73035430908203,79.11325073242188,88.34746551513672,79.43486022949219,76.90592193603516,79.2634506225586,74.54840087890625,74.81369018554688,78.7522964477539,70.87508392333984,86.5849609375,90.23960876464844,82.93030548095703,95.57864379882812
AUT,2008,17.649854454942,-1.57288874164149,81.8296794445671,15.934352604326234,4.912477921549402,3.215951,48.21324695763252,86.41999053955078,82.85968780517578,78.73877716064453,86.98060607910156,80.6405029296875,79.14524841308594,80.91802215576172,77.37248229980469,76.40398406982422,81.2611312866211,71.54684448242188,86.37226867675781,90.42964172363281,82.31488800048828,95.7597885131836
AUT,2009,19.1019009824568,-5.38508807217291,94.363973561181,15.936972136225297,4.915473754577749,0.5063094,48.25400046413096,85.8776626586914,80.94313049316406,76.42838287353516,85.45785522460938,81.15230560302734,80.39781188964844,80.76861572265625,80.02700805664062,76.1562728881836,80.49687194824219,71.81568145751953,86.90288543701172,89.40797424316406,84.39778900146484,95.53758239746094
AUT,2010,19.2407357322792,-4.46968191760048,99.2716815254395,15.939376079220304,4.90717236207244,1.813532,48.1046425720335,85.59162139892578,80.21533966064453,77.56968688964844,82.8609848022461,81.50315856933594,81.66795349121094,82.12361907958984,81.2123031616211,76.100830078125,79.67112731933594,72.53053283691406,86.74067687988281,89.29031372070312,84.1910400390625,95.05631256103516
AUT,2011,18.5621956942377,-2.48132756436739,99.9161366506341,15.94274688763862,4.918035472616822,3.286583,47.88951520593416,85.97676086425781,80.41494750976562,77.87054443359375,82.95933532714844,82.31976318359375,82.07191467285156,82.6438980102539,81.49992370605469,77.39283752441406,81.57857513427734,73.20710754394531,87.49457550048828,89.05266571044922,85.9365005493164,95.19554138183594
AUT,2012,18.7201112972589,-2.17745962185693,106.236889753136,15.94730626236181,4.912103689737798,2.485675,48.01622947699478,86.1938705444336,80.2418212890625,77.8036880493164,82.679931640625,82.8291244506836,82.05992126464844,82.64743041992188,81.47240447998047,78.35237884521484,82.81844329833984,73.88630676269531,88.07508087158203,88.92267608642578,87.22746276855469,95.51071166992188
AUT,2013,19.1415121550169,-1.99395652680129,103.164386632163,15.95320013490874,4.892609391450073,2.000158,48.30924802668503,85.94315338134766,79.6229019165039,78.29071044921875,80.9551010131836,82.78789520263672,82.50611114501953,83.25062561035156,81.76158905029297,78.55952453613281,82.97403717041016,74.14500427246094,87.29804992675781,88.06656646728516,86.52953338623047,95.41863250732422
AUT,2014,19.2199450340263,-1.9231100943987,110.581968073295,15.961015551233999,4.876720589922009,1.605806,48.56450700836818,86.63880920410156,82.35602569580078,79.95382690429688,84.75822448730469,82.82747650146484,82.10610961914062,82.77696990966797,81.43525695800781,78.24397277832031,82.06343841552734,74.42449188232422,88.13237762451172,87.85237884521484,88.41236877441406,94.73291015625
AUT,2015,19.0188074999961,-0.477214050387815,109.450481300125,15.972225476257695,4.860110228224796,0.8965653,48.73269070129312,86.18748474121094,80.99104309082031,79.30230712890625,82.67976379394531,82.46559143066406,81.98145294189453,82.60111236572266,81.3617935180664,78.06929016113281,81.0542984008789,75.08430480957031,87.34599304199219,86.68157196044922,88.01042175292969,95.10580444335938
AUT,2016,18.7778969699739,-1.45176183194029,108.793021631284,15.983039439244974,4.855956094627094,0.8915924,48.95586275353253,86.27755737304688,81.26527404785156,78.92438507080078,83.60617065429688,82.45436096191406,80.97853088378906,82.61221313476562,79.3448486328125,78.18479919433594,80.53256225585938,75.83704376220703,88.19978332519531,86.63703155517578,89.76252746582031,95.1130599975586
AUT,2017,18.3485121751326,-0.774900860132276,102.22869928916,15.989985650281024,4.850896621589898,2.081269,49.310934569969916,86.50047302246094,81.77888488769531,79.96607208251953,83.59168243408203,82.72683715820312,81.21809387207031,83.24258422851562,79.19361114501953,78.57368469238281,80.60973358154297,76.53763580322266,88.38868713378906,85.85246276855469,90.92491149902344,94.99571990966797
AUT,2018,17.9923370645155,0.195213513444656,97.0080652384555,15.994856369528714,4.853204168374087,1.998382,49.68389606251271,86.91394805908203,81.90045928955078,80.5255355834961,83.2753677368164,83.52828216552734,81.34833526611328,83.62663269042969,79.07003784179688,80.54005432128906,78.77225494384766,82.30785369873047,88.69641876220703,87.2547607421875,90.13807678222656,95.3130874633789
AUT,2019,17.9421570155642,0.53643150905677,95.307226335114,15.999303105918763,4.855058027177346,1.530896,50.06709987107293,87.0770263671875,82.37791442871094,80.7679443359375,83.98790740966797,83.54076385498047,81.20333099365234,83.81880950927734,78.58785247802734,81.1817855834961,79.77814483642578,82.58541870117188,88.23715209960938,86.64179992675781,89.83250427246094,95.31241607666016
AUT,2020,20.32294412024,-8.22204896993194,113.303339889711,16.003454873234418,4.829811519066976,1.381909,50.51840768440516,86.69593811035156,81.57064819335938,79.48558807373047,83.65568542480469,83.2034683227539,80.37741088867188,82.2398452758789,78.51495361328125,80.60746002197266,78.40606689453125,82.8088607788086,88.62552642822266,86.39021301269531,90.86083984375,95.3136978149414
AUT,2021,19.4350217370597,-5.69640404382381,106.56166561374,16.007811590074983,4.816476100126434,2.766667,51.11109498802946,87.0820083618164,82.62202453613281,81.13658142089844,84.1074447631836,83.3065414428711,80.20777893066406,81.97572326660156,78.43984985351562,80.8426742553711,78.27753448486328,83.40780639648438,88.86917877197266,86.71784973144531,91.02050018310547,95.31752014160156
AUT,2022,18.2175722472499,-3.30558942570457,85.1013422257052,16.017374468045748,4.83151059789385,8.54687,51.827798714194486,86.85772705078125,83.45040893554688,82.7343521118164,84.16646575927734,83.80316925048828,80.83997344970703,83.57965087890625,78.10029602050781,81.71822357177734,79.44094848632812,83.9955062866211,88.85135650634766,86.59638977050781,91.10633087158203,93.319580078125
AUT,2023,18.5220649499225,-2.61605148050676,86.9764430474205,16.02726911458544,4.804302644424604,7.814134,52.59408376651893,86.77849578857422,83.08207702636719,82.24868774414062,83.91546630859375,84.05655670166016,80.87014770507812,84.11082458496094,77.62947082519531,82.13375854492188,80.13355255126953,84.13396453857422,89.1657485961914,86.78706359863281,91.54444122314453,93.19683074951172
BEL,1980,17.29007,-10.501382,84.6802831936835,16.10391984735594,4.903295368847349,6.64869,,77.07405090332031,75.38939666748047,80.85786437988281,70.6872787475586,65.24596405029297,66.89591979980469,73.41800689697266,60.373817443847656,57.36342239379883,86.9990463256836,27.727792739868164,71.96076202392578,67.66122436523438,75.64277648925781,90.18561553955078
BEL,1981,18.54692,-16.205621,98.7928377198081,16.103893475812537,4.886350165574742,7.627487,,77.45679473876953,76.35739135742188,80.98279571533203,72.36851501464844,65.30841827392578,66.59382629394531,73.43766021728516,59.749996185302734,57.184959411621094,86.60981750488281,27.76010513305664,72.67172241210938,67.99909973144531,76.67772674560547,90.34005737304688
BEL,1982,18.75918,-12.606818,109.777353051263,16.103621706977695,4.89845662460084,8.726549,,77.57512664794922,76.7185287475586,80.79383087158203,73.19353485107422,65.4540786743164,66.58633422851562,73.45995330810547,59.71271514892578,57.01811218261719,86.23401641845703,27.802215576171875,73.31571197509766,68.15010833740234,77.74811553955078,90.20822143554688
BEL,1983,19.36579,-14.667787,121.415747701431,16.10354226227079,4.879989015524736,7.66161,,78.04124450683594,77.18635559082031,80.61589813232422,74.21212768554688,66.103271484375,66.55213928222656,73.49925994873047,59.605010986328125,56.50075149536133,85.45841217041016,27.543100357055664,75.95596313476562,68.63029479980469,82.24212646484375,90.49503326416016
BEL,1984,18.68449,-10.30359,125.85732775196,16.10352724519292,4.865055495769409,6.341776,,79.26660919189453,77.55543518066406,80.67872619628906,74.84170532226562,68.71468353271484,66.41690063476562,73.52057647705078,59.31321334838867,56.18342208862305,85.07750701904297,27.289339065551758,84.67839813232422,86.30072784423828,83.28670501708984,91.16747283935547
BEL,1985,17.82813141,-10.147856,131.036547994684,16.103825109419358,4.852678100902916,4.86873,,79.4207992553711,78.72584533691406,80.85218811035156,76.87520599365234,68.76793670654297,66.56278228759766,73.54113006591797,59.58443832397461,55.437286376953125,83.52194213867188,27.35262680053711,85.49182891845703,87.20315551757812,84.02364349365234,90.4712905883789
BEL,1986,17.59099718,-10.068159,136.814311847361,16.10418159792719,4.848668996183239,1.294371,,79.1110610961914,78.45690155029297,80.28495025634766,76.86286163330078,68.81495666503906,66.73805236816406,73.56132507324219,59.91478729248047,55.272254943847656,83.13459777832031,27.409923553466797,85.62472534179688,87.0907211303711,84.36630249023438,89.77650451660156
BEL,1987,17.22194577,-7.8768966,141.900375184003,16.105034119335315,4.8418788655099725,1.55338,,78.73765563964844,78.43289184570312,80.11274719238281,76.96820831298828,68.7923812866211,66.71327209472656,73.58013916015625,59.84640121459961,54.73503112792969,80.40434265136719,29.065719604492188,86.15953063964844,87.05937194824219,85.3872299194336,88.73323822021484
BEL,1988,16.54183437,-7.362053,142.106409421776,16.108213381788904,4.848370755767715,1.160936,,78.02603149414062,78.39166259765625,80.01446533203125,76.97624206542969,68.83963012695312,66.74790954589844,73.59457397460938,59.90125274658203,54.51177978515625,79.24475860595703,29.778799057006836,86.51126098632812,87.01082611083984,86.08247375488281,86.65320587158203
BEL,1989,15.91923858,-7.5496861,138.639903124834,16.111845861647605,4.849822868476431,3.107053,,77.95852661132812,79.03852081298828,80.3546371459961,77.89006042480469,68.5820541381836,66.24561309814453,73.60391235351562,58.88729476928711,54.17008972167969,78.47543334960938,29.864748001098633,86.60678100585938,86.79644775390625,86.4439697265625,86.10245513916016
BEL,1990,15.7779987,-6.7219031,142.921635556947,16.11482821871074,4.856200844010026,3.44831,49.36504661130165,77.90280151367188,80.05115509033203,80.04873657226562,80.05326080322266,68.79827880859375,66.58380126953125,73.62158966064453,59.54600524902344,54.0140266418457,78.08338165283203,29.944669723510742,87.087158203125,87.01921844482422,87.14552307128906,84.78189849853516
BEL,1991,16.26293307,-7.2857935,144.729275507304,16.118544150367423,4.864446094080982,3.215311,49.90799027413519,80.37091827392578,80.80520629882812,80.36046600341797,81.19300079345703,69.76731872558594,66.59695434570312,73.76948547363281,59.42441940307617,56.386573791503906,77.2884750366211,35.484683990478516,87.56163024902344,87.25932312011719,87.82170104980469,90.32107543945312
BEL,1992,16.37327256,-7.9709152,155.208483505171,16.122601285325985,4.861166642006556,2.427956,50.34506230877891,82.0363998413086,81.1866683959961,80.85340118408203,81.47711944580078,70.43151092529297,66.59298706054688,73.76080322265625,59.425167083740234,57.92445755004883,76.5181884765625,39.33072280883789,87.98712158203125,87.72389221191406,88.21404266357422,94.16983795166016
BEL,1993,16.6912687,-7.3689503,159.888680806907,16.126507670504253,4.840895201705564,2.754426,50.66828642900225,82.77788543701172,82.03387451171875,81.63114166259766,82.38488006591797,70.35686492919922,66.00069427490234,73.7623062133789,58.23906707763672,61.13444519042969,78.46499633789062,43.803890228271484,84.92453002929688,88.17733764648438,82.11341857910156,95.61399841308594
BEL,1994,16.34872105,-5.0263357,156.563237614277,16.12958964124112,4.846828311885222,2.377545,50.92766123792109,83.01895904541016,82.3923110961914,81.62960052490234,83.05699157714844,70.53717803955078,65.96601104736328,73.78253173828125,58.149471282958984,61.84730529785156,76.15304565429688,47.54156494140625,84.75074768066406,88.89222717285156,81.16432189941406,95.80831909179688
BEL,1995,15.6472710463392,-4.5083095,153.603317305863,16.131684009621324,4.849925871550885,1.467961,51.21895623399413,82.9345474243164,82.21097564697266,81.01903533935547,83.24852752685547,70.8432388305664,66.20660400390625,73.81400299072266,58.59920883178711,62.26104736328125,74.23011016845703,50.2919807434082,85.00318908691406,89.3691635131836,81.21755981445312,95.43466186523438
BEL,1996,15.8239110053755,-4.0025275,151.035551803466,16.133637941383707,4.836491718272876,2.077025,51.52584520032201,83.23706817626953,82.90003967285156,81.0602798461914,84.49829864501953,70.5505142211914,66.32554626464844,74.00289916992188,58.64818572998047,63.23400115966797,73.08811950683594,53.379878997802734,82.90286254882812,90.04785919189453,76.69591522216797,95.96098327636719
BEL,1997,15.596727375765,-2.1512574,145.145731584176,16.13605786023354,4.841924355183588,1.62816,51.821991544638635,83.83961486816406,84.58941650390625,83.15460205078125,85.83364868164062,70.60971069335938,66.79442596435547,74.034912109375,59.55393600463867,63.146095275878906,71.92692565917969,54.365257263183594,82.67366027832031,90.28874206542969,76.04965209960938,96.08252716064453
BEL,1998,15.3247861998643,-1.0248736,139.49247669413,16.13819313674025,4.837371678014597,0.9492503,52.087780651521896,83.26864624023438,85.79393005371094,83.64382934570312,87.65560913085938,70.93258666992188,67.26576232910156,74.06537628173828,60.466148376464844,63.5811882019043,71.15855407714844,56.003822326660156,82.71002960205078,90.31507110595703,76.08546447753906,92.98373413085938
BEL,1999,14.9777390391387,-0.6483495,128.040928142576,16.140485027770545,4.844380784233399,1.120848,52.292249721034864,83.8281478881836,86.4423599243164,84.10684967041016,88.46316528320312,71.66326904296875,68.2429428100586,74.25347137451172,62.23241424560547,64.74311065673828,71.16343688964844,58.32278060913086,82.71174621582031,90.33984375,76.06128692626953,93.29509735107422
BEL,2000,14.5222415167699,-0.0792975,121.712177875967,16.142910207332758,4.844953328253424,2.544518,52.46580014185771,85.0098648071289,87.35137176513672,85.0706787109375,89.32305145263672,73.55579376220703,70.07068634033203,74.70668029785156,65.43470001220703,67.65510559082031,73.02151489257812,62.288692474365234,83.58389282226562,90.68057250976562,77.39627838134766,94.03644561767578
BEL,2001,14.6745284107396,0.23284864,120.068413239573,16.146349718908994,4.84568338377005,2.469258,52.54945607401932,85.35235595703125,87.43230438232422,84.08067321777344,90.32633972167969,74.36768341064453,71.05870056152344,74.74546813964844,67.3719253540039,69.25756072998047,75.64083099365234,62.874298095703125,83.36546325683594,90.18292236328125,77.42491149902344,94.16358184814453
BEL,2002,15.1747501151851,-0.0436953,119.563090860984,16.15083240785721,4.849517414042734,1.645214,52.528065423250936,85.06722259521484,86.03060913085938,84.86103820800781,87.03883361816406,75.3990249633789,71.9017105102539,75.14149475097656,68.66192626953125,69.00914764404297,72.00701904296875,66.01128387451172,85.96845245361328,90.21895599365234,82.26665496826172,93.63047790527344
BEL,2003,15.4170942979415,-1.8641523,115.770614672394,16.1550188229379,4.841869110688723,1.588964,52.4831390432658,85.56907653808594,86.43738555908203,83.85389709472656,88.66047668457031,76.45056915283203,72.70018768310547,75.7936782836914,69.60669708251953,71.07804870605469,73.61518859863281,68.5408935546875,86.20207977294922,91.39765167236328,81.67635345458984,93.6839370727539
BEL,2004,15.1689729488979,-0.2386971,111.470970424133,16.159346705419193,4.846778348285132,2.097283,52.46462460487149,85.56082153320312,86.13489532470703,83.40917205810547,88.47869873046875,76.3685073852539,71.54615783691406,73.5918197631836,69.50048828125,70.45584869384766,71.53031158447266,69.38139343261719,87.84468078613281,92.00592803955078,84.22090911865234,94.02142333984375
BEL,2005,15.0554642404663,-2.7149933,109.19498151192,16.164847262500082,4.842607382690437,2.781433,52.333422206224455,85.7540054321289,86.5190200805664,83.16645812988281,89.3995132446289,76.4350814819336,71.89181518554688,73.79842376708984,69.98519897460938,70.26078796386719,70.9873275756836,69.53424072265625,87.89553833007812,92.44166564941406,83.93879699707031,94.1604232788086
BEL,2006,14.8478786042814,0.2395807,101.350540086864,16.17144284464989,4.836919037274175,1.791208,51.96113191036562,86.56440734863281,86.03121948242188,81.02751159667969,90.32980346679688,77.32972717285156,72.00150299072266,73.98372650146484,70.019287109375,73.05345153808594,73.95296478271484,72.15394592285156,87.5958480834961,92.44854736328125,83.36869812011719,96.09637451171875
BEL,2007,14.7847222606207,0.06643988,95.0030397047427,16.17878615295755,4.846473509969161,1.823056,51.56263260856697,87.46548461914062,86.84815216064453,82.72631072998047,90.38561248779297,77.97004699707031,72.32128143310547,73.74677276611328,70.89579010009766,73.7887191772461,74.76805114746094,72.80937957763672,88.47827911376953,92.44293975830078,85.02531433105469,97.3302001953125
BEL,2008,15.3711046499562,-1.0953452,102.950563337437,16.18668592141235,4.846471875912966,4.489444,51.41736768654744,87.3707046508789,86.04369354248047,83.01121520996094,88.64315795898438,78.48680114746094,72.91917419433594,74.36669158935547,71.47166442871094,74.02790832519531,75.6454086303711,72.41041564941406,89.20053100585938,93.5079116821289,85.4457015991211,97.29696655273438
BEL,2009,16.7360250581693,-5.4476844,111.011894405767,16.194731917138547,4.8610867006283325,-0.05314567,51.49443799682292,87.7059097290039,86.24361419677734,83.92417907714844,88.23040008544922,79.06668853759766,73.74134826660156,76.24655151367188,71.23613739013672,75.13453674316406,77.03482055664062,73.2342529296875,89.0163345336914,93.28316497802734,85.3431625366211,97.50227355957031
BEL,2010,16.4349481227962,-4.1331353,109.431222786767,16.203868311054865,4.854807256067728,2.189299,51.647369724239326,87.40895080566406,85.59821319580078,83.43804168701172,87.44832611083984,79.41673278808594,75.2056655883789,76.85189056396484,73.5594482421875,74.49713897705078,75.37548828125,73.61878967285156,89.28129577636719,93.01986694335938,86.09901428222656,96.88375091552734
BEL,2011,16.4163313930677,-4.4415061,111.713594409331,16.216878340071904,4.846214156547357,3.532082,52.04180595119655,87.27303314208984,85.33013916015625,82.48446655273438,87.76667785644531,79.64610290527344,75.34730529785156,77.1110610961914,73.58354187011719,74.70516967773438,75.44979095458984,73.9605484008789,89.6746826171875,93.39056396484375,86.54339599609375,96.50323486328125
BEL,2012,16.8651492814903,-4.348512,121.325093121271,16.22307997586528,4.834471880953418,2.839664,52.604514878996945,87.21614074707031,84.95744323730469,82.71991729736328,86.87252807617188,79.7364501953125,76.06090545654297,78.66236877441406,73.45945739746094,74.86682891845703,76.19084930419922,73.54279327392578,89.05692291259766,93.17787170410156,85.62152099609375,96.58441925048828
BEL,2013,17.2914043337794,-3.1635549,118.888707559396,16.227793377304945,4.821850366650982,1.113096,53.160278656696626,87.55046081542969,84.62843322753906,83.73123168945312,85.395751953125,80.87151336669922,76.6429443359375,79.22071838378906,74.0651626586914,76.08159637451172,78.29534912109375,73.86783599853516,90.74920654296875,93.26373291015625,88.67210388183594,96.74627685546875
BEL,2014,17.0969949251565,-3.1751664,130.955384789002,16.232232670189696,4.81932867626629,0.3400028,53.752711645518744,88.38793182373047,87.46160888671875,86.03888702392578,88.67758178710938,81.20684051513672,77.25249481201172,80.10977172851562,74.39523315429688,76.5040283203125,78.79696655273438,74.21107482910156,90.73558807373047,93.6748046875,88.33405303955078,96.2090835571289
BEL,2015,17.0198152756186,-2.4753693,127.704517998354,16.238027132606476,4.808570230658461,0.5614291,54.218586066947275,87.75202941894531,87.5020751953125,86.399169921875,88.44535827636719,80.6630859375,75.84725189208984,77.79664611816406,73.89785766601562,76.5864028930664,78.72711181640625,74.44570922851562,90.50373840332031,93.45524597167969,88.1209945678711,94.84516143798828
BEL,2016,17.0039659987896,-2.4308518,129.13278522435,16.24309013263099,4.802970698230479,1.973853,54.653292541651524,87.88739013671875,87.65373992919922,86.12537384033203,88.9628677368164,80.48558807373047,75.19315338134766,77.06462097167969,73.32167053222656,76.39689636230469,78.73421478271484,74.0595932006836,90.94255828857422,93.95121765136719,88.55297088623047,95.25228118896484
BEL,2017,16.9495443465961,-0.7633392,122.976582918947,16.24694241281471,4.792529249877289,2.125971,55.17678243807919,88.08268737792969,87.71626281738281,86.09664916992188,89.10533905029297,80.70411682128906,73.74383544921875,75.57806396484375,71.90960693359375,77.93242645263672,81.84248352050781,74.02237701416016,91.68321990966797,94.310791015625,89.65261840820312,95.52224731445312
BEL,2018,16.84970221449,-1.0483321,120.592532880891,16.251494259767462,4.789183843704799,2.053165,55.65472683725719,88.57161712646484,87.47293853759766,85.71785736083984,88.98039245605469,81.25130462646484,74.4638442993164,76.15501403808594,72.77266693115234,78.1688461303711,82.35718536376953,73.98049926757812,92.37964630126953,94.27689361572266,90.9114990234375,96.63714599609375
BEL,2019,16.6983317582479,-2.0480138,122.241591840566,16.256898873038445,4.796880513349484,1.43682,56.056338487317156,88.78568267822266,87.97205352783203,86.12910461425781,89.5572509765625,82.05039978027344,75.08397674560547,76.05558013916016,74.11236572265625,79.12468719482422,83.07966613769531,75.1697006225586,93.21033477783203,94.3919448852539,92.29718780517578,96.02266693115234
BEL,2020,19.7399293456897,-9.0346975,139.417640069779,16.26120884118944,4.7878797924810215,0.7407918,56.30961718475892,88.72518157958984,87.79904174804688,85.8685073852539,89.46121978759766,81.831298828125,73.6558837890625,75.05652618408203,72.25523376464844,79.82275390625,83.77928161621094,75.86624145507812,93.32410430908203,94.01270294189453,92.7923355102539,96.21917724609375
BEL,2021,17.8980726575382,-5.3960185,129.093691572579,16.265324861154763,4.786915101556447,2.440248,56.579843760663664,88.97364807128906,87.82938385009766,86.02567291259766,89.3843994140625,82.40840148925781,73.66860961914062,73.71003723144531,73.62716674804688,81.27458953857422,86.42427825927734,76.1249008178711,93.56743621826172,94.53530883789062,92.82254028320312,96.35220336914062
BEL,2022,16.8461677144413,-3.6128172,101.761993215787,16.27340651465478,4.791996813030336,9.597511,56.9781655092647,88.48350524902344,88.075927734375,86.60987854003906,89.34071350097656,82.2489013671875,72.91960906982422,74.05718231201172,71.78204345703125,81.54973602294922,86.31037139892578,76.78909301757812,93.59912109375,94.5763931274414,92.84945678710938,94.85572814941406
BEL,2023,17.2139114429386,-4.18753,104.78880065334,16.28190915213646,4.789733968780118,4.049011,57.32180721100703,88.54667663574219,88.3343734741211,86.5148696899414,89.90403747558594,82.19198608398438,72.75760650634766,74.19110107421875,71.3240966796875,81.50800323486328,86.0241928100586,76.99181365966797,93.64873504638672,94.70298767089844,92.84081268310547,94.85160064697266
BGR,1980,,,,15.997230558139451,,,,50.5532341003418,47.829307556152344,58.13067626953125,37.52794647216797,43.81687927246094,47.147125244140625,34.48444366455078,59.80980682373047,43.26419448852539,56.760398864746094,29.767986297607422,41.03932571411133,34.284793853759766,47.79384994506836,60.01350784301758
BGR,1981,,,,16.00056324639134,,,,51.38152313232422,48.229949951171875,59.31418991088867,37.145694732666016,44.4245719909668,47.7560920715332,34.72355270385742,60.78862762451172,43.665122985839844,57.538848876953125,29.791399002075195,41.85248947143555,34.16380310058594,49.541175842285156,61.49004364013672
BGR,1982,,,,16.003521374224302,,,,51.53570556640625,47.812923431396484,59.211761474609375,36.41408157348633,44.79303741455078,48.142303466796875,35.71428680419922,60.5703239440918,42.91371154785156,56.01026153564453,29.817163467407227,43.32307815551758,34.062400817871094,52.5837516784668,62.00114822387695
BGR,1983,,,,16.006016840232558,,,,51.91633605957031,48.465824127197266,60.5251579284668,36.406494140625,44.89786911010742,48.846736907958984,36.536224365234375,61.15724563598633,42.93100357055664,56.0135498046875,29.848461151123047,42.915870666503906,34.04008865356445,51.791664123535156,62.385318756103516
BGR,1984,,,,16.00835656332986,,,,52.29261016845703,48.309532165527344,61.119964599609375,35.49909973144531,42.03569412231445,40.28810501098633,35.936546325683594,44.63966369628906,42.95692443847656,56.03139877319336,29.882448196411133,42.86205291748047,34.0145149230957,51.70958709716797,66.53257751464844
BGR,1985,,,,16.008341832194834,,,,52.22019958496094,48.97658157348633,60.30939865112305,37.64376449584961,40.74277877807617,40.53546142578125,35.722816467285156,45.348106384277344,39.2786865234375,48.64042282104492,29.916950225830078,42.4141960144043,33.94386291503906,50.884525299072266,66.94123840332031
BGR,1986,,,,16.008076634649573,,,,51.646080017089844,47.115211486816406,57.387298583984375,36.8431282043457,40.26988220214844,40.078636169433594,34.79563522338867,45.361637115478516,38.55511474609375,47.47724914550781,29.63298797607422,42.17589569091797,33.84819030761719,50.50359344482422,67.55316162109375
BGR,1987,,,,16.009547727575974,,,,51.30141067504883,45.42190933227539,55.07840347290039,35.765411376953125,42.84007263183594,41.2935676574707,36.80895233154297,45.7781867980957,39.91930389404297,50.17567443847656,29.66292953491211,47.307342529296875,45.82224655151367,48.79243469238281,65.64225769042969
BGR,1988,,,,16.010671451814215,,,,50.402286529541016,48.19039535522461,58.634971618652344,37.74583435058594,42.93379211425781,42.14509582519531,38.090003967285156,46.20018005371094,39.16484069824219,48.632896423339844,29.69678497314453,47.49142074584961,45.90947341918945,49.0733642578125,60.08266830444336
BGR,1989,,,,15.998971065826714,,,,49.59091567993164,49.143489837646484,58.955589294433594,39.331390380859375,42.721866607666016,42.15462875366211,37.68560028076172,46.623653411865234,39.386627197265625,49.03907775878906,29.734174728393555,46.624351501464844,46.49164581298828,46.757049560546875,56.90743637084961
BGR,1990,,,,15.980933561036034,,,50.34785975241195,48.313514709472656,44.59365463256836,47.14826965332031,42.03902816772461,43.266136169433594,43.28329849243164,39.517112731933594,47.04948425292969,40.37324905395508,50.971900939941406,29.77459144592285,46.141868591308594,46.89933776855469,45.384403228759766,57.08076477050781
BGR,1991,,,,15.97102930123504,,,50.29612234337796,50.01115417480469,46.89292526245117,56.793880462646484,36.991966247558594,45.254173278808594,42.424068450927734,37.37913513183594,47.468997955322266,40.377559661865234,50.937225341796875,29.81789779663086,52.960899353027344,47.230377197265625,58.6914176940918,57.88637161254883
BGR,1992,,,,15.960290769327436,,,50.09096673598135,56.3746223449707,53.15864562988281,63.42638397216797,42.89090347290039,46.82900619506836,44.60527420043945,40.230899810791016,48.979644775390625,40.59202194213867,51.32729721069336,29.85674476623535,55.28973388671875,47.50316619873047,63.07630920410156,69.13623046875
BGR,1993,,,,15.95231411081227,,,49.858601817127614,56.90718078613281,50.68352127075195,59.649898529052734,41.71714782714844,46.5124397277832,46.72005081176758,43.905277252197266,49.53481674194336,36.99493408203125,45.10896301269531,28.88090705871582,55.822330474853516,47.586483001708984,64.05818176269531,73.52558898925781
BGR,1994,,,,15.948918250017421,,,49.57394863575345,56.7850456237793,54.38407516479492,64.56224822998047,44.20589828491211,51.166290283203125,47.0179328918457,44.6129264831543,49.42293930053711,44.28708267211914,54.42013168334961,34.154029846191406,62.193851470947266,47.62327194213867,76.76444244384766,64.80481719970703
BGR,1995,7.0,-5.5,,15.944464265012698,3.5879632976444675,,49.246918056176476,58.84654998779297,50.29939651489258,54.3070182800293,46.291770935058594,50.38258361816406,45.85130310058594,41.84801483154297,49.854591369628906,45.710201263427734,52.029632568359375,39.390769958496094,59.586238861083984,47.50373458862305,71.66873931884766,75.85765075683594
BGR,1996,7.4,-8.100000381469727,,15.93930696621633,3.6192544185676705,121.6075,48.89386616719798,62.68941879272461,58.26625061035156,60.08427047729492,56.44822311401367,50.92076873779297,48.51362609863281,42.50653076171875,54.52071762084961,48.33539581298828,52.68744659423828,43.983341217041016,55.9133186340332,47.25648880004883,64.57014465332031,78.8812026977539
BGR,1997,8.0,1.5,96.2,15.933218992670952,3.4437447987843424,1058.374,48.49109132198865,64.33631134033203,61.61592102050781,62.87359619140625,60.35825729370117,51.43857955932617,48.928810119628906,42.31852340698242,55.539093017578125,50.44186782836914,54.045555114746094,46.83818435668945,54.945037841796875,46.295047760009766,63.59503173828125,79.95442962646484
BGR,1998,8.9,1.3,67.5,15.926545965660289,3.465756965077915,18.6722,48.12023074849028,64.57398986816406,60.31132507324219,61.682071685791016,58.94058609008789,52.24435043334961,49.88996887207031,43.76877975463867,56.011165618896484,51.70976257324219,53.839900970458984,49.57963180541992,55.13329315185547,46.976444244384766,63.290130615234375,81.16629791259766
BGR,1999,10.9,0.2,75.3,15.920939483412495,3.3582118678654416,2.573043,47.87736439494921,66.64869689941406,62.156856536865234,64.65994262695312,59.65376281738281,54.67853927612305,50.94747543334961,44.696651458740234,57.198299407958984,57.59226608276367,60.8289909362793,54.35554122924805,55.49589157104492,47.70034408569336,63.291439056396484,83.1106948852539
BGR,2000,12.1,0.1,70.7,15.916000519246161,3.374503755879579,10.31626,47.618211331347304,68.53022766113281,65.84105682373047,69.04226684570312,62.639835357666016,56.108768463134766,49.75264358520508,45.91688537597656,53.588401794433594,62.6598014831543,64.17882537841797,61.14078140258789,55.913841247558594,47.910736083984375,63.91694641113281,83.64083862304688
BGR,2001,11.5,0.7,64.5,15.896094197202334,3.4372141857244074,7.36094,47.120104747510446,68.75501251220703,63.678035736083984,68.94059753417969,58.41547775268555,58.273921966552734,51.94049835205078,48.2974739074707,55.583518981933594,64.86971282958984,66.67696380615234,63.062461853027344,58.01155471801758,51.4137077331543,64.60940551757812,84.31310272216797
BGR,2002,11.6,-1.1,51.0,15.874387209399332,3.4912912528811586,5.810143,46.54618475397501,67.65766143798828,58.13864517211914,67.39134979248047,48.88594055175781,60.77385711669922,52.92927551269531,48.98310470581055,56.87544250488281,66.67747497558594,66.15984344482422,67.19510650634766,62.7148323059082,53.303428649902344,72.1262435913086,84.06048583984375
BGR,2003,11.0,0.0,43.4,15.866466073022977,3.5343238506495,2.348642,45.945805421785344,70.21398162841797,63.55382537841797,68.66785430908203,58.4398078918457,62.06478500366211,54.299686431884766,50.46669387817383,58.1326789855957,67.61530303955078,67.29041290283203,67.940185546875,64.27936553955078,55.76274108886719,72.7959976196289,85.02336120605469
BGR,2004,10.8,1.8,35.7,15.858918103510241,3.5769778700134234,6.147131,45.366050487033135,70.80964660644531,66.39900207519531,72.89202117919922,59.90599060058594,61.85090255737305,56.94163131713867,51.83305358886719,62.050201416015625,64.4615478515625,59.01585006713867,69.9072494506836,64.14954376220703,54.5124397277832,73.7866439819336,84.17904663085938
BGR,2005,10.2,1.6,26.6,15.851388329055306,3.6288593495401282,5.038838,44.94247509436719,71.20092010498047,65.18636322021484,70.53898620605469,59.8337516784668,64.54803466796875,57.94084548950195,52.19628143310547,63.68540573120117,62.51216506958008,54.71476745605469,70.30956268310547,73.1910629272461,70.8904800415039,75.49165344238281,83.86831665039062
BGR,2006,9.8,2.7,20.9,15.843793269899995,3.675676781125158,7.261595,44.7386390684655,74.03113555908203,71.01001739501953,72.85660552978516,69.1634292602539,66.01570892333984,59.060611724853516,52.82931137084961,65.29191589355469,65.56646728515625,58.8271484375,72.3057861328125,73.42005157470703,72.8486328125,73.99147033691406,85.06768798828125
BGR,2007,9.1,0.0,16.3,15.836440447060081,3.7259964656532225,8.402534,44.77511936934992,77.00430297851562,77.07530212402344,81.9124755859375,72.23814392089844,68.11166381835938,62.3344612121582,55.68625259399414,68.98267364501953,66.7411117553711,59.211734771728516,74.27049255371094,75.25941467285156,75.38670349121094,75.13212585449219,85.82588195800781
BGR,2008,9.6,1.4,13.0,15.829421219614622,3.793687814862293,12.34872,45.037343545324546,77.52423095703125,75.44701385498047,81.18618774414062,69.70785522460938,69.9931411743164,65.45281219482422,57.61915588378906,73.28646087646484,67.85368347167969,60.14789581298828,75.55947875976562,76.67292785644531,74.6614990234375,78.68433380126953,87.13257598876953
BGR,2009,11.3,-4.4,13.7,15.82297840598915,3.806582753258115,2.753202,45.51204918186594,76.03758239746094,72.6709976196289,76.65143585205078,68.69053649902344,70.80445861816406,65.9749984741211,57.99150466918945,73.95848083496094,69.4059829711914,61.94514846801758,76.8668212890625,77.03240966796875,73.08004760742188,80.98477172851562,84.63729858398438
BGR,2010,11.8,-3.7,15.3,15.816395651522791,3.8048573058502515,2.438991,46.2076375688598,75.84419250488281,72.67109680175781,78.45792388916016,66.88426208496094,71.1067886352539,67.59800720214844,60.38904571533203,74.80696105957031,68.97459411621094,61.23761749267578,76.71156311035156,76.74776458740234,73.3260498046875,80.16947937011719,83.75467681884766
BGR,2011,11.0,-1.7,15.2,15.809983362317642,3.835826737378517,4.219903,47.13337982604677,76.01216125488281,72.34691619873047,78.57465362548828,66.11917114257812,71.90074920654297,68.70082092285156,61.577369689941406,75.82426452636719,69.63583374023438,63.01411819458008,76.25756072998047,77.36559295654297,74.9212417602539,79.80995178222656,83.78880310058594
BGR,2012,11.0,-0.8,16.6,15.804191156353998,3.8470041556178924,2.954568,48.1663471826867,76.5558853149414,72.94912719726562,79.53564453125,66.36261749267578,71.80902099609375,69.62430572509766,62.073951721191406,77.17465209960938,69.87261199951172,62.902610778808594,76.84260559082031,75.93013763427734,73.28128814697266,78.5789794921875,84.90953063964844
BGR,2013,11.8,-0.7,17.0,15.784021237260607,3.8451481892774964,0.8900936,49.30865543460264,77.34637451171875,74.6744613647461,80.28326416015625,69.06564331054688,72.23506164550781,70.31315612792969,63.90056228637695,76.72575378417969,70.76598358154297,64.52946472167969,77.00250244140625,75.62606048583984,72.30809783935547,78.94403076171875,85.12957000732422
BGR,2014,12.2,-5.4,27.0,15.771876143665825,3.851163681071225,-1.418184,50.557921808575514,77.70714569091797,76.27094268798828,83.34949493408203,69.19239044189453,72.23444366455078,69.57388305664062,64.12126159667969,75.0265121459961,71.84213256835938,66.09400939941406,77.59025573730469,75.28730010986328,70.52592468261719,80.04866790771484,84.61603546142578
BGR,2015,11.9,-1.9,25.9,15.75916459247748,3.8776848412096996,-0.1046333,51.78454073188033,77.7805404663086,76.17503356933594,82.97975158691406,69.37029266357422,71.85554504394531,69.93428039550781,65.05047607421875,74.8180923461914,71.53654479980469,65.32623291015625,77.74686431884766,74.09579467773438,69.04454040527344,79.14705657958984,85.3110122680664
BGR,2016,11.5,0.3,29.1,15.746182188315798,3.908081347290365,-0.7986535,52.907489963847674,78.16407775878906,76.67100524902344,83.00787353515625,70.33413696289062,72.30911254882812,70.36954498291016,66.44342803955078,74.295654296875,72.54606628417969,66.71739196777344,78.37474060058594,74.01173400878906,68.5177230834961,79.5057373046875,85.51215362548828
BGR,2017,11.1,1.6,25.1,15.732943040140535,3.927188958769713,2.061594,53.943631950915204,78.41710662841797,77.0888900756836,83.48001098632812,70.69775390625,72.51387023925781,70.56661987304688,67.90525817871094,73.22798919677734,74.28750610351562,69.17877197265625,79.39622497558594,72.6875,64.0494613647461,81.32555389404297,85.64856719970703
BGR,2018,10.9,1.7,22.1,15.719228428851277,3.946538995631141,2.814551,54.97149880009533,78.15167999267578,75.34526062011719,82.81204986572266,67.87844848632812,73.33516693115234,71.27640533447266,69.82777404785156,72.72503662109375,74.77086639404297,69.92332458496094,79.61840057373047,73.95820617675781,65.87535858154297,82.04105377197266,85.77461242675781
BGR,2019,10.6,2.2,20.1,15.705111243643566,3.986851310936634,3.103729,55.92467609590106,78.07801055908203,75.1302719116211,83.52059173583984,66.73994445800781,73.47753143310547,70.90599822998047,69.55428314208984,72.25772094726562,76.02587127685547,66.68421173095703,85.36752319335938,73.50074005126953,65.5638656616211,81.4376220703125,85.62625122070312
BGR,2020,11.7,-3.8,24.4,15.695081861508275,4.0094793714354715,1.672439,56.53995048605868,77.41707611083984,74.02206420898438,80.3316421508789,67.71247100830078,72.96913146972656,69.51607513427734,67.22425842285156,71.80787658691406,76.2767105102539,66.6589584350586,85.89445495605469,73.1146011352539,64.0344467163086,82.19475555419922,85.26004791259766
BGR,2021,11.6,-3.9,23.8,15.688435335283392,4.033980179457213,3.297195,56.706635004095084,77.70967102050781,74.1355209350586,81.74317169189453,66.5278549194336,73.48229217529297,69.50309753417969,67.25698852539062,71.74920654296875,76.6371078491211,66.45040130615234,86.82381439208984,74.30670928955078,65.90927124023438,82.70414733886719,85.5112533569336
BGR,2022,12.0,-2.9,22.5,15.681928573942514,4.054867322835445,15.33337,56.82959074512962,77.75489044189453,74.93903350830078,83.93634796142578,65.94171905517578,74.14018249511719,70.01490020751953,68.03721618652344,71.99256896972656,76.94640350341797,66.5669174194336,87.32588195800781,75.45929718017578,67.7554931640625,83.16310119628906,84.1854019165039
BGR,2023,12.4,-2.0,22.9,15.679062797523901,4.063657665587945,9.459093,57.160145180510234,77.58260345458984,74.23786163330078,83.28153228759766,65.1941909790039,74.3281478881836,70.16524505615234,68.40583038330078,71.9246597290039,77.39131164550781,66.966064453125,87.81655883789062,75.4278793334961,67.67013549804688,83.18562316894531,84.1817626953125
CAN,1980,7.90355927351379,-4.13985203775676,46.5927802276565,17.014822940529285,4.836855948507299,10.12922,,66.9688491821289,49.49392318725586,42.16853713989258,56.819297790527344,72.03160858154297,62.426979064941406,51.428733825683594,70.66458129882812,68.40889739990234,84.83024597167969,51.987518310546875,84.05353546142578,81.80183410644531,86.30523681640625,79.59281921386719
CAN,1981,6.90713925040314,-2.89229499562925,48.1470034985793,17.027156913077338,4.844664610221245,12.47161,,67.13643646240234,50.272003173828125,41.879493713378906,58.66449737548828,72.51116943359375,63.17012405395508,51.96405792236328,71.56045532226562,68.41846466064453,84.83024597167969,52.00669479370117,84.77135467529297,81.83946228027344,87.70323944091797,78.85118865966797
CAN,1982,8.45301547473988,-6.89832835713237,54.029441864458,17.039053156485096,4.807580538278527,10.76897,,66.1758041381836,49.05552673339844,39.7002067565918,58.41083908081055,71.1208724975586,62.807212829589844,51.66713333129883,71.14761352539062,68.43889617919922,84.84002685546875,52.03776550292969,81.07182312011719,82.2761001586914,79.8675537109375,78.55813598632812
CAN,1983,9.03502359274274,-7.99803472927684,59.7812880776308,17.04893803215657,4.801921128336572,5.863588,,65.78314971923828,48.34626770019531,39.359153747558594,57.3333740234375,70.73748779296875,62.99678039550781,51.86027145385742,71.33456420898438,68.46041107177734,84.83999633789062,52.08083724975586,79.7825698852539,82.69044494628906,76.87470245361328,78.47319793701172
CAN,1984,8.95546618295792,-7.93985099115558,62.917796808295,17.058378379316984,4.810595712032733,4.304778,,66.54070281982422,49.586360931396484,40.836544036865234,58.336177825927734,71.24895477294922,63.4787712097168,52.073246002197266,72.01727294921875,69.11956024169922,84.8468246459961,53.39229965209961,80.17192840576172,83.33617401123047,77.00767517089844,78.9840316772461
CAN,1985,8.94651688808804,-8.75732710433637,68.0936497547615,17.067516122070884,4.819189267651871,3.962031,,66.51126861572266,49.61198806762695,40.76534652709961,58.4586296081543,71.64717864990234,63.44453430175781,51.998043060302734,72.0124282836914,69.14865112304688,84.84380340576172,53.4535026550293,81.31693267822266,84.45262145996094,78.18123626708984,78.48992156982422
CAN,1986,9.06461842280159,-7.32164897556159,72.4376239896048,17.077456523577194,4.80837205713872,4.194786,,66.54704284667969,49.6645622253418,40.85728454589844,58.47183609008789,71.83504486083984,63.952293395996094,53.643192291259766,71.66679382324219,68.69927978515625,84.8449935913086,52.553565979003906,81.86163330078125,84.72113800048828,79.00212860107422,78.36336517333984
CAN,1987,8.89914614441721,-5.74576554490751,72.8944637430838,17.090638201394643,4.806623704055567,4.356109,,66.15547180175781,49.282283782958984,40.198394775390625,58.366172790527344,72.3412094116211,64.02198028564453,53.33784866333008,72.01090240478516,69.20198822021484,84.83450317382812,53.56947708129883,82.7503662109375,85.38533020019531,80.11539459228516,77.10298919677734
CAN,1988,8.66494176048901,-4.51096995664339,72.8775575441671,17.10360445029424,4.800600940543701,4.028234,,65.74456024169922,49.536800384521484,40.57746505737305,58.49614334106445,72.39850616455078,63.840721130371094,54.467777252197266,70.8425521850586,68.95034790039062,85.22650909423828,52.67417526245117,83.3219985961914,86.05921173095703,80.58478546142578,75.57891845703125
CAN,1989,8.6225149982355,-4.71828332928814,74.1756399075447,17.121546385443438,4.776740268932843,4.983622,,67.35858917236328,52.875,47.57866287231445,58.17133712768555,72.13369750976562,63.829891204833984,54.6783561706543,70.66021728515625,69.47151947021484,85.23330688476562,53.709720611572266,82.0466079711914,85.99702453613281,78.09618377685547,77.26893615722656
CAN,1990,9.339310798978,-5.91142212592074,77.6919084228491,17.13662299217192,4.741990083049896,4.780477,46.960460875388755,68.50785827636719,54.52666473388672,47.803794860839844,61.24952697753906,73.31585693359375,64.12230682373047,55.758758544921875,70.36016082763672,68.46601104736328,84.4515380859375,52.4804801940918,86.19094848632812,86.70166015625,85.68024444580078,77.88475799560547
CAN,1991,10.6900664459875,-8.35939826696097,87.8332452231705,17.149050604485087,4.702315635200235,5.625864,47.31176982277036,71.22066497802734,55.6470832824707,48.096588134765625,63.19757080078125,72.76466369628906,64.46086120605469,55.99387741088867,70.76778411865234,68.17871856689453,84.05084228515625,52.30659866333008,84.59520721435547,86.67323303222656,82.51718139648438,85.31587219238281
CAN,1992,11.5731951071494,-9.19914926312156,92.6263438914531,17.16088735989898,4.684963268661746,1.490133,47.6541983447229,72.31643676757812,56.92936706542969,49.02473449707031,64.83399963378906,73.23171997070312,64.3439712524414,55.72349166870117,70.75840759277344,69.26313018798828,84.43692779541016,54.08933639526367,84.9508285522461,87.00332641601562,82.8983383178711,86.82725524902344
CAN,1993,11.9077100598766,-8.93476494470823,104.027377492681,17.17187666868777,4.693472083231462,1.865079,47.87339706058158,73.36080932617188,59.246337890625,51.06228256225586,67.43041229248047,73.19377899169922,62.071834564208984,55.67595291137695,66.82635498046875,70.27477264404297,84.42572021484375,56.12382507324219,85.80762481689453,88.0129165649414,83.60234832763672,87.63518524169922
CAN,1994,11.2473673311683,-6.9359775345593,102.043001520256,17.18282924975838,4.703622569350569,0.1655629,47.922853568598065,73.13154602050781,57.58930969238281,45.069068908691406,70.10955047607422,73.3791732788086,62.030818939208984,55.206722259521484,67.1024398803711,70.87226104736328,84.42230224609375,57.32221221923828,85.77727508544922,88.27978515625,83.2747573852539,88.436767578125
CAN,1995,10.6186592209672,-5.48964011250317,104.13710091496,17.193176944597063,4.701348388951287,2.14876,47.865955398364626,74.47953033447266,60.02366638183594,46.691619873046875,73.355712890625,74.19304656982422,62.43195343017578,55.5827751159668,67.52218627929688,71.96449279785156,84.3812484741211,59.54774475097656,86.67249298095703,89.0276870727539,84.31730651855469,89.20960235595703
CAN,1996,10.2930333064289,-3.05256596040631,110.629842504483,17.203630062428246,4.683033283112318,1.570531,47.74662852260347,75.17779541015625,61.70216751098633,48.28600311279297,75.11833190917969,74.67013549804688,63.43828582763672,57.011722564697266,68.21805572509766,72.36402130126953,84.31736755371094,60.410667419433594,86.76903533935547,89.5245590209961,84.01351165771484,89.13941955566406
CAN,1997,9.75393802801993,0.0387021653365324,104.777126248448,17.2135679483429,4.6855742560546805,1.621216,47.569932511283895,77.73311614990234,67.49732208251953,57.189552307128906,77.80512237548828,75.8053207397461,63.79413604736328,56.907386779785156,68.92095184326172,73.56732177734375,84.23287200927734,62.901763916015625,88.51973724365234,89.77511596679688,87.26435089111328,89.81455993652344
CAN,1998,9.65798662056588,0.142682776423957,102.20392792287,17.221867041876138,4.693613579652236,0.9959425,47.31209364530392,78.78964233398438,69.11279296875,58.98519515991211,79.24039459228516,77.4968490600586,64.60523223876953,57.29963302612305,70.05135345458984,75.90581512451172,84.51525115966797,67.29638671875,90.33888244628906,89.89713287353516,90.7806167602539,89.70445251464844
CAN,1999,9.18727249096413,1.65557624708932,92.9983024564279,17.229995468113298,4.710161965671164,1.734843,46.94434428376846,79.36062622070312,70.24283599853516,60.900081634521484,79.58558654785156,78.26213836669922,65.0575180053711,57.782928466796875,70.48898315429688,77.12763214111328,84.77920532226562,69.47605895996094,90.92850494384766,90.13694763183594,91.72006225585938,89.53053283691406
CAN,2000,8.66825004904748,2.63970396113812,85.1467039638504,17.239308283647823,4.717459563544706,2.71944,46.505468173977995,80.1095199584961,70.86145782470703,62.27602005004883,79.4468994140625,79.35989379882812,65.57218933105469,58.22646713256836,71.06869506835938,79.39002227783203,87.11775207519531,71.66228485107422,91.38200378417969,90.3584976196289,92.40550994873047,90.07567596435547
CAN,2001,8.95685002660451,0.529468967089921,85.8129401866072,17.250170278195487,4.71841625181077,2.52512,46.049099393418594,79.83663177490234,69.74241638183594,60.73066329956055,78.75415802001953,79.37472534179688,66.0860595703125,59.24850845336914,71.21336364746094,79.85968017578125,87.62141418457031,72.09795379638672,90.51651763916016,90.27611541748047,90.75692749023438,90.37348937988281
CAN,2002,8.80083170393753,-0.233895789038062,84.0375339073498,17.26101821102844,4.728510250496939,2.258394,45.61621329307487,78.24095153808594,66.16993713378906,59.728004455566406,72.61185455322266,79.18218231201172,65.64507293701172,60.18057632446289,69.7527847290039,80.23324584960938,88.15811157226562,72.30839538574219,89.98760986328125,90.52357482910156,89.45164489746094,89.40968322753906
CAN,2003,8.64070605468672,-0.126957864812588,80.5489871663371,17.270010479128427,4.723628033907456,2.758563,45.22497565238304,78.9633560180664,67.78839874267578,59.47789764404297,76.09893035888672,79.37026977539062,66.31179809570312,61.473960876464844,69.95738983154297,80.56170654296875,89.00483703613281,72.11856842041016,89.62821960449219,91.03707122802734,88.21936798095703,89.74811553955078
CAN,2004,8.41673959801786,0.767669538252837,79.9345826367734,17.279332348769906,4.71890887651718,1.857259,44.82396633247537,79.0999984741211,68.16154479980469,59.51102066040039,76.81207275390625,79.6800537109375,67.38251495361328,62.73283004760742,70.894775390625,80.79396057128906,88.95386505126953,72.6340560913086,89.35956573486328,91.84088134765625,86.87823486328125,89.48202514648438
CAN,2005,8.22726665212896,1.55312009791853,77.8082288142151,17.28880321146661,4.719417538476866,2.213552,44.41245304921606,79.40288543701172,67.89173889160156,58.81806182861328,76.96542358398438,80.18280792236328,67.7407455444336,64.24011993408203,70.39036560058594,81.43079376220703,89.26701354980469,73.59456634521484,89.86454772949219,92.15209197998047,87.57701110839844,90.16568756103516
CAN,2006,8.44091022073975,1.82760436294437,75.2711472106182,17.298938805381106,4.7110291673912235,2.002025,44.10567014026627,79.4774169921875,67.71331024169922,57.16038513183594,78.26622772216797,80.61153411865234,68.24601745605469,64.9225845336914,70.7663345336914,81.98114776611328,90.20336151123047,73.7589340209961,90.11331939697266,92.1720199584961,88.05461120605469,90.15312194824219
CAN,2007,8.51044679433668,1.81965580691923,71.3253988024043,17.308645347114272,4.702398815299894,2.138384,43.97283413237536,79.79021453857422,68.2010498046875,57.00096130371094,79.40113067626953,81.17545318603516,69.0235366821289,66.89063262939453,70.6437759399414,82.22190856933594,90.82763671875,73.61616516113281,90.82051849365234,92.16752624511719,89.47350311279297,90.04963684082031
CAN,2008,8.61577957334791,0.184425128889388,74.2430633882927,17.319484058606214,4.7049065104914956,2.370271,43.97981018151202,79.97606658935547,67.37244415283203,58.69602966308594,76.04885864257812,82.26863098144531,70.03401947021484,67.25019836425781,72.15229797363281,83.41658782958984,92.1280746459961,74.70510864257812,91.8928451538086,92.18994140625,91.59574127197266,90.37844848632812
CAN,2009,9.78487068949059,-3.88135176862462,86.6159581603911,17.330931135453866,4.705782665541169,0.2994668,44.068329630746305,80.19348907470703,67.44525146484375,56.812652587890625,78.07783508300781,82.52091979980469,70.25489044189453,66.75615692138672,72.92066192626953,83.40629577636719,91.4145736694336,75.39801025390625,92.44149017333984,91.60382080078125,93.2791748046875,90.7066879272461
CAN,2010,9.70062087046712,-4.73755858174554,89.5657267977873,17.342044655751035,4.701224425275128,1.776872,44.24260347324262,80.295654296875,67.19805145263672,57.3143310546875,77.081787109375,83.09029388427734,70.65689086914062,67.93515014648438,72.73380279541016,83.89586639404297,92.06879425048828,75.72293853759766,93.24528503417969,91.58550262451172,94.90506744384766,90.70893859863281
CAN,2011,9.26038139570015,-3.30873255346625,92.5796885454462,17.351798728260746,4.707651717344855,2.912135,44.61663929248263,80.49774169921875,67.04480743408203,57.509063720703125,76.58052825927734,83.53960418701172,71.12263488769531,68.85477447509766,72.85626983642578,84.38743591308594,92.36060333251953,76.41426086425781,93.64630126953125,91.69011688232422,95.60249328613281,91.0282211303711
CAN,2012,9.17293718643981,-2.52451700716013,95.2032644465497,17.36263619348411,4.706516032635922,1.515678,45.23949935556537,79.88566589355469,67.34752655029297,57.971710205078125,76.72332763671875,81.58441925048828,71.95800018310547,69.41386413574219,73.90496826171875,84.67794036865234,92.6511001586914,76.70477294921875,86.98755645751953,77.68938446044922,96.28571319580078,90.79153442382812
CAN,2013,9.21441852714185,-1.49470599769641,92.1978586377059,17.373170003289644,4.708017869125093,0.9382919,45.98567191979671,79.80572509765625,67.13306427001953,57.632904052734375,76.63321685791016,81.49497985839844,71.58451080322266,70.30316925048828,72.5655746459961,84.47441101074219,91.55077362060547,77.39804077148438,87.26478576660156,78.1173095703125,96.41226959228516,90.85508728027344
CAN,2014,8.96256349948719,0.174896160104426,93.1636604979302,17.38318423175861,4.710753911732692,1.906636,46.765665033114374,80.6974105834961,69.1758804321289,58.977203369140625,79.37455749511719,81.9186019897461,71.98674774169922,70.5570068359375,73.081787109375,84.78396606445312,91.86885833740234,77.69906616210938,87.8226318359375,78.87174987792969,96.77350616455078,91.04542541503906
CAN,2015,9.6284190287479,-0.061845591002195,99.6592212479546,17.390787233211,4.690028075887971,1.125241,47.58596316023998,80.95567321777344,69.17122650146484,59.451393127441406,78.89105987548828,82.14382934570312,71.6399917602539,70.49897003173828,72.51398468017578,85.28155517578125,92.18161010742188,78.38150787353516,88.28083038330078,80.47864532470703,96.08302307128906,91.59828186035156
CAN,2016,9.97770959277426,-0.453312334765877,99.4562424248409,17.4021026306137,4.676641445067065,1.42876,48.38950826058361,81.43655395507812,70.271240234375,60.102840423583984,80.43964385986328,82.42487335205078,72.06742858886719,71.5351791381836,72.47504425048828,85.51720428466797,91.87227630615234,79.16213989257812,88.47745513916016,82.45442199707031,94.50048065185547,91.65216827392578
CAN,2017,9.98598083471259,-0.112162665295115,96.1484433868173,17.414056988158855,4.673353762083853,1.596884,49.09811431356911,81.57905578613281,70.51504516601562,59.896888732910156,81.13318634033203,82.718994140625,71.58329010009766,72.09654235839844,71.19017791748047,85.85948181152344,92.24734497070312,79.47161102294922,89.41100311279297,85.16267395019531,93.65933227539062,91.54765319824219
CAN,2018,9.91297930155322,0.35989130799423,95.2518143290057,17.42838924972679,4.668682934325585,2.268226,49.73347951005595,81.97888946533203,71.23697662353516,61.02928161621094,81.44467163085938,82.95582580566406,71.84624481201172,72.2704086303711,71.52127838134766,86.4325180053711,92.59620666503906,80.26883697509766,89.28946685791016,85.71610260009766,92.86283111572266,91.78191375732422
CAN,2019,10.0174492762894,-0.0172893498037443,96.698598654975,17.443006375720604,4.661934018657795,1.949269,50.41057291888031,82.42266845703125,72.1526870727539,61.88573455810547,82.41963958740234,82.97657012939453,71.74087524414062,72.48692321777344,71.16923522949219,86.46788024902344,92.61798095703125,80.3177719116211,89.4076919555664,86.03377532958984,92.7816162109375,92.16029357910156
CAN,2020,15.6128702780916,-10.9490674961394,128.842927827493,17.453850065431926,4.643826865104077,0.7169997,51.19835047545891,81.44538116455078,70.91838073730469,59.63984680175781,82.1968994140625,82.4565658569336,70.21188354492188,69.7031478881836,70.60166931152344,86.36054229736328,92.0162353515625,80.70486450195312,89.3658218383789,86.2270736694336,92.50456237792969,91.0006103515625
CAN,2021,12.3450105646383,-2.9190071363219,118.957079173326,17.459389089655794,4.638575425854773,3.395193,52.034248539825924,81.44507598876953,70.8724365234375,60.02014923095703,81.7247085571289,82.23344421386719,68.01506805419922,70.30026245117188,66.26367950439453,86.8793716430664,92.32479858398438,81.4339370727539,90.14523315429688,87.60623931884766,92.6842269897461,91.26006317138672
CAN,2022,10.0533508246403,0.108591758614206,102.01735406494,17.47742813540461,4.640775177985143,6.802801,52.64531693363046,81.68984985351562,72.27128601074219,62.48295974731445,82.05960845947266,83.10581970214844,70.4041976928711,72.52869415283203,68.77540588378906,87.19745635986328,92.67521667480469,81.71969604492188,90.23397064208984,87.69256591796875,92.77537536621094,89.74746704101562
CAN,2023,10.2261905167683,-0.572690118735609,103.70974434156,17.50647493711073,4.620320222435701,3.879002,53.051845510035115,82.11478424072266,73.29621887207031,63.00010299682617,83.59232330322266,83.47883605957031,71.52449035644531,73.32404327392578,70.14453125,87.31604766845703,92.6690902709961,81.9630126953125,90.2022705078125,87.60285949707031,92.80168914794922,89.62230682373047
CHE,1980,12.66659,,,15.659136090849573,5.313370729016563,4.022499,,74.84656524658203,69.62326049804688,57.70173263549805,81.54479217529297,76.00405883789062,72.298095703125,74.04972076416016,70.54647064208984,64.89395141601562,89.38826751708984,40.39960861206055,90.82013702392578,88.64730834960938,92.99296569824219,78.91238403320312
CHE,1981,12.42456,,,15.664606739950896,5.308961610053469,6.49031,,75.68201446533203,70.90666961669922,58.50434494018555,83.3089828491211,76.1922836303711,72.62185668945312,74.4649429321289,70.77877044677734,64.6958999633789,88.9990463256836,40.39275360107422,91.25912475585938,89.16064453125,93.35758972167969,79.94705200195312
CHE,1982,13.20798,,,15.670449656704752,5.296862859264989,5.655101,,75.53301239013672,70.15436553955078,57.484981536865234,82.8237533569336,76.30513000488281,73.16580200195312,74.66171264648438,71.66988372802734,64.66217803955078,88.62312316894531,40.70123291015625,91.08740997314453,89.14366912841797,93.03115844726562,80.13953399658203
CHE,1983,13.47706,,,15.674737535904777,5.279882727928527,2.949795,,75.38996124267578,70.19295501708984,58.38057327270508,82.00534057617188,76.5521240234375,73.40436553955078,74.83301544189453,71.97571563720703,64.46759033203125,88.23631286621094,40.698883056640625,91.78443145751953,89.4898910522461,94.0789794921875,79.42479705810547
CHE,1984,14.06463,,,15.678328652428922,5.2667583792694375,2.931457,,75.9955062866211,71.34355926513672,60.170204162597656,82.51691436767578,76.5916519165039,73.34950256347656,74.80755615234375,71.89143371582031,64.47116088867188,88.24435424804688,40.697967529296875,91.95426940917969,89.47083282470703,94.43770599365234,80.05128479003906
CHE,1985,13.74644,,,15.682743079105336,5.269956672138578,3.435399,,76.58216857910156,73.40544128417969,61.61174392700195,85.19914245605469,76.68155670166016,73.38255310058594,74.97162628173828,71.79347229003906,64.59278106689453,87.8546371459961,41.3309211730957,92.06934356689453,89.64991760253906,94.48876190185547,79.65950012207031
CHE,1986,13.64701,,,15.687946995218697,5.260456379747746,0.7503098,,76.21215057373047,72.29236602783203,60.137474060058594,84.44723510742188,76.97947692871094,74.21471405029297,76.28982543945312,72.13961029052734,64.71672821044922,87.46727752685547,41.966190338134766,92.00699615478516,89.83783721923828,94.1761474609375,79.36463165283203
CHE,1987,13.55596,,,15.694228152764127,5.240722744642005,1.440322,,75.62686157226562,72.45382690429688,60.39468765258789,84.51296997070312,77.23326110839844,74.51200103759766,76.93612670898438,72.08788299560547,64.840087890625,87.06832122802734,42.61185073852539,92.34770202636719,89.83202362060547,94.86338806152344,77.1935043334961
CHE,1988,13.75135,,,15.70157758332536,5.228849210702795,1.872469,,74.5120620727539,72.50165557861328,61.40414810180664,83.59916687011719,77.38009643554688,74.79484558105469,77.15290832519531,72.43678283691406,64.9732437133789,86.68507385253906,43.26140594482422,92.3721694946289,89.82574462890625,94.91859436035156,73.65443420410156
CHE,1989,13.40233,,,15.709662943880868,5.234531911118626,3.15527,,77.28199768066406,74.25189208984375,63.16293716430664,85.3408432006836,77.36592864990234,74.7706298828125,77.14811706542969,72.39313507080078,65.11199188232422,86.30438995361328,43.919586181640625,92.21519470214844,89.82020568847656,94.61017608642578,80.22816467285156
CHE,1990,7.524785062,0.147762453305283,32.4558807612802,15.71993167460282,5.238083593340332,5.403959,46.35606998395983,76.26240539550781,73.32335662841797,61.90791702270508,84.7387924194336,77.59687805175781,75.28947448730469,77.81083679199219,72.76811981201172,65.14578247070312,84.74589538574219,45.5456657409668,92.35540771484375,90.0806884765625,94.630126953125,77.86697387695312
CHE,1991,8.090128593,-1.52453996664749,34.747100801942,15.732429934846984,5.210512483906962,5.859597,46.5639164074309,79.26323699951172,73.436767578125,61.743553161621094,85.12997436523438,77.74281311035156,75.60221862792969,78.03044128417969,73.17398834228516,65.1861801147461,83.95216369628906,46.420204162597656,92.44005584716797,90.23866271972656,94.6414566040039,86.61012268066406
CHE,1992,9.12074339,-2.81791490865485,40.1738441140824,15.743455145569893,5.186577999205886,4.03703,46.867592257336845,79.73186492919922,73.28264617919922,61.91367721557617,84.65160369873047,78.23627471923828,76.05853271484375,78.68404388427734,73.43301391601562,65.88108825683594,83.95560455322266,47.80657958984375,92.76919555664062,90.23868560791016,95.2997055053711,87.67667388916016
CHE,1993,10.26281937,-3.29784650997234,44.8362148921633,15.752562301227778,5.172015934655588,3.292622,47.28518846922869,80.73174285888672,74.1584701538086,62.657588958740234,85.65936279296875,76.79877471923828,74.94685363769531,78.08464050292969,71.8090591430664,66.22252655029297,83.5678939819336,48.87716293334961,89.22693634033203,90.24519348144531,88.20870208740234,91.23798370361328
CHE,1994,10.12433994,-2.52251509825766,47.5874728755611,15.760533885338026,5.154932957706552,0.852117,47.61939337500034,81.02140045166016,74.2058334350586,62.42266845703125,85.98899841308594,77.49243927001953,75.17761993408203,78.54279327392578,71.81243896484375,66.94450378417969,83.96383666992188,49.925174713134766,90.35517883300781,90.52316284179688,90.18720245361328,91.36597442626953
CHE,1995,9.59328408197471,-1.85783142444236,49.7328525434607,15.76721630860037,5.132419723857106,1.799828,47.89566474820174,81.13829040527344,74.1636734008789,62.25030517578125,86.0770492553711,77.71553802490234,75.62212371826172,79.01226806640625,72.23197937011719,67.32019805908203,83.56442260742188,51.07597732543945,90.20426940917969,90.52549743652344,89.88304138183594,91.53559875488281
CHE,1996,10.0771824276553,-2.01382532934755,52.2599115110088,15.771632672667433,5.107980916133357,0.8116341,48.15583760418214,81.57830810546875,75.25959777832031,63.588279724121094,86.9309310913086,77.82095336914062,75.9420166015625,79.21708679199219,72.66693878173828,66.9752197265625,82.38668060302734,51.563743591308594,90.545654296875,90.2337417602539,90.85757446289062,91.6543197631836
CHE,1997,10.3571518009659,-2.33269202773538,54.4842133834604,15.77404158476899,5.09798711423965,0.5202254,48.362683606200214,82.67033386230469,78.04727935791016,66.98418426513672,89.11041259765625,78.17721557617188,76.18953704833984,78.84432983398438,73.53474426269531,68.19505310058594,81.57444763183594,54.81565475463867,90.14704895019531,90.40829467773438,89.88580322265625,91.78650665283203
CHE,1998,9.98716053110556,-1.30609263712649,57.447027002545,15.77701294242639,5.102662727944919,0.01793844,48.48666857408981,83.2983627319336,78.99267578125,67.56156158447266,90.42378997802734,78.79277801513672,77.10892486572266,79.11517333984375,75.10266876220703,69.46444702148438,80.38407897949219,58.5448112487793,89.80496978759766,90.39313507080078,89.21678924560547,92.10963439941406
CHE,1999,9.82314207771791,-1.57224762906567,54.5160383634653,15.781782141739246,5.0884181209307915,0.8064444,48.56944518676124,84.2774887084961,79.90879821777344,68.8436279296875,90.97396850585938,80.82083129882812,78.62672424316406,79.71890258789062,77.53455352783203,74.38663482666016,80.34074401855469,68.4325180053711,89.44915008544922,90.37153625488281,88.52676391601562,92.10282135009766
CHE,2000,9.19938848720925,0.281892803748444,53.8394901888496,15.787401687913247,5.088512767032308,1.558529,48.603170531924576,85.87602233886719,84.6385269165039,77.0558090209961,92.22125244140625,80.89498138427734,79.91304016113281,79.5556640625,80.27042388916016,72.23371124267578,81.39456176757812,63.0728645324707,90.5382308959961,90.61756134033203,90.45889282226562,92.09452819824219
CHE,2001,9.39657381110765,0.207435172788659,51.982252985136,15.793729400293433,5.092452107113842,0.9890203,48.27152493083598,86.1532974243164,83.81266021728516,75.05023193359375,92.5750732421875,82.06925201416016,80.80091857910156,80.28424072265625,81.31758880615234,74.22534942626953,83.74726104736328,64.70345306396484,91.1814956665039,90.3048095703125,92.05817413330078,92.57794952392578
CHE,2002,9.91366119298252,-1.74530380756073,57.9722492810988,15.801294091751814,5.07598885175131,0.6427115,47.79988776159036,85.21817016601562,81.17591857910156,75.4207763671875,86.93107604980469,82.28113555908203,81.05117797851562,80.2967529296875,81.80560302734375,74.28618621826172,82.91951751708984,65.65286254882812,91.50607299804688,90.26132202148438,92.75082397460938,92.19744110107422
CHE,2003,10.3986509691906,-1.35880081912619,57.0335929419668,15.808713287785537,5.054613735392884,0.6382729,47.50521463724254,85.56133270263672,81.54299926757812,74.27338409423828,88.81263732910156,82.71651458740234,81.70343017578125,81.13436126708984,82.27249145507812,74.3375015258789,81.8741455078125,66.80084991455078,92.10858154296875,91.45270538330078,92.76446533203125,92.42450714111328
CHE,2004,10.3146207396289,-1.39284663216635,58.3265452919858,15.815587547387867,5.048755530151805,0.8029087,47.25534196358524,85.24375915527344,80.95055389404297,72.93663787841797,88.96448516845703,82.53750610351562,81.78104400634766,82.08196258544922,81.4801254272461,74.64179992675781,82.64073944091797,66.64286041259766,91.1897201538086,92.24419403076172,90.13523864746094,92.24323272705078
CHE,2005,10.1940235641985,-0.645934297772823,55.7096896827263,15.8219935627903,5.048347337728487,1.171954,47.04255627499482,86.59213256835938,83.50045776367188,76.89093017578125,90.10999298095703,84.00950622558594,83.0058822631836,82.52271270751953,83.48905181884766,75.4642105102539,83.06793212890625,67.86048126220703,93.55836486816406,96.9460220336914,90.17071533203125,92.26641845703125
CHE,2006,9.5846910498364,0.846045529702679,49.4616008978337,15.828269147523763,5.057763080455644,1.059509,46.89011799989009,86.20507049560547,82.04176330566406,73.66064453125,90.42288208007812,83.74739074707031,82.91962432861328,82.7298583984375,83.10939025878906,74.93238067626953,83.03939056396484,66.82537841796875,93.39014434814453,97.12786102294922,89.65242004394531,92.82606506347656
CHE,2007,9.20725968098565,1.57488922271481,45.9319787586807,15.837206057301994,5.068049856238538,0.7323506,46.784752272737435,86.73087310791016,82.78234100341797,75.0002670288086,90.56440734863281,84.268798828125,83.56718444824219,83.43186950683594,83.70249938964844,75.75422668457031,83.43065643310547,68.07778930664062,93.4850082397461,97.49650573730469,89.47350311279297,93.14146423339844
CHE,2008,8.91793808493813,1.93464453232247,45.8790500533498,15.849912238040572,5.087380490952029,2.426041,46.71466430112469,84.94649505615234,82.84700012207031,75.19644927978516,90.49756622314453,78.84459686279297,83.28205871582031,82.39866638183594,84.16545867919922,77.30645751953125,86.61088562011719,68.00203704833984,75.94525146484375,62.53377151489258,89.35671997070312,93.1479263305664
CHE,2009,9.9207667655557,0.497848423795618,44.4070288591249,15.86240708435331,5.094788428532953,-0.4804819,46.804097561641434,85.22542572021484,83.35035705566406,75.98694610595703,90.71377563476562,78.89917755126953,82.01943969726562,83.06957244873047,80.96930694580078,77.73099517822266,86.4612808227539,69.0007095336914,76.94711303710938,63.62748718261719,90.26673126220703,93.42677307128906
CHE,2010,9.85009700231433,0.354221686864679,43.0868544568245,15.872822664929897,5.095149852738685,0.6882387,47.02579829820144,85.33236694335938,82.70472717285156,75.4017105102539,90.00772094726562,79.65355682373047,82.20743560791016,83.14459991455078,81.27027893066406,78.99451446533203,88.28902435302734,69.69999694824219,77.75872039794922,65.01541137695312,90.50203704833984,93.63876342773438
CHE,2011,9.70165819832448,0.683494885488491,43.3025874502051,15.883941454356219,5.089480706836646,0.2313492,47.32106799422736,84.7658920288086,80.66781616210938,72.2205810546875,89.11503601074219,80.2661361694336,82.94902801513672,83.60342407226562,82.29463195800781,79.28076934814453,87.85491180419922,70.70663452148438,78.56865692138672,66.38591003417969,90.75140380859375,93.36371612548828
CHE,2012,9.77402798504282,0.235190641936911,43.7800737776548,15.894559647644897,5.082627988722305,-0.692552,47.6553103474253,86.82247924804688,84.1223373413086,80.63555908203125,87.60908508300781,82.2595443725586,83.7824935913086,84.26847839355469,83.29650115966797,82.87348937988281,94.46794128417969,71.27901458740234,80.12263488769531,68.0931167602539,92.15214538574219,94.0855712890625
CHE,2013,9.91280832223812,-0.432233522057328,43.0001909980452,15.906058445223021,5.077837632869156,-0.2173232,47.99640754956131,86.7238998413086,84.1729965209961,81.35188293457031,86.99410247802734,81.86689758300781,83.8904800415039,84.51632690429688,83.2646255493164,80.32776641845703,88.44935607910156,72.20616149902344,81.38247680664062,70.0574722290039,92.70748901367188,94.13180541992188
CHE,2014,9.9217663654317,-0.247055664442963,43.037280744405,15.918259484957348,5.073274118201497,-0.01320254,48.352481328327045,87.3239517211914,85.37496185302734,80.41861724853516,90.33131408691406,82.29885864257812,83.84347534179688,84.74600219726562,82.94095611572266,80.21379852294922,88.37699127197266,72.05059051513672,82.83932495117188,71.71851348876953,93.96012115478516,94.29805755615234
CHE,2015,10.0338412680318,0.545731524152988,42.9999012369312,15.929642856482122,5.05769908004309,-1.143909,48.693882944249815,87.53791046142578,85.36392211914062,80.56604766845703,90.16178131103516,82.55844116210938,83.71410369873047,84.96326446533203,82.46493530273438,80.3917236328125,87.68010711669922,73.10335540771484,83.5694808959961,74.55970001220703,92.57926940917969,94.6913833618164
CHE,2016,10.1474469875537,0.238364642212447,41.7564931086789,15.940563168220848,5.055026903553579,-0.4346187,49.06411866827884,88.04266357421875,86.39219665527344,82.36642456054688,90.41796112060547,82.83882904052734,83.76473236083984,85.45812225341797,82.07133483886719,79.72369384765625,86.03594970703125,73.41145324707031,85.02809143066406,78.70331573486328,91.35286712646484,94.8969497680664
CHE,2017,10.1574961531295,1.12998222945733,42.5086871057681,15.949894727108234,5.038065645089411,0.5337878,49.541626421596824,88.40098571777344,86.20804595947266,81.8221435546875,90.59393310546875,83.73310089111328,83.9133071899414,84.92051696777344,82.90608215332031,79.61449432373047,85.56593322753906,73.66304779052734,87.67147827148438,83.74411010742188,91.59886169433594,95.26180267333984
CHE,2018,9.8882126071663,1.28979023674838,40.3231004502644,15.95726106685996,5.041692907833557,0.9363354,50.09373004688794,88.38261413574219,86.09101867675781,81.47978973388672,90.7022476196289,83.59566497802734,82.68816375732422,83.65128326416016,81.72503662109375,80.23197937011719,86.06354522705078,74.40040588378906,87.86685180664062,83.74708557128906,91.98661804199219,95.46113586425781
CHE,2019,9.97203724786271,1.34022521482396,40.1005512055941,15.964394203544403,5.034848507240228,0.3628862,50.6327775355631,88.43162536621094,86.37239837646484,81.93085479736328,90.81396484375,83.5223159790039,81.532958984375,83.2226791381836,79.8432388305664,80.50765991210938,86.21334075927734,74.8019790649414,88.52635955810547,84.04552459716797,93.00718688964844,95.40011596679688
CHE,2020,12.585312681449,-3.061601404063,43.9052267498838,15.971700965494877,5.050108981659069,-0.725875,51.06523590589297,88.516845703125,86.50289154052734,82.37265014648438,90.63312530517578,83.51952362060547,81.63709259033203,82.07666015625,81.19752502441406,80.50341033935547,85.46247100830078,75.54435729980469,88.41804504394531,84.33152770996094,92.50456237792969,95.52812957763672
CHE,2021,11.0924918368281,-0.312688029608293,41.3837109970542,15.979355975889842,5.039338325739828,0.5818142,51.53130324762185,88.55493927001953,86.59394073486328,82.58174896240234,90.60610961914062,83.4100112915039,81.24794006347656,80.89217376708984,81.60370635986328,80.12154388427734,84.44683074951172,75.79624938964844,88.86055755615234,85.03688049316406,92.6842269897461,95.66087341308594
CHE,2022,9.65548364405915,1.18542732079604,37.2419155397029,15.987655247728846,5.035203710356696,2.835028,52.18171462356773,88.15662384033203,86.97543334960938,83.36357879638672,90.5872573852539,83.63436126708984,81.28863525390625,81.87024688720703,80.70703125,80.50165557861328,84.97276306152344,76.0305404663086,89.11282348632812,85.45027160644531,92.77537536621094,93.86006927490234
CHE,2023,9.72034756374155,0.532956251751702,39.2457418840753,16.000305090273624,5.016237697950315,2.135401,52.95752190430336,88.68790435791016,87.0025863647461,83.57225799560547,90.43291473388672,85.2055892944336,81.44621276855469,82.16197967529297,80.7304458618164,80.83198547363281,85.01326751708984,76.65070343017578,93.33853912353516,93.87539672851562,92.80168914794922,93.85549926757812
CZE,1980,,,,16.14806145774092,,,,,,,,,,,,,,,,,,
CZE,1981,,,,16.14771183019455,,,,,,,,,,,,,,,,,,
CZE,1982,,,,16.149092835707307,,,,,,,,,,,,,,,,,,
CZE,1983,,,,16.14996789164123,,,,,,,,,,,,,,,,,,
CZE,1984,,,,16.150583460437936,,,,,,,,,,,,,,,,,,
CZE,1985,,,,16.151251664789715,,,,,,,,,,,,,,,,,,
CZE,1986,,,,16.15174578103024,,,,,,,,,,,,,,,,,,
CZE,1987,,,,16.152237913660777,,,,,,,,,,,,,,,,,,
CZE,1988,,,,16.153006706247055,,,,,,,,,,,,,,,,,,
CZE,1989,,,,16.153565878285413,,,,,,,,,,,,,,,,,,
CZE,1990,,,,16.150887570553305,4.4687745925967555,,51.468200029638844,,,,,,,,,,,,,,,
CZE,1991,,,,16.148486922135408,4.344422997348441,,50.422269185607135,,,,,,,,,,,,,,,
CZE,1992,,,,16.14950933378648,4.324079052169299,11.0865,49.45347807221071,,,,,,,,,,,,,,,
CZE,1993,,,,16.150548804211244,4.316726183341207,20.81303,48.50437619601241,64.82186889648438,59.068058013916016,70.16252899169922,47.97359848022461,63.261627197265625,45.94314193725586,45.66029357910156,46.225982666015625,60.53776168823242,77.54574584960938,43.52976989746094,83.30399322509766,78.67329406738281,87.93468475341797,72.13592529296875
CZE,1994,,,,16.1509100218671,4.322009662575956,10.03942,47.55542831195498,66.35567474365234,60.33985137939453,70.61192321777344,50.067771911621094,64.087646484375,47.30986022949219,47.947444915771484,46.67226791381836,62.425941467285156,78.71051025390625,46.14137268066406,82.52713775634766,78.99302673339844,86.06127166748047,74.63956451416016
CZE,1995,10.6388378636108,-12.2876328053699,17.9396351112932,16.150296881239864,4.364491666793497,8.990531,46.696164274087685,67.8289566040039,62.40581512451172,71.30282592773438,53.508811950683594,64.5822982788086,48.6306266784668,49.456748962402344,47.80449676513672,62.429100036621094,78.65823364257812,46.19995880126953,82.6871566772461,80.86031341552734,84.51398468017578,76.49869537353516
CZE,1996,10.895620671145,-2.97852117405184,16.5645406067316,16.149133068247515,4.3822139046377675,8.758775,46.00149295939711,67.94182586669922,62.35551834106445,69.41944122314453,55.291603088378906,65.25164031982422,49.870662689208984,50.91419219970703,48.827125549316406,64.46097564697266,78.95719909667969,49.96474838256836,81.42329406738281,81.16012573242188,81.68646240234375,76.21829986572266
CZE,1997,11.4397381386314,-3.1397321699085,16.9429800642307,16.148055440754774,4.347941492870702,8.596157,45.35000849886129,70.0046157836914,65.18950653076172,71.40638732910156,58.97264862060547,67.46483612060547,51.87492370605469,52.35834884643555,51.3914909362793,67.66346740722656,79.21404266357422,56.11289596557617,82.85611724853516,79.80965423583984,85.90257263183594,77.35948944091797
CZE,1998,11.4910248773102,-4.14262572745859,17.8154320446375,16.1471079932382,4.322995029270266,10.69837,44.70375881594051,70.64463806152344,67.41940307617188,71.78681182861328,63.052005767822266,67.55010223388672,52.755306243896484,52.783695220947266,52.72690963745117,66.55955505371094,79.0671615600586,54.05194091796875,83.33545684814453,81.3852767944336,85.2856216430664,76.96444702148438
CZE,1999,11.9715958584645,-3.08756424504938,23.6163607925936,16.146086233895247,4.312410926407223,2.135448,44.03073873753755,72.1297607421875,69.3896484375,72.74440002441406,66.03490447998047,66.99517059326172,53.96526336669922,53.43490982055664,54.49562072753906,66.71442413330078,79.28022766113281,54.148624420166016,80.30583953857422,77.9443588256836,82.66731262207031,80.00442504882812
CZE,2000,12.2112347376755,-3.54502881304259,24.1797154181015,16.14328209281446,4.319236251319353,3.775388,43.31247780626929,74.27704620361328,72.7619857788086,74.32402801513672,71.19994354248047,68.25060272216797,55.291141510009766,53.16630554199219,57.41598129272461,69.8451156616211,85.26622772216797,54.42399978637695,79.61553955078125,75.2442626953125,83.98680877685547,81.81854248046875
CZE,2001,12.0139343889081,-5.75491645896156,28.2164977640362,16.1395248957711,4.345946414007728,4.662675,42.58295726560616,75.91848754882812,74.18275451660156,73.64598083496094,74.7195053100586,68.97320556640625,56.829345703125,54.17941665649414,59.479278564453125,70.919921875,86.0802001953125,55.759647369384766,79.17036437988281,76.6210708618164,81.71965026855469,84.5995101928711
CZE,2002,12.2990268688902,-6.34645655312803,30.5104504461855,16.137595879595455,4.3546510570870645,1.902981,41.890508661556694,76.13951110839844,73.4415283203125,74.12508392333984,72.75800323486328,70.04435729980469,58.753238677978516,55.94361877441406,61.5628547668457,72.40336608886719,86.94071960449219,57.86602020263672,78.97647857666016,77.85553741455078,80.09741973876953,84.93263244628906
CZE,2003,12.1890923927987,-6.87651456524563,33.4769051747999,16.137309673688264,4.3732477881149565,0.1187392,41.232284481833,76.38963317871094,73.20604705810547,73.29035949707031,73.12175750732422,70.56621551513672,60.08819580078125,57.291324615478516,62.88507080078125,72.83061981201172,86.14278411865234,59.51845169067383,78.77982330322266,78.40542602539062,79.15422058105469,85.39664459228516
CZE,2004,11.6374012760637,-2.40885262503338,33.3047773852461,16.13761402217129,4.393154675220008,2.760108,40.702223671959125,78.12439727783203,77.25199890136719,77.90579223632812,76.59820556640625,71.72505187988281,61.7149543762207,58.74182891845703,64.68807220458984,69.2315673828125,78.85125732421875,59.61187744140625,84.22866821289062,83.53328704833984,84.92403411865234,85.39615631103516
CZE,2005,11.6925290703067,-3.06403904301513,32.9756602084007,16.13899728197176,4.430676622352381,1.857098,40.38467143450274,78.17488098144531,76.81755065917969,76.01612854003906,77.61896514892578,71.97235107421875,66.1097183227539,60.816898345947266,71.40253448486328,66.43380737304688,73.12777709960938,59.73982620239258,83.37350463867188,81.76370239257812,84.98330688476562,85.7347183227539
CZE,2006,11.8483326402761,-2.18476302972682,32.6506060937235,16.14170523826408,4.4673411373696394,2.533993,40.25001965627947,79.08251190185547,77.37739562988281,76.07184600830078,78.68294525146484,73.36102294921875,67.30731964111328,61.40605545043945,73.2085952758789,67.01695251464844,72.15336608886719,61.88054656982422,85.7587890625,83.78253173828125,87.73505401611328,86.50910186767578
CZE,2007,12.1048718971931,-0.677642414028523,31.2829535504948,16.147540660317933,4.496116503421536,2.853124,40.36862815758022,80.24436950683594,78.5149917602539,76.86441802978516,80.16556549072266,74.18785858154297,68.16926574707031,62.68372344970703,73.6548080444336,67.51254272460938,72.58154296875,62.44353485107422,86.88175964355469,85.16370391845703,88.59980773925781,88.03023529052734
CZE,2008,12.204239982326,-2.00066486378349,33.6803086038877,16.155834786347864,4.515032928520669,6.358664,40.826349268902334,78.75617980957031,76.42150115966797,76.27265930175781,76.57035827636719,72.14906311035156,70.18570709228516,66.8360366821289,73.5353775024414,68.81433868408203,73.73899841308594,63.88969802856445,77.4471206665039,66.07283782958984,88.82138061523438,87.69802856445312
CZE,2009,13.3317281311264,-5.4542082584978,40.4362667339585,16.161532080862045,4.501859811797803,1.019377,41.598368490455066,78.34004974365234,76.39241027832031,75.84236907958984,76.94245910644531,71.41331481933594,68.74114227294922,66.07391357421875,71.40836334228516,68.29318237304688,72.05671691894531,64.5296401977539,77.2056655883789,64.14459991455078,90.26673126220703,87.21443176269531
CZE,2010,13.2771230602298,-4.14803181186879,44.4649145187566,16.16444569760385,4.502307935953218,1.472727,42.57534016853287,78.56330871582031,76.1593246459961,76.0602035522461,76.25845336914062,72.96575927734375,70.68409729003906,67.13880920410156,74.22938537597656,69.44149780273438,73.68077087402344,65.20222473144531,78.77167510986328,66.7477798461914,90.79557800292969,86.56480407714844
CZE,2011,13.3220685386249,-2.71431448400187,47.4088401516862,16.166513174277203,4.507126194724185,1.917219,43.865719704913296,78.80998229980469,76.13265228271484,75.88812255859375,76.37718200683594,73.6983642578125,71.7080078125,68.24418640136719,75.17182159423828,70.46756744384766,75.08918762207031,65.84595489501953,78.91951751708984,67.37300109863281,90.46604919433594,86.59889221191406
CZE,2012,13.4616085039139,-3.91867685331254,56.6523971043112,16.167912430834612,4.49071610446025,3.287623,45.474711089562966,79.80591583251953,77.61807250976562,76.39884185791016,78.83729553222656,74.81727600097656,72.07186126708984,68.26642608642578,75.87728881835938,72.11504364013672,77.76862335205078,66.4614486694336,80.26493835449219,67.5510025024414,92.9788589477539,86.98241424560547
CZE,2013,13.5372633941239,-1.2987748308066,56.1445712603574,16.168244130295115,4.479769081390126,1.438298,47.07665118769635,79.8859634399414,77.96827697753906,77.24746704101562,78.6890640258789,74.7271728515625,72.40345001220703,68.96366119384766,75.84323120117188,70.87492370605469,74.66523742675781,67.0845947265625,80.90318298339844,68.04037475585938,93.76599884033203,86.96241760253906
CZE,2014,13.1506437541786,-2.09394084089367,54.9385310977129,16.16929690611039,4.486259322072448,0.3439886,48.59265862113947,80.77367401123047,80.29658508300781,80.62628173828125,79.96690368652344,74.72270202636719,72.8199691772461,69.45381164550781,76.18614196777344,70.47103881835938,73.6289291381836,67.31314086914062,80.87711334228516,67.3810043334961,94.37322235107422,87.30172729492188
CZE,2015,12.6945128705733,-0.66545289754251,51.972539565858,16.171262793595115,4.514697319495692,0.3093646,50.083637075716524,81.27381134033203,80.73709106445312,80.38742065429688,81.08673858642578,74.7691879272461,71.72538757324219,68.9677963256836,74.48297119140625,71.04134368896484,74.58328247070312,67.4994125366211,81.54082489013672,67.58646392822266,95.49518585205078,88.31510925292969
CZE,2016,12.5016570205016,0.685151086876149,47.5862826840555,16.173183277753544,4.527193325482124,0.6835042,51.606677543475065,81.51895904541016,80.82420349121094,80.23114776611328,81.4172592163086,75.08674621582031,71.50493621826172,69.06603240966797,73.94383239746094,70.60371398925781,73.44253540039062,67.76490020751953,83.15161895751953,69.93509674072266,96.3681411743164,88.64594268798828
CZE,2017,12.04778056835,1.45861441466043,43.1813237802324,16.175839704389034,4.555722366610873,2.450534,53.138936545080384,82.31975555419922,82.10211944580078,80.39318084716797,83.81105041503906,76.07270050048828,72.07318115234375,70.3680419921875,73.77832794189453,72.04593658447266,75.69690704345703,68.39495849609375,84.09899139404297,71.72057342529297,96.47740936279297,88.78441619873047
CZE,2018,12.018485791869,0.880614512725659,39.6837348023803,16.17918397701203,4.564972288345526,2.149495,54.5796531953634,82.39031219482422,81.11454772949219,80.2457275390625,81.98336029052734,77.15608215332031,72.39888000488281,71.14009857177734,73.65766906738281,74.75660705566406,75.0032958984375,74.50990295410156,84.31272888183594,72.07892608642578,96.5465316772461,88.90031433105469
CZE,2019,12.0332104517862,0.282631447980779,37.2243490446612,16.18312186565405,4.5874467903907465,2.847876,55.90882203109654,82.66893768310547,81.26810455322266,80.30572509765625,82.2304916381836,78.14826202392578,72.84088134765625,71.70097351074219,73.98078155517578,74.56395721435547,74.42666625976562,74.70124053955078,87.03994750976562,77.91465759277344,96.16523742675781,88.59043884277344
CZE,2020,14.0806318392373,-5.64814130293273,46.0328190311753,16.18555409247617,4.581946890672216,3.161295,56.977959549978806,82.3795394897461,80.67559814453125,79.25234985351562,82.09883117675781,77.70405578613281,71.639404296875,69.73973846435547,73.5390625,74.63448333740234,74.42729949951172,74.84166717529297,86.8382568359375,77.64469146728516,96.03182983398438,88.75895690917969
CZE,2021,13.6172378286728,-4.95250521680649,46.755161423272,16.167435378375917,4.564055971692463,3.839845,57.74381826366339,82.43500518798828,80.53275299072266,79.56111907958984,81.50436401367188,78.12720489501953,71.71009826660156,69.54608154296875,73.87411499023438,74.95428466796875,74.53510284423828,75.37345123291016,87.71723937988281,79.30752563476562,96.12694549560547,88.64508819580078
CZE,2022,13.2937590923637,-3.06939083349615,45.873138088041,16.183145104047927,4.542148306168426,15.10017,57.39605882937669,81.83804321289062,80.98783111572266,80.88896179199219,81.0866928100586,77.32650756835938,71.45497131347656,70.11849975585938,72.79145050048828,72.64876556396484,74.3302230834961,70.96729278564453,87.87584686279297,79.57649993896484,96.17520141601562,87.19976806640625
CZE,2023,13.5935970833211,-3.77734534239691,48.6104964838073,16.20096899475252,4.520918405080944,10.66126,56.78781597012961,81.86151123046875,80.6975326538086,80.9680404663086,80.42701721191406,77.69271850585938,71.29619598388672,70.56348419189453,72.02890014648438,72.76434326171875,74.39674377441406,71.13194274902344,89.01762390136719,81.84613037109375,96.18912506103516,87.19422149658203
DEU,1980,16.61164,-2.936178276,30.2255085992593,18.175912249933393,4.884603087393501,5.441055,,70.69656372070312,60.4278678894043,61.974605560302734,58.88113021850586,66.28338623046875,58.014827728271484,55.007755279541016,61.02190399169922,61.63927459716797,82.83855438232422,40.43999099731445,79.19605255126953,71.85556030273438,86.53654479980469,85.37841796875
DEU,1981,17.29806,-3.897015716,33.64427183526309,18.177435334826992,4.874976123165708,6.344242,,71.25545501708984,62.31161880493164,63.26689529418945,61.3563346862793,65.9855728149414,57.56599426269531,54.14424133300781,60.98774719238281,61.4110221862793,82.06010437011719,40.76194763183594,78.97970581054688,71.419677734375,86.53974151611328,85.46912384033203
DEU,1982,17.74459,-3.44186093,36.48255813953488,18.176484200461513,4.879064629416331,5.241046,,71.51258850097656,62.91128921508789,63.76987075805664,62.05270767211914,65.96932983398438,57.439945220947266,53.950904846191406,60.928985595703125,61.30938720703125,82.46453094482422,40.15424728393555,79.15863800048828,71.41950225830078,86.89777374267578,85.65714263916016
DEU,1983,17.10957,-2.864499604,38.22601678574215,18.173862674738462,4.876314866455938,3.293413,,71.45285034179688,62.28382873535156,62.91606903076172,61.65158462524414,66.22063446044922,57.48789596557617,54.17231750488281,60.803470611572266,61.755027770996094,82.07795715332031,41.43210220336914,79.4189682006836,71.58395385742188,87.25398254394531,85.85408782958984
DEU,1984,16.50361,-1.980419233,38.99460561525719,18.170406010715492,4.868495803592155,2.405797,,71.72502136230469,63.290164947509766,64.00196075439453,62.578365325927734,66.27388000488281,57.61118698120117,54.15305709838867,61.069313049316406,61.19235610961914,80.92033386230469,41.46438217163086,80.0180892944336,72.42259216308594,87.61359405517578,85.61100006103516
DEU,1985,16.22275,-1.146210615,39.48597894054097,18.168171111699667,4.865240043392542,2.066233,,72.44667053222656,65.39116668701172,64.89627838134766,65.88606262207031,66.24359130859375,57.70668411254883,54.107181549072266,61.30618667602539,61.173362731933594,80.53085327148438,41.81586837768555,79.85072326660156,71.73770904541016,87.96372985839844,85.70520782470703
DEU,1986,15.93474,-1.147932567,39.55506802917461,18.168628792339405,4.865702835611227,-0.1294139,,72.02972412109375,63.86355972290039,61.844146728515625,65.88296508789062,66.50884246826172,58.31060791015625,55.406211853027344,61.21500778198242,60.67787551879883,80.14371490478516,41.21205139160156,80.53803253173828,73.10706329345703,87.9690170288086,85.71675872802734
DEU,1987,16.17097,-1.810387967,40.9063194724549,18.170164968092266,4.850787007020941,0.2499074,,71.95724487304688,64.04676055908203,61.21341323852539,66.8801040649414,66.8783950805664,58.545875549316406,55.84150314331055,61.250240325927734,60.97361755371094,79.74346160888672,42.20377731323242,81.11569213867188,73.89652252197266,88.33485412597656,84.94660186767578
DEU,1988,16.05263,-1.977743963,41.39440739023434,18.174071757694687,4.845873679109289,1.274121,,71.19306945800781,63.96599578857422,61.218074798583984,66.71392822265625,67.14373016357422,58.691402435302734,56.501949310302734,60.88085174560547,60.962589263916016,79.36112976074219,42.56404495239258,81.77717590332031,75.2208480834961,88.33350372314453,82.46949005126953
DEU,1989,15.71991,0.08081086,39.83154632476069,18.181805127600793,4.847907378056433,2.780563,,70.55314636230469,65.85990142822266,62.40855026245117,69.31127166748047,67.36981964111328,58.75236892700195,56.282447814941406,61.22227478027344,60.95771789550781,78.98161315917969,42.93382263183594,82.39939880371094,76.0991439819336,88.69964599609375,78.42974090576172
DEU,1990,15.18673,-1.892614527,40.37577331398457,18.190424822088445,4.8687282222418045,2.69647,44.831198502375265,72.80077362060547,66.3768310546875,62.349674224853516,70.40397644042969,66.42691802978516,58.32241439819336,56.96253204345703,59.68229675292969,57.389678955078125,78.58818817138672,36.191165924072266,83.56867980957031,78.44232177734375,88.69503021240234,85.59854888916016
DEU,1991,15.33819888,-3.19927955776469,36.5425285743899,18.19771087755406,4.904790142502884,4.047034,45.264607995282624,75.34839630126953,66.60958862304688,61.498870849609375,71.72030639648438,68.24126434326172,59.58125686645508,58.7827033996582,60.37980651855469,61.21620178222656,78.18086242675781,44.25155258178711,83.92634582519531,78.7849349975586,89.06775665283203,91.1943130493164
DEU,1992,15.99793739,-2.63393573145305,39.5102066619293,18.205314347021268,4.9037772577137755,5.05698,45.49465025465616,75.53795623779297,65.98812866210938,61.18648147583008,70.789794921875,68.56564331054688,60.04100799560547,59.2923469543457,60.7896728515625,61.42069625854492,77.40718841552734,45.43419647216797,84.2352066040039,79.39336395263672,89.07705688476562,92.06011199951172
DEU,1993,17.00984148,-3.11321437176638,44.6296696079531,18.211888259202144,4.881742293195572,4.474576,45.754279061299655,76.3165283203125,66.58529663085938,61.46077346801758,71.70983123779297,67.29222869873047,59.40346908569336,59.46648025512695,59.340450286865234,61.545040130615234,77.01878356933594,46.071292877197266,80.92816162109375,79.85819244384766,81.99813842773438,95.07211303710938
DEU,1994,17.21972843,-2.54312237977084,45.2588376863448,18.21535682568845,4.882042460025249,2.693056,46.08524325785168,76.20489501953125,66.77434539794922,61.72538757324219,71.82329559326172,67.45889282226562,58.830997467041016,60.03531265258789,57.626670837402344,62.50589370727539,77.41527557373047,47.59651565551758,81.03980255126953,80.38506317138672,81.6945571899414,94.38146209716797
DEU,1995,17.1756854199892,-9.43352346897488,54.2096515103603,18.218295870125615,4.876601855467726,1.706161,46.30290826596038,76.52787017822266,67.16352844238281,61.97074508666992,72.35630798339844,68.26100158691406,59.59815216064453,60.696754455566406,58.49955368041992,63.86066818237305,78.17003631591797,49.55129623413086,81.32416534423828,80.5566635131836,82.09166717529297,94.15907287597656
DEU,1996,17.9216099058365,-3.63617614122473,57.2992729098685,18.22119061912017,4.860375222693903,1.449726,46.39930248626437,77.10015106201172,67.95692443847656,62.598575592041016,73.31526947021484,68.49678039550781,59.42354202270508,60.96656036376953,57.880523681640625,64.84781646728516,78.90071868896484,50.79489517211914,81.21900177001953,81.29151153564453,81.14649963378906,94.84675598144531
DEU,1997,17.9711566811375,-3.02304980290527,58.6131536932734,18.222653751935788,4.848776515278515,1.939369,46.47281552690794,78.4056167602539,71.23988342285156,66.00505828857422,76.47472381591797,69.12848663330078,59.46492385864258,60.83339309692383,58.0964469909668,66.87925720214844,79.97579956054688,53.782711029052734,81.04126739501953,81.2722396850586,80.810302734375,94.84847259521484
DEU,1998,17.6765678852401,-2.65163081159273,61.1810077889583,18.22280518844434,4.848449728634359,0.9111845,46.551257728744375,79.27389526367188,73.33809661865234,67.47409057617188,79.20211029052734,69.52727508544922,60.05888748168945,61.10513687133789,59.012638092041016,67.7884750366211,79.50687408447266,56.070068359375,80.7344970703125,81.34159851074219,80.12738800048828,94.95632934570312
DEU,1999,17.8318826904932,-1.87047902441001,61.2410135283124,18.223451534223393,4.844361220902608,0.5854336,46.81353257688764,80.31995391845703,74.95582580566406,68.32279968261719,81.58885955810547,70.77643585205078,61.2203254699707,61.66310501098633,60.77754211425781,69.43701934814453,78.65667724609375,60.21735763549805,81.67195129394531,82.57430267333984,80.76959228515625,95.22758483886719
DEU,2000,17.3329545561263,-1.71408315472432,62.6767172875531,18.224805850227323,4.838792435475562,1.440268,47.30649082382148,82.39900207519531,78.291748046875,71.77393341064453,84.80956268310547,72.93382263183594,63.12835693359375,61.72160720825195,64.53511047363281,73.82513427734375,82.01783752441406,65.63243103027344,81.84797668457031,82.30463409423828,81.39132690429688,95.9714126586914
DEU,2001,17.4417111130342,-3.12063731927783,61.2431328647662,18.226488103840698,4.847526472999578,1.983857,47.78863051608106,82.59635162353516,78.1533432006836,71.6098861694336,84.69677734375,73.84608459472656,64.30338287353516,62.70610427856445,65.9006576538086,74.86647033691406,83.88555908203125,65.8473892211914,82.368408203125,83.01715850830078,81.71965026855469,95.78960418701172
DEU,2002,17.9004749568221,-4.07943976011272,63.9872279243446,18.228169387034765,4.835883629236739,1.420807,48.208752521652,81.36573028564453,77.26823425292969,72.1711654663086,82.36531066894531,71.57259368896484,65.15079498291016,62.866127014160156,67.43546295166016,64.80272674560547,84.16487121582031,45.440589904785156,84.76426696777344,82.635009765625,86.89352416992188,95.25635528564453
DEU,2003,18.2517928784681,-3.82351722414041,66.6604286998161,18.22872302007064,4.8171344978101365,1.034223,48.658252887585036,83.13056945800781,77.78199768066406,72.53546142578125,83.02855682373047,75.7098617553711,66.16686248779297,63.988277435302734,68.34544372558594,75.20254516601562,84.7918701171875,65.61320495605469,85.76020050048828,83.62568664550781,87.89471435546875,95.89986419677734
DEU,2004,17.9289502145623,-3.4315531054322,68.8552565615701,18.228505922794138,4.8039770109769,1.665736,49.29789266750017,83.60078430175781,78.72997283935547,73.71360778808594,83.74632263183594,76.50039672851562,66.76263427734375,64.19635772705078,69.32889556884766,76.17701721191406,85.10974884033203,67.2442855834961,86.56156921386719,84.94208526611328,88.18103790283203,95.5719985961914
DEU,2005,17.7414638970465,-3.37547782849929,71.1081143223253,18.227938140175787,4.7926344298030035,1.546911,50.0417234262092,84.21436309814453,79.68875122070312,74.5945816040039,84.78290557861328,77.39141082763672,68.12317657470703,65.50434112548828,70.74200439453125,76.63825988769531,85.4814224243164,67.79508972167969,87.41278076171875,85.30328369140625,89.52228546142578,95.56291961669922
DEU,2006,16.868492857084,-1.75456667757159,68.3203559235579,18.22681016519934,4.808300473263761,1.577429,50.84438221108128,84.90243530273438,80.30760192871094,74.32356262207031,86.29163360595703,78.01302337646484,68.68632507324219,66.06597900390625,71.30667877197266,77.9598388671875,87.16175079345703,68.75792694091797,87.39288330078125,85.4529037475586,89.3328628540039,96.38673400878906
DEU,2007,15.8063818237603,0.154618156791297,65.6527313910213,18.22547297947333,4.81979888461718,2.298341,51.46125035367679,85.4049301147461,80.2330322265625,74.75753021240234,85.70854187011719,78.49241638183594,69.43773651123047,66.45824432373047,72.41722869873047,78.75801086425781,88.17183685302734,69.34417724609375,87.2815170288086,85.01907348632812,89.54395294189453,97.48926544189453
DEU,2008,15.6454079268481,-0.26326432294788,70.3181751749747,18.223571551026374,4.834899340535728,2.628383,51.81499876797218,83.09845733642578,79.06708526611328,74.39022064208984,83.74394226074219,73.42375183105469,70.51415252685547,67.09170532226562,73.93659210205078,79.42027282714844,88.82759857177734,70.01295471191406,70.33684539794922,51.85228729248047,88.82138061523438,96.8045654296875
DEU,2009,17.1232970054552,-3.17723793783996,76.8311056913178,18.22103771692474,4.8232501710614555,0.3127377,52.15786377714328,82.60487365722656,77.7654037475586,72.4715347290039,83.05925750732422,73.49112701416016,70.6969223022461,67.16851043701172,74.2253189086914,79.09953308105469,87.92333221435547,70.2757339477539,70.67696380615234,51.68967056274414,89.66424560546875,96.55811309814453
DEU,2010,16.4833375381299,-4.42880656765289,86.0736922707425,18.219505732455367,4.842355528289722,1.103809,52.11753021500903,82.63845825195312,77.0982437133789,74.31294250488281,79.88353729248047,74.3553466796875,71.70197296142578,67.89458465576172,75.50936889648438,80.16217803955078,88.93121337890625,71.39314270019531,71.20189666748047,52.19529724121094,90.20850372314453,96.46176147460938
DEU,2011,15.4767251010805,-0.840874503652998,85.0410779986356,18.200968586167797,4.864649870976725,2.075173,51.746235175580594,82.85411071777344,77.36775970458984,74.8484878540039,79.88701629638672,74.82218170166016,72.33289337158203,68.60958862304688,76.05618286132812,80.6130599975586,89.98602294921875,71.24009704589844,71.52059936523438,53.1458740234375,89.89533233642578,96.37239837646484
DEU,2012,15.4145865918197,-0.05428982413809,87.3306610794431,18.20284586417347,4.860202436816256,2.008491,51.580506273521706,83.43421173095703,78.13983154296875,75.65064239501953,80.6290054321289,75.68609619140625,72.77205657958984,68.8783950805664,76.66571807861328,81.46688079833984,91.03810119628906,71.89564514160156,72.8193588256836,53.48656463623047,92.15214538574219,96.47672271728516
DEU,2013,15.3494949917692,0.122282760080668,82.76826302771,18.205574866320283,4.851567633485159,1.504722,51.61974906231753,83.36908721923828,77.71695709228516,75.28013610839844,80.15376281738281,75.85653686523438,73.4521484375,69.54900360107422,77.35528564453125,81.41920471191406,90.70118713378906,72.13720703125,72.6982650756836,54.27682113647461,91.11972045898438,96.53374481201172
DEU,2014,15.1670759119246,0.730207275583002,82.6103839809274,18.209743639911967,4.854567253974641,0.9067971,51.83217321922511,83.77235412597656,78.39456939697266,76.00196075439453,80.78720092773438,76.33042907714844,73.31216430664062,69.35076141357422,77.27359008789062,82.07701110839844,91.33812713623047,72.81587982177734,73.60211944580078,55.034446716308594,92.16978454589844,96.59204864501953
DEU,2015,15.2827443164325,0.915956647270408,78.6993856752269,18.21840066635147,4.844204409143199,0.514421,52.122406986576095,84.14230346679688,79.09954071044922,78.16378784179688,80.0352783203125,76.63871765136719,72.37905883789062,68.93368530273438,75.8244400024414,82.5805892944336,91.7059555053711,73.45523071289062,74.95649719238281,56.582923889160156,93.330078125,96.68865966796875
DEU,2016,15.3114254515646,1.13564069665918,76.0139660269907,18.22647285173721,4.8473958070199945,0.4917486,52.58204585943722,84.90621185302734,80.07859802246094,78.38301086425781,81.77417755126953,77.42616271972656,72.83708190917969,68.67361450195312,77.00054168701172,82.50801086425781,92.08573913574219,72.93028259277344,76.93341827392578,59.60847091674805,94.25835418701172,97.21385955810547
DEU,2017,15.297393361372,1.33635277722477,71.8494923352578,18.230210097336165,4.851683469418354,1.509497,53.258253101446016,85.57732391357422,80.6211929321289,79.1120376586914,82.13034057617188,78.38603973388672,72.05657958984375,68.44756317138672,75.66560363769531,82.67837524414062,91.75309753417969,73.6036605834961,80.42315673828125,65.7248764038086,95.12145233154297,97.72476196289062
DEU,2018,15.2500196728192,1.88209565808591,68.7727887624334,18.233215364356088,4.844128179211783,1.732168,53.87545524656071,85.64347076416016,80.53276824951172,78.91858673095703,82.14694213867188,78.6666030883789,71.79039764404297,68.38516235351562,75.19564056396484,83.1441879272461,92.36454010009766,73.923828125,81.06519317626953,65.76937866210938,96.36100769042969,97.73104095458984
DEU,2019,15.5582933508351,1.3258981371343,67.4305195487371,18.235470563098215,4.842261998444667,1.445667,54.537986859364636,85.68023681640625,80.8910903930664,79.28234100341797,82.49986267089844,78.66519165039062,71.12483215332031,67.29224395751953,74.9574203491211,83.54855346679688,92.34913635253906,74.74795532226562,81.32219696044922,66.21876525878906,96.4256362915039,97.48445892333984
DEU,2020,17.2607127741606,-4.39002696764463,80.7000084818529,18.23628749468471,4.845434465637919,0.1448705,55.295066596629006,85.21121978759766,79.62339782714844,77.27700805664062,81.96977996826172,78.52102661132812,70.55976867675781,66.54460906982422,74.57490539550781,83.22476196289062,91.37801361083984,75.07151794433594,81.77853393554688,67.06036376953125,96.49671173095703,97.48925018310547
DEU,2021,16.4877898848349,-3.17497367277234,78.1308677268818,18.236710765257264,4.8278713114464145,3.066667,56.23112720701424,85.86631774902344,80.96566772460938,79.23676300048828,82.69454956054688,79.01237487792969,71.03286743164062,67.0243911743164,75.04134368896484,83.88611602783203,92.02317810058594,75.74905395507812,82.11815643310547,67.6675033569336,96.56880950927734,97.62094116210938
DEU,2022,15.5273467632814,-2.1501998474385,64.1530924861569,18.236491199555413,4.813664300363797,6.872574,57.16212273603739,86.01910400390625,82.75267028808594,82.17316436767578,83.33218383789062,78.98958587646484,70.70399475097656,67.3941421508789,74.01384735107422,84.15555572509766,92.32478332519531,75.98632049560547,82.1092529296875,67.61215209960938,96.60635375976562,96.31503295898438
DEU,2023,15.6967662553308,-2.56792012847004,64.4893704271991,18.23780631035019,4.785036330723644,5.946437,57.99189538966489,86.39656066894531,82.47241973876953,80.48982238769531,84.45500946044922,80.52877807617188,70.63440704345703,67.67151641845703,73.59729766845703,84.42012786865234,92.65453338623047,76.18572235107422,86.53179168701172,76.0276107788086,97.0359878540039,96.18842315673828
DNK,1980,16.01133,-4.33932612707878,44.4958019426982,15.449256033256855,4.9525426487037585,12.30532,,74.73902130126953,62.14915084838867,70.14627838134766,54.152034759521484,74.2061996459961,71.11769104003906,67.70594024658203,74.5294418334961,63.75825500488281,86.0748062133789,41.44169235229492,87.74262237548828,88.8871078491211,86.59812927246094,87.86170959472656
DNK,1981,17.16418,-7.90800008952238,54.4047579989737,15.448971981141241,4.932191856353003,11.76739,,75.7225341796875,65.21701049804688,73.02706146240234,57.40694808959961,74.1815185546875,70.76217651367188,67.08955383300781,74.43479919433594,64.11705780029297,86.46403503417969,41.770084381103516,87.66531372070312,89.08329010009766,86.2473373413086,87.76905059814453
DNK,1982,17.44071,-9.88050855277676,66.0538638473102,15.448237171136249,4.978010582086169,10.12082,,75.71187591552734,64.92321014404297,72.02076721191406,57.82565689086914,74.25222778320312,70.59100341796875,66.86648559570312,74.31551361083984,64.29338836669922,86.4778823852539,42.10888671875,87.87229919433594,89.4619369506836,86.28266906738281,87.96019744873047
DNK,1983,16.93742,-7.63401405335994,76.8981443928305,15.447550509017091,4.983949158926175,6.908229,,75.82669830322266,65.0217514038086,71.86327362060547,58.18022155761719,74.55900573730469,70.95675659179688,67.31773376464844,74.59577941894531,64.31233978271484,86.47915649414062,42.14552688598633,88.40792083740234,89.45915222167969,87.356689453125,87.8993148803711
DNK,1984,16.5843,-4.31949675716932,78.1345819498917,15.447026741745539,4.98779258803986,6.290782,,75.49954223632812,66.53557586669922,72.60075378417969,60.47038650512695,74.1911849975586,71.21733856201172,67.55206298828125,74.88259887695312,63.865966796875,86.48807525634766,41.24386215209961,87.4902572631836,89.63294982910156,85.34757232666016,85.77188110351562
DNK,1985,15.82368,-2.46930538689829,75.6800870794255,15.4474320106378,4.999597116952815,4.678746,,77.13746643066406,69.39774322509766,72.96224212646484,65.83323669433594,74.99393463134766,71.2625503540039,67.76344299316406,74.76165771484375,64.67691802978516,86.485595703125,42.86824417114258,89.0423355102539,89.61968994140625,88.46497344970703,87.02070617675781
DNK,1986,15.07384,2.97848392049308,73.2376379809838,15.44876928845215,5.022694930153404,3.678187,,76.17366790771484,66.85590362548828,69.04312896728516,64.66865539550781,74.52236938476562,72.31185150146484,69.52892303466797,75.09477233886719,63.905487060546875,86.48716735839844,41.32381820678711,87.34980010986328,89.22453308105469,85.47506713867188,87.14274597167969
DNK,1987,15.77478,1.87402743870791,69.9065521640028,15.45003593185494,4.997294047447583,4.01999,,76.02323150634766,66.43679809570312,67.53145599365234,65.34215545654297,74.94607543945312,72.71812438964844,70.0017318725586,75.43451690673828,63.76190948486328,86.4744873046875,41.04934310913086,88.35820007324219,89.20946502685547,87.5069351196289,86.68680572509766
DNK,1988,16.97466,1.15246790429767,68.2219231642913,15.45052186571744,4.963350977568944,4.535135,,76.8891830444336,70.31209564208984,69.22591400146484,71.39830780029297,75.09296417236328,72.9038314819336,70.44152069091797,75.36614227294922,63.66071701049805,86.86817169189453,40.45326614379883,88.71431732177734,89.19618225097656,88.23245239257812,85.2624740600586
DNK,1989,17.80687,-0.0107766206732654,66.4399822084849,15.451121742368985,4.940864991916933,4.772727,,75.38591003417969,71.63275146484375,70.64395904541016,72.62154388427734,75.03099060058594,72.68779754638672,70.06488037109375,75.31069946289062,63.49476623535156,86.4884033203125,40.501129150390625,88.91045379638672,89.19882202148438,88.62207794189453,79.49403381347656
DNK,1990,16.95822746,-1.5812627334994,67.5012733725244,15.45274630557141,4.933993112519015,2.6416,48.47249991552476,75.92813873291016,72.51200866699219,70.42945861816406,74.59454345703125,75.1375732421875,73.50702667236328,71.3392105102539,75.67484283447266,62.702369689941406,84.54013061523438,40.86460494995117,89.2033462524414,89.75642395019531,88.65028381347656,80.13482666015625
DNK,1991,17.42720129,-3.01069865654813,68.3193218259378,15.45534148769256,4.939673986509536,2.395153,48.242092847547,77.86385345458984,73.50645446777344,71.2596435546875,75.75323486328125,74.32019805908203,73.59913635253906,71.53336334228516,75.66490173339844,60.121978759765625,76.7503662109375,43.49360275268555,89.23949432373047,90.05840301513672,88.42059326171875,85.76493072509766
DNK,1992,17.87611888,-2.70583649537957,72.2076384061313,15.458648201709696,4.9420349455620896,2.096042,48.22240425850247,78.79004669189453,74.0016860961914,70.0652847290039,77.93809509277344,74.3676986694336,73.76669311523438,71.88872528076172,75.64466094970703,60.87403869628906,76.36687469482422,45.38119888305664,88.46235656738281,90.10267639160156,86.82203674316406,88.00078582763672
DNK,1993,18.90999102,-4.00688163650046,86.4031211687888,15.461979865666315,4.9309848894618185,1.257862,48.22694832853492,79.35507202148438,74.91326904296875,70.23799896240234,79.58855438232422,73.9788818359375,73.58805847167969,71.65938568115234,75.51673126220703,60.11545181274414,74.43046569824219,45.80043411254883,88.23312377929688,89.59977722167969,86.86648559570312,89.17305755615234
DNK,1994,20.01996018,-3.69345644044055,80.3631655930621,15.465356939428748,4.956587240420058,1.992014,48.27460892721098,80.16382598876953,75.85567474365234,71.33963775634766,80.37171173095703,74.1805648803711,73.9768295288086,72.02481842041016,75.9288330078125,59.908992767333984,71.73261260986328,48.08536911010742,88.65586853027344,90.08916473388672,87.22257232666016,90.45529174804688
DNK,1995,19.4964223132258,-3.50436179340542,82.5895156200465,15.470566561239536,4.96337900493884,2.083605,48.42452344035606,80.83387756347656,75.89976501464844,70.66155242919922,81.13797760009766,75.82977294921875,74.79251098632812,72.8235092163086,76.76152801513672,62.43608093261719,74.44342803955078,50.42872619628906,90.2607192993164,90.39493560791016,90.12650299072266,90.77207946777344
DNK,1996,18.9052632156025,-2.39709995646228,80.2569485845304,15.476225824658881,4.9611940169988005,2.1263,48.65503428648578,80.76818084716797,76.83386993408203,71.1697006225586,82.49803161621094,75.04045104980469,74.4896469116211,72.5860366821289,76.39325714111328,62.229957580566406,72.5117416381836,51.94816589355469,88.40177917480469,90.15595245361328,86.64761352539062,90.43020629882812
DNK,1997,18.0072482071324,-1.21939644207631,76.3004636253298,15.480381474352196,4.9586967600073875,2.182167,48.95216133195307,81.48493957519531,78.19254302978516,72.73503875732422,83.65008544921875,75.30779266357422,73.09716796875,73.76506805419922,72.42926025390625,63.773643493652344,72.86032104492188,54.68696975708008,89.05256652832031,88.84198760986328,89.26313781738281,90.95445251464844
DNK,1998,17.4448087846623,-0.282901561258878,74.0056309644728,15.484013099588203,4.956381769917115,1.845651,49.277704730534474,81.83937072753906,78.63799285888672,73.85322570800781,83.4227523803711,76.33885192871094,73.72638702392578,73.90628814697266,73.5464859008789,64.6990966796875,70.91963195800781,58.47856521606445,90.59107208251953,90.31970977783203,90.86241149902344,90.5412826538086
DNK,1999,16.8929351495048,1.06383637605391,68.4624075350159,15.48732196205007,4.95691334765621,2.497795,49.61853136049791,82.52103424072266,80.21029663085938,76.62702941894531,83.79356384277344,76.4798355102539,74.69590759277344,74.44251251220703,74.94930267333984,63.964046478271484,69.00611877441406,58.921966552734375,90.77954864501953,90.34550476074219,91.2136001586914,90.87296295166016
DNK,2000,16.2812093777893,1.79180333091828,61.9597130181902,15.490664298238363,4.95660573322793,2.903277,49.964444074967396,84.4500503540039,83.7423095703125,80.2352523803711,87.2493667602539,78.57087707519531,75.76976776123047,74.77099609375,76.7685317993164,68.83711242675781,72.82979583740234,64.84442901611328,91.10575103759766,90.63148498535156,91.58000183105469,91.03694152832031
DNK,2001,16.3493286113424,1.12513765720383,59.856084545875,15.494247455027917,4.955788261074037,2.337875,50.28954128852043,85.21649169921875,83.63357543945312,79.82490539550781,87.44224548339844,79.87933349609375,76.3334732055664,74.94889831542969,77.71804809570312,72.20954895019531,77.92400360107422,66.4950942993164,91.09500122070312,90.6362075805664,91.55379486083984,92.13653564453125
DNK,2002,16.4737097897373,0.251721726127759,59.9361969945521,15.497442326281327,4.948325299503332,2.424437,50.57488649317838,83.45438385009766,81.71800994873047,80.71321105957031,82.72281646728516,77.64080047607422,77.86658477783203,75.72797393798828,80.00520324707031,64.12189483642578,78.16997528076172,50.073814392089844,90.93392944335938,90.64427185058594,91.22357177734375,91.00433349609375
DNK,2003,17.1458857085397,0.13927370460188,58.245389129782,15.500162430721643,4.936342962385252,2.075078,50.83980000604414,84.59004211425781,81.58920288085938,79.73383331298828,83.44458770751953,81.26730346679688,78.55802917480469,76.72096252441406,80.39508819580078,74.46611022949219,77.55662536621094,71.37559509277344,90.77774810791016,90.92542266845703,90.63008117675781,90.91365051269531
DNK,2004,16.8203172851745,2.23485297791589,54.4625437153826,15.502746753542171,4.935370394498453,1.154357,51.048390905887,84.55780792236328,81.4804916381836,79.7640380859375,83.19694519042969,80.77897644042969,76.85258483886719,74.32320404052734,79.3819580078125,74.93550109863281,77.91414642333984,71.95686340332031,90.54888916015625,91.47572326660156,89.62203979492188,91.41397094726562
DNK,2005,16.1688866390546,5.20169270882876,47.2593004917902,15.505501570876264,4.934203803123687,1.817815,51.190554902280795,85.47998809814453,83.35454559326172,80.44000244140625,86.26909637451172,81.35244750976562,76.92039489746094,73.5155029296875,80.32528686523438,75.9981918334961,79.47405242919922,72.5223159790039,91.13872528076172,92.63676452636719,89.64070129394531,91.73296356201172
DNK,2006,15.2137311874166,5.28642568377291,42.7430323363418,15.508788022465463,4.944015483243741,1.924221,51.32086740340871,85.75999450683594,83.05912780761719,79.51300048828125,86.60523986816406,82.21244812011719,77.54313659667969,74.24244689941406,80.84383392333984,77.20207977294922,80.30599212646484,74.09817504882812,91.89212036132812,92.71640014648438,91.06784057617188,92.00846862792969
DNK,2007,14.8127145999105,5.30782201573692,37.1065653301446,15.513222683008678,4.9302839299043075,1.693266,51.48188520361464,86.42879486083984,84.01296997070312,80.6188735961914,87.40705108642578,82.57518768310547,78.34075164794922,74.64657592773438,82.03491973876953,77.36148834228516,80.75962829589844,73.96334075927734,92.0233154296875,92.89618682861328,91.15043640136719,92.6982192993164
DNK,2008,14.5958422584253,3.46246772704594,44.3819832700727,15.519098158911268,4.923642171485469,3.416268,51.749144176880876,85.12679290771484,83.08654022216797,80.41770935058594,85.75538635253906,79.92478942871094,77.46965789794922,73.21488189697266,81.72444152832031,78.41940307617188,82.59119415283203,74.24762725830078,83.8853530883789,74.34187316894531,93.42881774902344,92.36909484863281
DNK,2009,16.5379127988066,-2.74623899383955,54.1656136559958,15.524448949532061,4.909102989626637,1.30471,52.18902637622199,84.12470245361328,80.72534942626953,78.03385162353516,83.4168472290039,79.56423950195312,78.43001556396484,75.42089080810547,81.43913269042969,77.35237121582031,79.8365707397461,74.86817169189453,82.9103775024414,72.91548919677734,92.9052734375,92.08455657958984
DNK,2010,17.1464350303196,-2.5205530401496,58.6780555558816,15.528890921077156,4.896447151561675,2.310924,52.78751191138481,84.54278564453125,81.25048065185547,79.38585662841797,83.11508178710938,79.46888732910156,79.34675598144531,76.84406280517578,81.84944915771484,75.81143188476562,79.74634552001953,71.87651062011719,83.24846649169922,73.96111297607422,92.53582000732422,92.9089584350586
DNK,2011,17.259379548402,-1.76545582693494,65.9307815085885,15.533008299629106,4.890650864649626,2.758682,53.517631078032124,84.64061737060547,81.4527359008789,80.0560302734375,82.84944915771484,79.70245361328125,81.18043518066406,78.24099731445312,84.119873046875,76.36846160888672,82.63707733154297,70.09984588623047,81.5584945678711,74.14376068115234,88.97322845458984,92.7666244506836
DNK,2012,17.3487457797297,-3.20253492763533,65.822494582827,15.536771022055307,4.879210321410733,2.397915,54.23692954596485,84.18880462646484,81.38025665283203,80.22685241699219,82.53365325927734,79.6109848022461,81.61809539794922,78.2513198852539,84.98487091064453,76.27080535888672,83.869873046875,68.6717300415039,80.94404602050781,73.71391296386719,88.17415618896484,91.57518005371094
DNK,2013,17.3802844067468,-0.943708551601992,60.9515035449731,15.540940035662826,4.878069659738961,0.7890718,54.75767796177122,84.16444396972656,81.76013946533203,79.79234313964844,83.72793579101562,79.27123260498047,81.52809143066406,79.71123504638672,83.3449478149414,74.86615753173828,82.1650390625,67.56727600097656,81.41943359375,74.39594268798828,88.44293975830078,91.46195220947266
DNK,2014,17.274337187974,1.42794291553555,64.3734259961784,15.546010568492928,4.869844426559108,0.5640205,55.09942376457868,84.81057739257812,83.29681396484375,81.15306854248047,85.4405746459961,78.96739196777344,80.5267333984375,79.22465515136719,81.82881927490234,74.55855560302734,82.72531127929688,66.39178466796875,81.8169174194336,75.3593978881836,88.2744369506836,92.1675033569336
DNK,2015,17.067480566374,-0.895081679848245,58.7931534703836,15.553074806989798,4.86416354456164,0.4520341,55.326865164618,85.12316131591797,83.4205551147461,80.88909149169922,85.9520034790039,79.5643310546875,81.6720199584961,79.40933227539062,83.93470764160156,74.918701171875,85.04881286621094,64.78860473632812,82.10226440429688,76.20574951171875,87.99878692626953,92.38459014892578
DNK,2016,16.5984124668834,0.302400138286953,57.8439835251015,15.560878733431151,4.8739126739650755,0.25,55.56316592216641,85.22138214111328,83.26870727539062,80.44869995117188,86.08869171142578,79.88291931152344,81.3265151977539,79.56602478027344,83.08699798583984,75.0907211303711,85.8242416381836,64.35720825195312,83.23152923583984,77.63489532470703,88.82816314697266,92.51252746582031
DNK,2017,16.1570473497135,1.68903831320603,55.0146582726226,15.567312242468525,4.876473767741073,1.147132,55.88981620891958,85.71409606933594,84.10661315917969,81.72407531738281,86.48912811279297,80.33492279052734,80.55850982666016,79.30774688720703,81.80928039550781,74.34162139892578,85.26239013671875,63.420841217041016,86.10459899902344,81.02694702148438,91.18225860595703,92.70076751708984
DNK,2018,15.9071666589809,0.810459424643313,53.4283218581868,15.572270631727315,4.872527135466597,0.8136095,56.23146252784581,85.66969299316406,84.07220458984375,82.02159118652344,86.12281799316406,80.9749526977539,81.00070190429688,79.27861785888672,82.72278594970703,74.53704833984375,84.36768341064453,64.70641326904297,87.38709259033203,81.3614730834961,93.41271209716797,91.96187591552734
DNK,2019,15.8796307760657,4.28296707793415,55.1966383747427,15.575851940886242,4.874485825872137,0.7581316,56.59996434067689,85.5149917602539,84.44241333007812,82.5941390991211,86.29070281982422,80.51598358154297,80.32633972167969,79.48942565917969,81.16325378417969,73.91061401367188,83.94277954101562,63.878440856933594,87.31099700927734,81.31958770751953,93.30240631103516,91.58658599853516
DNK,2020,16.6116772723367,0.3625476385287,65.03051592271,15.578768352661008,4.898765088157626,0.420712,57.00376475998342,85.40129089355469,83.82339477539062,81.46495819091797,86.18182373046875,79.87171936035156,78.98690032958984,77.23311614990234,80.74067687988281,73.16116333007812,83.8050308227539,62.517295837402344,87.46707153320312,81.05889892578125,93.87525177001953,92.50873565673828
DNK,2021,15.1342153951315,4.09800126063443,54.9117446546721,15.583102497555105,4.899996904562806,1.853045,57.287268469407216,85.60421752929688,84.130615234375,82.26780700683594,85.99341583251953,81.3917007446289,79.68533325195312,77.52116394042969,81.84950256347656,76.45014953613281,83.44622802734375,69.45406341552734,88.03965759277344,81.66219329833984,94.4171142578125,91.29035186767578
DNK,2022,13.6373739584712,3.44371133751105,40.0678505535207,15.590977522202506,4.869941980796486,7.696567,57.32428855380361,85.37313842773438,84.99134826660156,83.8958740234375,86.08682250976562,81.28536987304688,80.23577117919922,78.64117431640625,81.83036804199219,75.47978973388672,83.98745727539062,66.97211456298828,88.14059448242188,81.79973602294922,94.48146057128906,89.84269714355469
DNK,2023,14.2552849248334,3.30590091840511,39.8474404416004,15.598389377359705,4.858200050954672,3.305178,57.39885116702913,85.3354721069336,84.93083953857422,83.04639434814453,86.81527709960938,81.4260025024414,80.46498107910156,79.32164764404297,81.6082992553711,75.71925354003906,84.34780883789062,67.09070587158203,88.09376525878906,81.68887329101562,94.49866485595703,89.6495590209961
ESP,1980,14.15534,-3.51309913234614,26.8525070381876,17.4396158631826,4.5185106016576215,15.56191,,58.92417907714844,45.327239990234375,50.817806243896484,39.83667755126953,59.57108688354492,54.478275299072266,46.846595764160156,62.109954833984375,52.356563568115234,73.89849853515625,30.814620971679688,71.87841796875,73.30644989013672,70.45038604736328,71.87422180175781
ESP,1981,15.64247,-4.54202588026708,29.2582984239005,17.446724643287723,4.49760773674176,14.54935,,59.395484924316406,48.06998062133789,52.87150192260742,43.268455505371094,58.76710510253906,54.40105056762695,46.41362762451172,62.38846969604492,52.364112854003906,73.89849853515625,30.829736709594727,69.5361557006836,73.7128677368164,65.35943603515625,71.34937286376953
ESP,1982,15.52999,-6.22443555388817,33.4503255763228,17.45272854466013,4.511616692306796,14.41499,,59.06300354003906,47.876739501953125,53.03200149536133,42.721473693847656,58.06853103637695,54.322914123535156,46.3897705078125,62.25606155395508,52.38144302368164,73.91195678710938,30.850933074951172,67.50122833251953,74.11722564697266,60.88523483276367,71.24373626708984
ESP,1983,16.13379,-5.39966838242514,38.9039050341262,17.457600376765864,4.503382314164746,12.17408,,59.782188415527344,49.05112075805664,54.48598861694336,43.616249084472656,58.866798400878906,54.55419921875,46.58272171020508,62.525672912597656,52.39567565917969,73.9122314453125,30.87912940979004,69.65054321289062,74.66251373291016,64.63858032226562,71.42864990234375
ESP,1984,15.95696,-6.0651819454098,44.985257509345,17.4617529337896,4.477791506544645,11.28027,,60.36172103881836,50.24524688720703,55.19670867919922,45.29376983642578,58.6783561706543,54.38995361328125,46.55529022216797,62.224605560302734,52.574161529541016,73.92143249511719,31.226896286010742,69.07098388671875,74.83843994140625,63.30352783203125,72.16152954101562
ESP,1985,15.9619,-7.53534129636444,48.7552131696965,17.465376589438765,4.468506326594052,8.814454,,60.442466735839844,50.625518798828125,54.63368606567383,46.617347717285156,59.164005279541016,54.870784759521484,47.644927978515625,62.096641540527344,52.90674591064453,73.91771697998047,31.895771026611328,69.7145004272461,75.02274322509766,64.40626525878906,71.53787994384766
ESP,1986,15.56495,-6.58465755389752,49.551292237906,17.46836441310691,4.475611167314316,8.794939,,59.949951171875,48.974090576171875,53.94139099121094,44.006778717041016,59.96750259399414,56.33576965332031,50.2458381652832,62.42570114135742,53.559627532958984,73.91932678222656,33.19993591308594,70.00712585449219,75.23123931884766,64.78300476074219,70.90827178955078
ESP,1987,15.31458,-3.73732854682959,48.0162653259276,17.47095770373893,4.498656761541818,5.248024,,59.750465393066406,49.22316360473633,53.37554931640625,45.07077407836914,59.71392822265625,55.41208267211914,51.81338119506836,59.010780334472656,50.554935455322266,66.90945434570312,34.2004280090332,73.17477416992188,75.21177673339844,71.13777160644531,70.31431579589844
ESP,1988,15.28386,-3.85582829677221,44.6478353102687,17.47307835373162,4.509927192926686,4.837267,,58.837181091308594,49.1461296081543,52.74307632446289,45.549198150634766,58.88749694824219,56.39448928833008,53.41533660888672,59.37364196777344,50.64047622680664,65.74972534179688,35.531227111816406,69.62752532958984,75.3670654296875,63.88798904418945,68.47791290283203
ESP,1989,15.44198,-3.5739345509655,45.1330696926009,17.474646115707806,4.526110355132845,6.791436,,62.71180725097656,49.74056625366211,52.95566177368164,46.52547073364258,59.62128829956055,57.24618148803711,53.92161178588867,60.57073974609375,51.70888137817383,66.53599548339844,36.88176727294922,69.9088363647461,75.5311508178711,64.2865219116211,78.77359008789062
ESP,1990,15.87131,-4.84397929524968,46.9808719959683,17.475664404133877,4.540006082548042,6.721821,50.001748275632906,63.86070251464844,50.22779083251953,51.34150314331055,49.11408233642578,60.00005340576172,57.47116470336914,53.99174118041992,60.95058822631836,49.79283142089844,60.7027587890625,38.88289260864258,72.73621368408203,76.18572998046875,69.28670501708984,81.35423278808594
ESP,1991,16.76452,-5.52345268836166,48.8283199233553,17.478209678379386,4.557260948688621,5.934214,49.10873701189755,66.82500457763672,53.49894714355469,51.91558837890625,55.08229446411133,61.350521087646484,58.44978713989258,54.997901916503906,61.901676177978516,50.64165496826172,57.96260452270508,43.320709228515625,74.96012115478516,76.68142700195312,73.23881530761719,85.62554168701172
ESP,1992,17.50582,-4.45820852041281,51.3164615304132,17.483107257433787,4.549793936091348,5.924531,48.29567482365083,68.04206085205078,54.619388580322266,52.993221282958984,56.24555206298828,61.13190841674805,58.6976203918457,55.908485412597656,61.486759185791016,50.67945861816406,55.639442443847656,45.7194709777832,74.01864624023438,77.33338165283203,70.70392608642578,88.3749008178711
ESP,1993,18.41808,-7.62197802347607,64.5817879194497,17.48829269264245,4.53050935334286,4.569072,47.57219651997226,70.01102447509766,58.98556900024414,55.60038757324219,62.37077331542969,60.653621673583984,57.91221237182617,55.96255874633789,59.861854553222656,51.10607147216797,55.64938735961914,46.56275177001953,72.94258880615234,76.49514770507812,69.39002990722656,90.39390563964844
ESP,1994,17.94373,-7.15679284046173,63.3677173988211,17.493053698194142,4.529413487739841,4.718413,46.92785319336223,71.05240631103516,61.11534118652344,57.47083282470703,64.75984191894531,59.95561599731445,57.41455841064453,56.4543571472168,58.374755859375,52.190528869628906,55.28015899658203,49.10090255737305,70.26174926757812,76.35917663574219,64.16432189941406,92.08628845214844
ESP,1995,13.1278258545732,-6.79334896221475,68.2672147638612,17.49746735568952,4.536772119712299,4.673804,46.372558076106046,72.0789566040039,62.0994987487793,57.935142517089844,66.26385498046875,60.91238021850586,58.13335037231445,57.199459075927734,59.06724548339844,53.13581466674805,55.677677154541016,50.59395217895508,71.46797180175781,77.11077880859375,65.82515716552734,93.22493743896484
ESP,1996,12.9934594004246,-5.86588294003837,74.6832983601461,17.501632513671648,4.533747156915835,3.558843,45.97556428053614,72.17865753173828,63.92137145996094,59.053951263427734,68.7887954711914,61.91545104980469,58.84962463378906,57.51614761352539,60.1830940246582,54.831607818603516,55.29734420776367,54.365867614746094,72.06515502929688,78.89689636230469,65.23340606689453,90.69913482666016
ESP,1997,12.6249828988518,-3.8591751754915,73.7285898441339,17.505823708843668,4.535412940298741,1.971078,45.764600080434114,73.32427215576172,66.6913833618164,61.43391418457031,71.9488754272461,62.46847152709961,59.60968017578125,58.185157775878906,61.03419494628906,54.012229919433594,54.886898040771484,53.13755416870117,73.78349304199219,79.7130355834961,67.85395812988281,90.81295776367188
ESP,1998,12.1267048144302,-2.62690371319698,73.698023072257,17.50996218365481,4.551592431576033,1.83433,45.67442808488406,74.86465454101562,69.2328872680664,63.82447052001953,74.64130401611328,64.15493774414062,60.280799865722656,58.669734954833984,61.89186477661133,57.8637580871582,54.478431701660156,61.24909210205078,74.32025146484375,79.7727279663086,68.86776733398438,91.2061538696289
ESP,1999,11.8414023204008,-1.2401678644988,68.3044879225592,17.514015413910037,4.565419648502684,2.310345,45.641773652291974,75.82804870605469,70.88058471679688,64.50208282470703,77.25908660888672,65.29833984375,61.800350189208984,59.30519485473633,64.2955093383789,58.725372314453125,54.83510208129883,62.61563491821289,75.36930847167969,81.19207763671875,69.54653930664062,91.30520629882812
ESP,2000,11.6293398850161,-1.16126621255804,65.4926347617011,17.518486784055394,4.578055277005191,3.433517,45.69551417350451,77.84336853027344,74.45500946044922,68.29532623291016,80.61469268798828,67.1715316772461,63.233646392822266,59.613746643066406,66.8535385131836,61.862648010253906,59.99097442626953,63.73432159423828,76.41829681396484,81.61809539794922,71.21849822998047,91.90355682373047
ESP,2001,11.4013963746758,-0.454948798644139,60.9180578579601,17.52542746489874,4.604533393278644,3.589833,45.922647988184565,78.23241424560547,74.48322296142578,67.31117248535156,81.6552734375,67.98225402832031,64.35100555419922,60.275726318359375,68.42628479003906,63.23148727416992,61.32675552368164,65.13621520996094,76.3642578125,81.87554168701172,70.85297393798828,92.23175048828125
ESP,2002,11.4925894705393,-0.314240594122796,59.5655317014874,17.53955341894632,4.607106280546873,3.065657,45.969741325132745,78.00234985351562,72.46139526367188,66.46937561035156,78.45343017578125,69.56792449951172,65.84429168701172,61.803932189941406,69.8846435546875,63.805747985839844,60.550594329833984,67.06089782714844,79.05374908447266,82.37503051757812,75.73247528076172,91.97772216796875
ESP,2003,11.4613116261339,-0.374867787158814,54.9179439454928,17.557637963628153,4.603800838860113,3.038888,45.6859025843891,78.55936431884766,72.75009155273438,66.2061538696289,79.29403686523438,70.79312896728516,67.22386932373047,63.4154052734375,71.0323257446289,65.97590637207031,61.670860290527344,70.28093719482422,79.17961120605469,82.9012451171875,75.4579849243164,92.13490295410156
ESP,2004,11.5086290591692,-0.109411098540921,53.0265946871087,17.574892626662635,4.593029788689183,3.039249,45.220684412581214,78.61592102050781,72.84986877441406,65.47126007080078,80.22846984863281,70.89239501953125,66.27198791503906,60.5533561706543,71.9906234741211,66.29576873779297,61.405879974365234,71.18565368652344,80.10944366455078,84.47103881835938,75.74784851074219,92.10551452636719
ESP,2005,11.4047506685543,1.23054943207897,50.4383044470447,17.59178611713384,4.587733059088481,3.368814,45.03603129030045,79.10628509521484,72.94739532470703,65.78180694580078,80.11298370361328,71.26053619384766,67.79112243652344,62.07728958129883,73.50495910644531,66.6497573852539,61.5618896484375,71.73762512207031,79.34069061279297,83.8924331665039,74.7889633178711,93.11090087890625
ESP,2006,11.2664382034994,2.12164270589546,46.0426915667638,17.60868964269645,4.58722334046323,3.515576,45.09378232330742,79.77925872802734,73.39008331298828,64.5850830078125,82.19508361816406,71.70954132080078,67.97222137451172,62.3127326965332,73.63172149658203,67.67228698730469,63.06077194213867,72.28380584716797,79.48409271240234,84.05935668945312,74.9088363647461,94.23819732666016
ESP,2007,11.4223959923567,1.88271258355831,42.2741222839781,17.62720045578097,4.583189398823103,2.786798,44.984641697197446,80.4794921875,73.35684204101562,64.78887176513672,81.9248046875,72.6058349609375,69.19569396972656,64.53076171875,73.8606185913086,68.02426147460938,63.18292236328125,72.86559295654297,80.59754943847656,84.56835174560547,76.62673950195312,95.47576141357422
ESP,2008,12.2508162296662,-4.56036863376818,47.5608396737958,17.643153760771607,4.577891215154842,4.075343,45.198817874421735,78.29793548583984,71.62438201904297,64.24695587158203,79.0018081665039,67.60316467285156,69.67711639404297,65.5448989868164,73.80933380126953,68.66570281982422,63.7932014465332,73.53820037841797,64.4666519165039,51.16243362426758,77.77085876464844,95.66627502441406
ESP,2009,14.3872729475578,-11.2373833866112,62.6517488513406,17.65201112057734,4.573064593026451,-0.2878131,45.84982782414535,78.01197052001953,70.70526123046875,61.0547981262207,80.355712890625,67.61849975585938,70.00059509277344,65.67658233642578,74.3246078491211,68.8686294555664,63.515079498291016,74.22216796875,63.986328125,49.474830627441406,78.4978256225586,95.7121810913086
ESP,2010,15.0275960989468,-9.48739491897563,67.3082082727952,17.65661520362785,4.545925351202571,1.799865,46.65770708294956,78.61619567871094,71.23304748535156,63.796485900878906,78.66960906982422,68.40518951416016,71.2164077758789,65.98870849609375,76.4441146850586,69.37923431396484,64.14703369140625,74.61144256591797,64.61990356445312,49.871131896972656,79.36868286132812,96.21031188964844
ESP,2011,15.2324808878159,-9.69177216966567,78.1887170273887,17.660168587592565,4.5210719290138215,3.196102,47.44404223696865,79.23043823242188,72.42758178710938,66.8826904296875,77.97247314453125,69.35449981689453,72.4192886352539,67.04320526123047,77.79535675048828,70.27596282958984,65.2577133178711,75.29420471191406,65.36825561523438,50.78620910644531,79.9503173828125,95.90918731689453
ESP,2012,16.206258132522,-11.4959593190497,96.6997887957498,17.66081784721818,4.4840207453434875,2.446128,48.18443001130209,79.4909896850586,72.97966003417969,68.00753784179688,77.95177459716797,69.38529968261719,71.27054595947266,66.00442504882812,76.53666687011719,71.026123046875,66.04291534423828,76.00930786132812,65.85923767089844,50.866024017333984,80.8524398803711,96.10802459716797
ESP,2013,16.6145047247994,-7.48840737404112,110.757839891113,17.657201159418005,4.4622924866796385,1.408581,49.08231305649919,80.15172576904297,72.96405792236328,67.87368774414062,78.05440521240234,71.62313079833984,71.11711883544922,66.25716400146484,75.97706604003906,74.05128479003906,65.42552185058594,82.67705535888672,69.70098876953125,52.0579833984375,87.34400939941406,95.86798858642578
ESP,2014,16.4309316434204,-6.03648494776934,123.351579336426,17.654118062194566,4.464987522622267,-0.1511148,49.94056367209813,80.96825408935547,75.0233154296875,70.41862487792969,79.62800598144531,72.4843978881836,72.09164428710938,66.50655364990234,77.67674255371094,74.57725524902344,65.85842895507812,83.29608154296875,70.78429412841797,53.470176696777344,88.09840393066406,95.39704895019531
ESP,2015,15.6606678980639,-5.26606274238535,120.303979718741,17.653290569816026,4.486240558246163,-0.5003657,50.463152001926034,81.34102630615234,75.11376953125,70.28345489501953,79.94407653808594,72.58659362792969,71.20933532714844,65.87446594238281,76.54420471191406,75.22046661376953,66.54279327392578,83.89814758300781,71.32994842529297,54.253746032714844,88.40616607666016,96.32272338867188
ESP,2016,15.4687537567889,-4.22105012881058,120.186078486723,17.65406222854216,4.501651506441626,-0.202598,50.796879502624314,81.73672485351562,75.24874877929688,70.08031463623047,80.41718292236328,73.62684631347656,71.93627166748047,65.79258728027344,78.07996368408203,75.58514404296875,66.60498046875,84.56529235839844,73.359130859375,57.610652923583984,89.10761260986328,96.33457946777344
ESP,2017,15.1574668553807,-3.06856953361638,118.478253437536,17.656493569407864,4.507186009238434,1.956076,51.087986425085404,82.54849243164062,76.66097259521484,71.8477783203125,81.47415924072266,74.82276916503906,72.38932037353516,67.23824310302734,77.54039001464844,76.01470184326172,66.40885925292969,85.62052917480469,76.06427001953125,62.57403564453125,89.55451965332031,96.16177368164062
ESP,2018,15.2835657886488,-2.55247154938314,116.804506564512,17.661009306652936,4.509062728442316,1.674981,51.21278722931998,80.83916473388672,76.80378723144531,72.27635192871094,81.33123016357422,74.7936782836914,72.54379272460938,68.21478271484375,76.87281036376953,75.60820770263672,65.69611358642578,85.52029418945312,76.22901153564453,62.889896392822266,89.56813049316406,90.9200210571289
ESP,2019,15.7043494907116,-3.06466407701938,119.744996849351,17.668176284407693,4.509508418384019,0.699519,51.1273134809275,82.87035369873047,77.119873046875,72.43387603759766,81.80585479736328,75.13610076904297,72.99596405029297,68.24497985839844,77.74695587158203,76.2127914428711,65.7412109375,86.68435668945312,76.19953918457031,62.79060745239258,89.60848236083984,96.35504913330078
ESP,2020,20.1928952350927,-9.90928203157236,146.686190571495,17.673276386303904,4.4326355011440715,-0.322753,50.96418707316478,81.72246551513672,74.39784240722656,67.10933685302734,81.68634033203125,74.28958129882812,70.78472137451172,65.3178939819336,76.25154876708984,75.98005676269531,64.5842056274414,87.37591552734375,76.10396575927734,62.35807800292969,89.84986114501953,96.47996520996094
ESP,2021,18.4130139525397,-6.65121240916442,139.300624699508,17.675056853255118,4.439772080343592,3.093135,50.878943744210325,82.5173110961914,76.1153793334961,70.43085479736328,81.79988861083984,74.95159912109375,71.36268615722656,66.55699157714844,76.16838073730469,76.79167938232422,65.99404907226562,87.58930206298828,76.70044708251953,63.102752685546875,90.29813385009766,96.48499298095703
ESP,2022,16.6336761964111,-4.59403521620467,113.694381816342,17.68224540204672,4.466648442248583,8.390576,51.020695883890596,83.08555603027344,78.6604995727539,75.41986083984375,81.90113830566406,75.6922836303711,72.95665740966797,67.99329376220703,77.92002868652344,77.28412628173828,66.77998352050781,87.78826904296875,76.8360595703125,63.341670989990234,90.33045959472656,94.90386199951172
ESP,2023,16.8145207578601,-3.51519431044287,111.056620597414,17.694029063915565,4.468423492677057,3.532361,51.31422284024322,83.56816101074219,78.48624420166016,73.6806411743164,83.2918472290039,77.13092041015625,73.3078384399414,68.11488342285156,78.50079345703125,77.07749938964844,66.19703674316406,87.95796966552734,81.0074234008789,71.27813720703125,90.73670959472656,95.08728790283203
EST,1980,,,,14.205671824049505,,,,,,,,,,,,,,,,,,
EST,1981,,,,14.212719006814135,,,,,,,,,,,,,,,,,,
EST,1982,,,,14.219917773367888,,,,,,,,,,,,,,,,,,
EST,1983,,,,14.22678873738673,,,,,,,,,,,,,,,,,,
EST,1984,,,,14.233310610219881,,,,,,,,,,,,,,,,,,
EST,1985,,,,14.239981243782829,,,,,,,,,,,,,,,,,,
EST,1986,,,,14.24741634340292,,,,,,,,,,,,,,,,,,
EST,1987,,,,14.25519736649504,,,,,,,,,,,,,,,,,,
EST,1988,,,,14.261413586845814,,,,,,,,,,,,,,,,,,
EST,1989,,,,14.265395022321092,,,,,,,,,,,,,,,,,,
EST,1990,,,,14.266059924227935,,,51.22804954795633,,,,,,,,,,,,,,,
EST,1991,,,,14.261038332375978,,,51.36403825123897,45.22642517089844,53.226749420166016,54.97203063964844,51.48146438598633,56.934749603271484,53.54393005371094,62.27098083496094,44.81687545776367,57.82868194580078,80.11361694335938,35.54375457763672,59.431640625,56.01728057861328,62.84600067138672,25.51778221130371
EST,1992,,,,14.242796516822766,,,51.572983052121,48.467220306396484,57.605430603027344,61.73316955566406,53.477691650390625,57.16636657714844,53.77953338623047,62.31534194946289,45.24372482299805,57.66681671142578,80.11173248291016,35.22189712524414,60.05271911621094,55.83391571044922,64.27153778076172,30.62989616394043
EST,1993,,,,14.217053317042401,3.725470583131641,,51.80910675004953,50.25951385498047,59.716064453125,64.14187622070312,55.2902717590332,58.550472259521484,55.404544830322266,63.00763702392578,47.80144500732422,59.76200485229492,80.10088348388672,39.423126220703125,60.484867095947266,55.663150787353516,65.30658721923828,32.511993408203125
EST,1994,,,,14.195667430691904,3.7090103118503364,,51.93814073129075,54.757537841796875,66.6388931274414,75.70233154296875,57.57545471191406,61.48877716064453,59.0578727722168,64.75300598144531,53.36273193359375,61.95869064331055,80.09896087646484,43.818424224853516,63.449764251708984,56.24209976196289,70.65743255615234,36.144962310791016
EST,1995,9.21849752192337,1.04559533523203,12.9073323824128,14.177813435334286,3.7546468058673104,,52.00369049369876,60.21332931518555,70.5970687866211,82.2186279296875,58.975521087646484,60.999229431152344,61.17581558227539,67.0829086303711,55.26872253417969,58.54887771606445,70.02035522460938,47.077396392822266,63.27300262451172,56.08528518676758,70.46072387695312,49.043670654296875
EST,1996,9.76366654366992,-0.348259205953229,12.1292151573398,14.163059788959016,3.794223759640379,,51.93037098411786,62.768558502197266,74.87541198730469,85.46430969238281,64.28650665283203,62.72172546386719,61.773624420166016,67.04953002929688,56.49772262573242,61.947845458984375,76.9169692993164,46.97871780395508,64.44374084472656,57.072975158691406,71.81449890136719,50.70851516723633
EST,1997,9.28055490244889,2.12108237016529,11.0650891446704,14.151650596556689,3.9010151203616004,,51.69170772735845,66.71570587158203,80.40035247802734,87.80970764160156,72.9909896850586,64.25421905517578,62.607521057128906,67.49344635009766,57.721588134765625,63.54457092285156,79.5162124633789,47.57292556762695,66.61058044433594,58.055450439453125,75.16571044921875,55.4925651550293
EST,1998,9.5501730729576,-0.754542650533121,9.92664551935131,14.1420450065108,3.9308636211199035,8.744751,51.09158548854569,67.48672485351562,81.32803344726562,89.50611114501953,73.14994049072266,65.87559509277344,64.0264892578125,68.3983154296875,59.6546630859375,66.20990753173828,80.173095703125,52.24672317504883,67.39038848876953,59.229393005371094,75.5513687133789,55.2566032409668
EST,1999,10.6789637588987,-3.30026195829294,10.7517502811651,14.144989829269953,3.9111768075036477,3.296111,49.6332476232401,68.12601470947266,81.33415985107422,87.82159423828125,74.84672546386719,66.71851348876953,64.79224395751953,68.41935729980469,61.165122985839844,67.78083038330078,80.42884063720703,55.1328125,67.58247375488281,58.2777099609375,76.88725280761719,56.32535934448242
EST,2000,9.72350177755302,-0.0648350673688207,6.79957769030519,14.149826900887252,3.9578883058747256,4.018489,48.421687860632986,69.49592590332031,81.93305206298828,86.54385375976562,77.32225799560547,68.602294921875,66.03736877441406,67.41476440429688,64.65996551513672,70.62757873535156,81.58931732177734,59.66585159301758,69.14193725585938,58.73551559448242,79.54835510253906,57.952423095703125
EST,2001,9.26939227426165,0.267897301870179,6.79914756511151,14.1434572696427,4.014428950638181,5.74828,48.01634016199409,70.7505111694336,83.45849609375,87.23693084716797,79.6800537109375,69.06684112548828,66.60855865478516,67.44918060302734,65.76792907714844,70.76555633544922,82.62093353271484,58.91017532348633,69.8263931274414,62.06073760986328,77.59204864501953,59.726192474365234
EST,2002,8.98546904451549,0.446031874869171,7.53653285416474,14.137122931678464,4.0794793876203475,3.571913,47.69671926647943,70.44580841064453,81.86134338378906,87.10399627685547,76.61869812011719,69.42806243896484,67.42742919921875,67.54415893554688,67.3106918334961,73.05979919433594,82.49917602539062,63.620426177978516,67.79695129394531,58.650753021240234,76.94314575195312,60.048030853271484
EST,2003,8.97137054801609,1.80943871588238,8.35222280287589,14.13084670719787,4.144920242519574,1.334991,47.36278539230052,71.5857925415039,82.87549591064453,86.6686019897461,79.0823974609375,70.43126678466797,69.42753601074219,69.89926147460938,68.955810546875,73.88172149658203,84.33494567871094,63.42848587036133,67.98453521728516,60.57248306274414,75.39659118652344,61.45063400268555
EST,2004,9.2702993512089,2.41345383674607,8.34640007498164,14.124868502093916,4.191354932247212,3.048111,47.056334851151966,73.92735290527344,85.5180892944336,88.44772338867188,82.58844757080078,71.79228210449219,71.15960693359375,72.13395690917969,70.18525695800781,71.66072845458984,78.66414642333984,64.65730285644531,72.55653381347656,64.61062622070312,80.50243377685547,64.47167205810547
EST,2005,8.93134032066788,1.16534067923165,8.25265863301445,14.119145946847318,4.266130171445107,4.079714,46.90510089339641,73.9051742553711,85.142333984375,86.92810821533203,83.35655975341797,71.24099731445312,73.94447326660156,71.28234100341797,76.60659790039062,66.12344360351562,66.916748046875,65.33013916015625,73.65506744384766,67.07160186767578,80.238525390625,65.3321533203125
EST,2006,8.7206972481567,2.84971965412622,8.19801566562377,14.113249391248916,4.341041866490046,4.437621,47.142067404338626,75.91210174560547,85.39865112304688,86.21273803710938,84.58457946777344,75.79722595214844,75.60575866699219,72.57289123535156,78.63864135742188,68.39669036865234,65.90518951416016,70.88819122314453,83.38921356201172,85.61701202392578,81.16141510009766,66.54043579101562
EST,2007,8.47571122017085,2.6930722964996,7.31604745612214,14.108687505898017,4.4005979772893165,6.601326,47.54738659737653,77.11549377441406,85.53720092773438,85.50961303710938,85.56480407714844,78.08537292480469,77.02532958984375,74.96037292480469,79.09028625488281,71.37068939208984,69.93199157714844,72.80937957763672,85.86006927490234,87.80814361572266,83.91199493408203,67.72386169433594
EST,2008,10.5825156326339,-2.64526887761458,8.5944147694187,14.106006168702605,4.354782870662267,10.36236,47.77479620165868,76.47419738769531,84.40636444091797,85.3292465209961,83.48350524902344,75.15626525878906,78.40816497802734,74.62262725830078,82.19371032714844,70.42079162597656,67.35477447509766,73.48682403564453,76.63983917236328,69.71521759033203,83.56443786621094,69.85997009277344
EST,2009,14.4460915509394,-2.72818257551914,13.4048473386777,14.104078487928401,4.240531659589661,-0.07840831,48.07855120996958,76.63758850097656,83.33509063720703,84.55106353759766,82.1191177368164,75.36822509765625,77.60540008544922,74.78427124023438,80.42652893066406,72.34612274169922,70.51966857910156,74.17257690429688,76.15316772460938,68.04365539550781,84.26268005371094,71.2094497680664
EST,2010,13.3579657958027,-0.421329990194072,13.1982806751131,14.101797908243109,4.24264756336924,2.972045,48.53614131222962,77.47308349609375,84.31620788574219,86.32701873779297,82.30536651611328,76.3956298828125,79.19523620605469,75.63168334960938,82.7587890625,72.615966796875,70.33100128173828,74.90093231201172,77.37568664550781,69.55392456054688,85.19744110107422,71.7074203491211
EST,2011,11.6743324074376,0.621821854167397,10.8738184757573,14.098762080006669,4.303958019904461,4.981901,49.263767464087934,78.97716522216797,84.595703125,87.30777740478516,81.88361358642578,78.79780578613281,81.17609405517578,77.40967559814453,84.94251251220703,73.90682983398438,72.63954162597656,75.17411804199219,81.3105239868164,71.81855010986328,90.80250549316406,73.5379409790039
EST,2012,11.0794981221536,-0.392622082504797,14.3754981081616,14.09518263589223,4.335707566704797,3.9334,50.2723815864367,79.31562805175781,85.04444885253906,87.26769256591797,82.82120513916016,78.99006652832031,82.42820739746094,77.45545959472656,87.40094757080078,72.22360229492188,68.57022094726562,75.87696838378906,82.31840515136719,73.29950714111328,91.33729553222656,73.91234588623047
EST,2013,10.9459619384176,-0.217080044733742,14.2354413950387,14.091623717865975,4.345944016545891,2.780567,51.37107129157259,79.53938293457031,84.55219268798828,86.29350280761719,82.81088256835938,79.85174560546875,81.93329620361328,78.22544860839844,85.64114379882812,75.50675964355469,74.44562530517578,76.56788635253906,82.11518859863281,73.93505096435547,90.29533386230469,74.21421813964844
EST,2014,10.8585169834645,0.861687955820497,14.6943833788745,14.089001156114996,4.366390906283541,-0.1061751,52.54790966037929,79.66314697265625,84.44637298583984,86.90633392333984,81.98641967773438,79.54340362548828,81.9073257446289,78.20632934570312,85.60832977294922,74.32051086425781,71.35842895507812,77.28257751464844,82.40238189697266,74.48422241210938,90.3205337524414,74.9996337890625
EST,2015,11.6848958434818,0.249487115909229,13.9155723982424,14.089656681410414,4.3669058394778135,-0.492326,53.617178312462265,80.56954956054688,84.37326049804688,85.95770263671875,82.7887954711914,80.49140167236328,81.39883422851562,77.23186492919922,85.56581115722656,76.00176239013672,73.62203216552734,78.38150787353516,84.07359313964844,74.89279174804688,93.25440979003906,76.8439712524414
EST,2016,11.9207934540153,-0.0870070948335208,14.4395712306596,14.089947803665954,4.382986349000728,0.1486849,54.6487232979755,80.68536376953125,84.86329650878906,86.6281967163086,83.09837341308594,79.720947265625,80.91297912597656,76.73301696777344,85.09294128417969,73.54627990722656,68.3487548828125,78.74381256103516,84.70360565185547,75.73655700683594,93.67064666748047,77.47189331054688
EST,2017,11.6766165404265,-0.526630250644605,14.0086117180856,14.091158509980621,4.41681025887585,3.417236,55.62496456045514,81.36963653564453,85.14237976074219,86.6519546508789,83.6327896118164,81.39787292480469,80.98014068603516,76.95115661621094,85.00914001464844,75.97003936767578,72.88717651367188,79.05290222167969,87.24341583251953,80.90309143066406,93.583740234375,77.56868743896484
EST,2018,11.8978130944217,-0.577694767859031,13.7582270648339,14.094638901360426,4.433058629300623,3.436327,56.34614361151683,81.58562469482422,85.04728698730469,87.16085052490234,82.9337158203125,82.12100219726562,81.86344909667969,78.79263305664062,84.93427276611328,76.66371154785156,73.89839935302734,79.42902374267578,87.83583068847656,81.29331970214844,94.37834930419922,77.58853149414062
EST,2019,11.9991304356192,-0.109015197428899,14.4202489863504,14.098354445250802,4.454309342044883,2.277259,57.06354993276642,80.86917114257812,85.13004302978516,86.7197265625,83.54035949707031,81.4903793334961,81.99047088623047,79.10836791992188,84.87257385253906,73.99180603027344,67.66584014892578,80.3177719116211,88.48886108398438,81.3847427368164,95.59297943115234,75.98707580566406
EST,2020,13.6234634935676,-5.42708832713931,25.8874016689961,14.100330037102578,4.466412979696545,-0.4445311,57.82449317787385,80.95276641845703,85.49370574951172,86.52355194091797,84.46383666992188,81.3822021484375,81.2505874633789,78.07569122314453,84.42549133300781,75.3194580078125,70.35657501220703,80.28234100341797,87.57655334472656,80.81297302246094,94.34013366699219,75.98243713378906
EST,2021,12.4436359694338,-2.57401643661414,25.7662803458249,14.10139000666568,4.487329966196726,4.653167,58.266236198562325,81.16319274902344,86.30757904052734,88.15325927734375,84.46187591552734,80.97784423828125,80.10295104980469,78.86751556396484,81.33839416503906,74.51276397705078,68.01463317871094,81.01090240478516,88.31783294677734,82.19548797607422,94.4401626586914,76.20419311523438
EST,2022,11.413226709021,-1.07623623829556,26.7967982488592,14.114755521780507,4.448047728132787,19.39826,58.386193745053504,80.59476470947266,86.12188720703125,87.62391662597656,84.61982727050781,81.93236541748047,82.66913604736328,79.19660186767578,86.14167022705078,74.36907196044922,67.44194030761719,81.29619598388672,88.7589340209961,82.6052474975586,94.91261291503906,73.73002624511719
EST,2023,12.4759816178886,-2.85111697479451,29.6591105131851,14.130530035141241,4.384197788512689,9.159226,58.4343478723355,80.63981628417969,86.03221130371094,86.45508575439453,85.60934448242188,81.9743423461914,82.15764617919922,80.0420913696289,84.273193359375,74.5826187133789,67.20222473144531,81.9630126953125,89.18276977539062,83.440185546875,94.92535400390625,73.9128189086914
FIN,1980,10.7308377896613,3.43056575715832,13.4531091855235,15.379853819400871,4.7330162678172,11.59462,,68.3529281616211,56.26752471923828,64.98542022705078,47.54962921142578,67.21165466308594,61.368534088134766,43.581382751464844,74.69097900390625,64.3287124633789,85.38794708251953,43.269466400146484,75.20435333251953,78.29801177978516,72.1106948852539,81.53185272216797
FIN,1981,10.9692335986968,4.77846922680215,13.8222334705858,15.384118975849994,4.728109876549897,11.30575,,69.29705047607422,58.09406280517578,66.05998992919922,50.12812805175781,67.87796783447266,61.720924377441406,44.40503692626953,74.68588256835938,65.73393249511719,85.38794708251953,46.07992172241211,75.4054946899414,78.68262481689453,72.12837219238281,81.85968017578125
FIN,1982,11.9344737334081,2.82277783654433,16.1321469049656,15.38972183428941,4.759907436606205,9.58493,,69.98055267333984,58.03596115112305,64.45539093017578,51.61653518676758,69.18640899658203,61.22181701660156,44.165767669677734,73.99141693115234,66.37610626220703,85.4053955078125,47.34681701660156,78.96047973632812,78.8889389038086,79.03202819824219,82.68603515625
FIN,1983,12.7325289089995,1.38155101444969,17.642145056543,15.395681747497505,4.763430230797454,8.366291,,70.01786041259766,58.49771499633789,64.66824340820312,52.32719039916992,68.42649841308594,61.29686737060547,43.94350814819336,74.28914642333984,67.0185775756836,85.40790557861328,48.62925720214844,76.06816864013672,78.89095306396484,73.24539947509766,83.06268310546875
FIN,1984,12.8644137569702,3.06632265952766,17.051637097654,15.401025176806241,4.750649198209503,7.067658,,71.34652709960938,59.99930953979492,64.34243774414062,55.65617752075195,69.25129699707031,62.01806640625,44.83241271972656,74.88374328613281,67.8674545288086,85.80757141113281,49.927337646484375,76.95924377441406,78.9000244140625,75.01847076416016,84.70117950439453
FIN,1985,13.6006869901245,3.32174666362108,18.1074524022269,15.405195865851036,4.752710010757817,5.195623,,72.45767211914062,61.62040710449219,64.71437072753906,58.52643966674805,69.5663833618164,62.280059814453125,45.41322326660156,74.9051742553711,67.41547393798828,85.80553436279297,49.025421142578125,78.08741760253906,78.73634338378906,77.43849182128906,86.0650634765625
FIN,1986,13.9559001850788,3.92385759561187,19.0833608553041,15.408443814810106,4.7547600668796015,2.933578,,71.63807678222656,58.615196228027344,61.16600799560547,56.064388275146484,70.2284927368164,62.91299819946289,46.953041076660156,74.85613250732422,68.22816467285156,85.80742645263672,50.64891052246094,78.62373352050781,78.76497650146484,78.48249053955078,86.01142120361328
FIN,1987,14.1740774662452,1.63913996482294,19.593347077217,15.411280082128146,4.758449143118356,4.113027,,72.18702697753906,60.2322998046875,61.2742919921875,59.19029998779297,71.30978393554688,64.02019500732422,48.67710494995117,75.49279022216797,68.44117736816406,86.18152618408203,50.700828552246094,80.54854583740234,79.25657653808594,81.84051513671875,84.98211669921875
FIN,1988,13.4742989740448,5.09107002560435,18.4990840133276,15.41418697263827,4.7703027549526125,5.085932,,71.20929718017578,59.78740310668945,59.78761672973633,59.78720474243164,71.35198974609375,65.78307342529297,51.941322326660156,76.12322998046875,67.83057403564453,86.18795776367188,49.47319030761719,79.7379379272461,79.25318908691406,80.22269439697266,82.4945297241211
FIN,1989,13.1270669337184,6.73526075410272,16.2692060850351,15.417797160628306,4.787256673488757,6.592911,,69.1926498413086,60.525028228759766,59.696598052978516,61.35347366333008,71.0378189086914,65.89389038085938,51.70272445678711,76.48560333251953,67.70256042480469,86.19853973388672,49.206573486328125,78.86468505859375,79.7920150756836,77.93736267089844,76.09309387207031
FIN,1990,14.3694208697946,5.30869354909635,16.1103953424848,15.422230981367449,4.768026603530369,6.149561,48.592486506846704,70.01136779785156,61.50212860107422,58.69846725463867,64.3057861328125,72.26654052734375,66.70551300048828,53.46189880371094,76.58311462402344,67.88255310058594,86.19210815429688,49.572994232177734,81.50491333007812,80.05487823486328,82.9549560546875,76.36095428466797
FIN,1991,17.944381162772,-0.899750325037681,24.341849375693,15.427692701549327,4.695846126090215,4.310215,48.7791112079152,73.22261810302734,63.137271881103516,58.8875732421875,67.386962890625,72.76142883300781,67.84701538085938,54.6788444519043,77.65579986572266,68.85276794433594,85.3946304321289,52.3109130859375,80.95762634277344,79.58719635009766,82.32806396484375,83.7495346069336
FIN,1992,21.6521595546435,-5.32163328851461,43.7443710309665,15.433311800056789,4.6421621962733,2.919323,48.95154724329894,74.6291275024414,65.13135528564453,62.23870849609375,68.02400207519531,72.77428436279297,67.71116638183594,55.108314514160156,77.08885955810547,67.95784759521484,85.782958984375,50.13273239135742,82.0059814453125,79.67622375488281,84.33573150634766,85.90263366699219
FIN,1993,23.142156290153,-7.98037612428455,56.6777005459481,15.43815034094537,4.622773887614393,2.190654,49.179965361265744,76.45293426513672,69.55815887451172,66.64482116699219,72.47151947021484,72.28954315185547,66.80143737792969,53.886192321777344,76.40225982666016,67.4505615234375,84.99730682373047,49.9038200378418,81.91242980957031,79.17375946044922,84.65111541748047,87.3330307006836
FIN,1994,23.0037729188271,-6.38969176797652,59.2285549727571,15.442460829973669,4.634481821764191,1.088558,49.4863944848771,77.35330963134766,71.13984680175781,67.83808898925781,74.44159698486328,72.7211685180664,66.77902221679688,53.30085754394531,76.7958984375,67.86471557617188,84.61244201660156,51.11697769165039,82.75679016113281,80.19221496582031,85.32136535644531,88.00070190429688
FIN,1995,21.3216324374835,-5.83216527515381,63.7379263975859,15.44627738330824,4.653732200323805,0.7912362,49.803133383328415,78.17936706542969,71.6357650756836,70.02666473388672,73.24486541748047,74.16641998291016,69.56869506835938,58.37700271606445,77.88623046875,69.18694305419922,84.57218170166016,53.80171585083008,83.15323638916016,81.3024673461914,85.00401306152344,88.56413269042969
FIN,1996,20.6997656334271,-3.14384616138933,64.43398904781,15.449557762444515,4.661809720233304,0.6291981,49.99174610793866,78.30965423583984,72.10755157470703,70.66804504394531,73.54706573486328,73.31299591064453,68.77496337890625,58.71745681762695,76.2552490234375,66.72179412841797,78.7431411743164,54.700435638427734,83.8608169555664,80.09620666503906,87.62542724609375,89.29501342773438
FIN,1997,19.0883319490087,-1.1763749954859,62.7409379121938,15.45253153574878,4.69142965870187,1.192557,49.97875719060344,79.3183822631836,74.63414001464844,72.86971282958984,76.39857482910156,73.44268798828125,69.25446319580078,58.55164337158203,77.22212982177734,66.15865325927734,74.46195983886719,57.85533905029297,84.37981414794922,81.4549789428711,87.30463409423828,89.62806701660156
FIN,1998,17.6325032591276,1.67564829653494,59.2970248524051,15.455186265373142,4.72002311083728,1.399471,49.74081912778082,79.8277587890625,75.42292785644531,71.97996520996094,78.86589813232422,74.20722198486328,71.13508605957031,59.61552047729492,79.72260284423828,67.3653335571289,72.87828826904297,61.85237503051758,83.73030090332031,81.72273254394531,85.73785400390625,89.61467742919922
FIN,1999,17.0488935123889,1.68416241094508,52.9734884307421,15.457507427864332,4.735198773447362,1.162237,49.488400009955335,80.34870910644531,76.46849060058594,71.48603820800781,81.45095825195312,74.5017318725586,71.18887329101562,60.324432373046875,79.30064392089844,67.41041564941406,76.22451782226562,58.5963134765625,84.4862289428711,83.53892517089844,85.43353271484375,89.82901763916016
FIN,2000,15.6467672635021,6.88853694660743,53.5370199287317,15.459583493018465,4.755574161390317,3.042096,49.410248794389375,82.2562026977539,81.21084594726562,76.72664642333984,85.69503784179688,75.28748321533203,71.8171157836914,60.523651123046875,80.26754760742188,69.23043823242188,77.61589813232422,60.8449821472168,84.3780746459961,84.25424194335938,84.50190734863281,89.97785186767578
FIN,2001,15.2634963661635,4.97949700234418,50.6849315068493,15.461860366437328,4.772598512152632,2.578441,49.430606324983415,82.6265640258789,80.93275451660156,75.4048080444336,86.46068572998047,75.81648254394531,72.44078826904297,60.91611099243164,81.08285522460938,70.58229064941406,78.63361358642578,62.53097152709961,84.00416564941406,82.85933685302734,85.14899444580078,90.84658813476562
FIN,2002,15.7700080840744,4.08380490433845,50.4298032875236,15.464284176939662,4.778295621108285,1.571221,49.509965562039646,81.71605682373047,78.65809631347656,73.28227233886719,84.03392791748047,76.83139038085938,72.39888763427734,61.88286209106445,80.30386352539062,72.69312286376953,78.06950378417969,67.3167495727539,84.85186767578125,85.21390533447266,84.48983764648438,89.45658111572266
FIN,2003,16.0367533648839,2.44077672462661,51.8317360296347,15.466668749340345,4.782039841472682,0.8774385,49.64105475848952,82.01561737060547,79.05715942382812,73.3443603515625,84.76996612548828,76.74563598632812,73.12616729736328,63.12968063354492,80.65907287597656,73.0206527709961,78.44868469238281,67.59262084960938,83.64408874511719,83.38420104980469,83.90397644042969,90.02767181396484
FIN,2004,15.8698760874632,2.2149287203684,51.7679742473589,15.469572252955532,4.792548311761381,0.1871234,49.85393451015035,83.202880859375,80.14640045166016,73.8041763305664,86.4886245727539,76.33600616455078,72.7779769897461,61.7113037109375,81.1374740600586,73.4633560180664,78.82393646240234,68.10277557373047,82.3315200805664,80.76539611816406,83.89763641357422,92.84628295898438
FIN,2005,15.7221284296698,2.65932250737857,48.5728687160677,15.4729947388984,4.79490439274868,0.6238712,49.915227719235574,82.31376647949219,80.70136260986328,75.98128509521484,85.42142486572266,76.65473175048828,72.89362335205078,62.45664596557617,80.7933578491211,73.47456359863281,79.62476348876953,67.32435607910156,83.13885498046875,81.38179779052734,84.89591979980469,89.35591125488281
FIN,2006,15.3070964532196,3.98817547046471,45.9797178079497,15.476832510261453,4.806179925786397,1.566667,50.14922921995942,83.12299346923828,80.99993896484375,75.17887115478516,86.82100677490234,77.39461517333984,73.9150619506836,63.640045166015625,81.70706176757812,74.12812805175781,79.96159362792969,68.29467010498047,83.72020721435547,80.45051574707031,86.98990631103516,90.74376678466797
FIN,2007,14.4767159024693,5.11175618387782,42.0567842231595,15.481086808582457,4.834484705650672,2.510666,50.29369773260235,84.0378189086914,81.67372131347656,75.4253921508789,87.92206573486328,78.45706939697266,73.93626403808594,63.591949462890625,81.79422760009766,75.27116394042969,81.05926513671875,69.48304748535156,85.62049865722656,84.07849884033203,87.16250610351562,91.75907135009766
FIN,2008,14.6309194709992,4.17960082984562,40.8565118685426,15.485742301427535,4.841080510137815,4.065952,50.22583073904824,82.00899505615234,82.20027160644531,77.44186401367188,86.95867919921875,72.78338623046875,74.44656372070312,64.68534088134766,81.87417602539062,75.64395904541016,81.13307189941406,70.15484619140625,68.4584732055664,51.129974365234375,85.78695678710938,90.67573547363281
FIN,2009,17.183261342064,-2.48163534817178,51.9349602443118,15.490524765362364,4.7939918545412645,-1.22217e-14,50.478405583423125,81.35252380371094,79.77229309082031,73.62800598144531,85.91658020019531,73.09374237060547,75.88145446777344,65.39175415039062,83.87381744384766,74.4516830444336,78.48407745361328,70.4192886352539,69.27993774414062,51.565185546875,86.99468994140625,90.86388397216797
FIN,2010,17.3141214050716,-2.57458264016965,58.8646111816824,15.495099710717023,4.796719973049336,1.184135,51.09506447670674,81.46666717529297,79.80976867675781,76.21249389648438,83.40702056884766,73.66136169433594,77.6970443725586,66.69955444335938,86.08906555175781,74.09693908691406,77.0669937133789,71.12688446044922,69.66814422607422,51.70669937133789,87.62959289550781,90.62063598632812
FIN,2011,17.0843135766867,-1.01287597075713,60.5686676279376,15.499735297792014,4.801002320836453,3.416809,52.22569399320839,81.880615234375,80.253173828125,76.93917846679688,83.5671615600586,74.9928970336914,79.17064666748047,69.30895233154297,86.70928955078125,75.2549057006836,78.70968627929688,71.80012512207031,71.04519653320312,54.77821731567383,87.31218719482422,90.1253433227539
FIN,2012,17.9475790755472,-2.15093473335392,67.7599337252593,15.504493392658846,4.773196027573292,2.808332,53.59209986547143,82.65161895751953,80.61980438232422,77.2247085571289,84.01488494873047,75.65888977050781,80.47644805908203,70.61898040771484,88.0201416015625,75.69427490234375,79.35210418701172,72.03642272949219,71.371337890625,55.107784271240234,87.6348876953125,91.40261840820312
FIN,2013,18.8336928799933,-2.52190449982065,69.5076585895617,15.5091006303867,4.747787127233551,1.478288,55.02822388478316,82.40840911865234,79.58320617675781,76.24484252929688,82.92156982421875,75.60438537597656,79.34370422363281,71.62405395507812,85.25428771972656,75.81281280517578,78.93543243408203,72.69019317626953,72.09477996826172,55.512516021728516,88.67706298828125,91.7718734741211
FIN,2014,19.5030482621263,-2.99482645551479,76.0491608170803,15.513236232461892,4.72310434800209,1.0412,56.416303801180646,83.37838745117188,81.71121215820312,76.72566223144531,86.69676208496094,76.13449096679688,79.82585906982422,72.75003814697266,85.24526977539062,75.39822387695312,78.67814636230469,72.1182861328125,73.61148834228516,56.96135330200195,90.2616195678711,92.00685119628906
FIN,2015,19.7148321534597,-2.42682880414098,79.6995128263683,15.516530071320078,4.704867247522406,-0.207932,57.64433315054999,83.32052612304688,81.10759735107422,76.0976791381836,86.11750030517578,76.22657012939453,78.995849609375,71.5665512084961,84.68649291992188,75.453369140625,78.57231140136719,72.33444213867188,74.55451965332031,59.434059143066406,89.67499542236328,92.35072326660156
FIN,2016,19.5283635503924,-1.7013030961862,81.1113634993993,15.519404285336954,4.715161379488691,0.3566845,58.65911997115133,83.71427917480469,81.17575073242188,75.9815902709961,86.36991119384766,76.77085876464844,79.05502319335938,72.5961685180664,84.00157928466797,75.6448974609375,78.23384857177734,73.05596160888672,75.88009643554688,60.92570495605469,90.83448791503906,92.92530059814453
FIN,2017,18.9256183635506,-0.629266686247803,79.0339376785664,15.52175099065401,4.724095919627493,0.754015,59.60346396761462,84.97386169433594,82.1162109375,77.38519287109375,86.84719848632812,79.10643005371094,79.29033660888672,73.3130874633789,83.86854553222656,76.54434204101562,79.78495788574219,73.30372619628906,81.50613403320312,72.19352722167969,90.8187484741211,93.47010803222656
FIN,2018,18.4894676699511,-0.871908755740479,78.6783381125896,15.523077401061927,4.717105025342997,1.083821,60.47413775546128,85.19103240966797,82.5318832397461,78.30406188964844,86.75968933105469,79.22411346435547,79.5701675415039,74.49039459228516,83.46183776855469,75.95098876953125,78.28471374511719,73.61726379394531,82.19160461425781,73.41363525390625,90.9695816040039,93.5844955444336
FIN,2019,18.2837353994248,-0.93410140953723,78.7806371007644,15.524179317966839,4.718497380222554,1.024094,61.12788227779063,85.17517852783203,83.26322937011719,78.54804992675781,87.97840118408203,78.99427032470703,79.35811614990234,74.75892639160156,82.88217163085938,75.17037963867188,76.3282241821289,74.01251983642578,82.4968490600586,73.46106719970703,91.53263854980469,93.02719116210938
FIN,2020,19.5848333453193,-5.53414527871668,91.4149255246697,15.525615729938966,4.736057166484852,0.2905546,61.68415124594806,84.7192611694336,81.8906478881836,76.20280456542969,87.5784683227539,78.88739013671875,77.38773345947266,71.4913330078125,81.905517578125,76.02139282226562,77.29315948486328,74.7496337890625,83.07772064208984,73.57893371582031,92.57650756835938,93.15249633789062
FIN,2021,18.7334180186844,-2.65231303564826,85.8874274412695,15.52768861588304,4.703003425652847,2.194574,62.15155519866651,85.29527282714844,82.89237976074219,78.07417297363281,87.7105712890625,79.7531509399414,77.11078643798828,71.24996948242188,81.6025619506836,76.55249786376953,78.10762786865234,74.99736785888672,85.28755187988281,77.43748474121094,93.13761901855469,93.02455139160156
FIN,2022,17.6684765250719,-0.173603282680237,81.2076325322032,15.530408061148101,4.682183309101263,7.123507,62.468788370310655,85.34921264648438,84.54749298095703,81.28718566894531,87.80780792236328,80.29238891601562,78.68083953857422,74.14315795898438,82.15974426269531,76.60704040527344,77.9863052368164,75.22776794433594,85.40131378173828,77.58992767333984,93.21269989013672,91.01105499267578
FIN,2023,18.2198025742908,-2.98953607493051,85.2228157471094,15.535399984901913,4.654769023093408,6.250643,62.6357187918865,85.16432189941406,83.6115951538086,79.0857925415039,88.13740539550781,80.6955337524414,78.92501831054688,74.7238998413086,82.14657592773438,76.93660736083984,78.02859497070312,75.84461212158203,86.01858520507812,78.8055419921875,93.23163604736328,91.01216888427734
FRA,1980,15.1096797042743,-0.428612354219766,33.3398039916683,17.827816522047936,4.847570756958169,13.56258,,72.80812072753906,59.63150405883789,63.22615051269531,56.036865234375,64.54559326171875,62.09355545043945,57.32450485229492,66.86260223388672,59.968177795410156,82.55594635009766,37.38040542602539,71.57502746582031,74.9348373413086,68.21521759033203,94.24726104736328
FRA,1981,15.9626263517554,-2.4081729600894,32.392045478366,17.833754063157887,4.840321166718237,13.3144,,73.88845825195312,62.84386444091797,65.43851470947266,60.249202728271484,64.48860168457031,61.3191032409668,56.905765533447266,65.7324447631836,60.093017578125,82.16671752929688,38.01932144165039,72.05367279052734,75.17396545410156,68.9333724975586,94.33287811279297
FRA,1982,16.5644747597651,-2.83853364056795,36.779414084215,17.837406086617417,4.8655940614255195,11.97848,,72.78038024902344,59.92761993408203,63.81849670410156,56.03675079345703,63.77720260620117,60.317501068115234,56.68446731567383,63.950531005859375,60.03514099121094,81.40132141113281,38.66896438598633,70.97895812988281,75.40312957763672,66.55479431152344,94.63629913330078
FRA,1983,16.7036119241459,-2.5423640170582,37.8685476698603,17.842794844318625,4.851732297657079,9.459548,,73.69229125976562,62.645355224609375,63.402015686035156,61.888694763183594,63.59191131591797,59.166988372802734,56.68320083618164,61.65078353881836,59.821441650390625,80.6252670288086,39.01762390136719,71.78730010986328,75.58737182617188,67.98723602294922,94.83958435058594
FRA,1984,16.8917867700098,-2.73593593293448,39.7616011878659,17.847679760138366,4.823698302550953,7.673803,,74.23050689697266,63.83916091918945,64.42506408691406,63.25324630737305,63.47243118286133,59.071571350097656,56.413631439208984,61.72950744628906,59.61513137817383,79.85540771484375,39.374855041503906,71.7305908203125,75.74608612060547,67.71509552001953,95.3799057006836
FRA,1985,17.1016076516882,-2.97024009858424,41.5347181995347,17.852678217940223,4.805787475478715,5.831099,,74.63178253173828,65.00505828857422,64.35388946533203,65.6562271118164,63.718624114990234,59.60365676879883,56.820552825927734,62.386756896972656,59.40748596191406,79.07706451416016,39.7379035949707,72.14472961425781,76.11505126953125,68.17440032958984,95.17164611816406
FRA,1986,16.9183251575014,-3.1965597035395,42.392572195628,17.857789632997846,4.8025284641757695,2.538527,,73.19847869873047,61.53878402709961,60.615638732910156,62.4619140625,64.09136199951172,61.59992980957031,58.57807159423828,64.62178802490234,59.040367126464844,78.30093383789062,39.779815673828125,71.6338119506836,76.34465026855469,66.92296600341797,93.9653091430664
FRA,1987,16.6575738069564,-2.01349327770946,43.961869705417,17.86322055354632,4.793927546828897,3.288898,,72.26658630371094,60.82932662963867,60.031192779541016,61.627464294433594,63.157470703125,58.128028869628906,58.79537582397461,57.46068572998047,58.67124557495117,77.51366424560547,39.828834533691406,72.67313385009766,76.33126068115234,69.01500701904297,92.81295013427734
FRA,1988,16.3735996498111,-2.5667191744611,43.6497270710447,17.869001632114646,4.799061784297714,2.700817,,72.05256652832031,60.98479461669922,59.81624984741211,62.15333938598633,63.54071044921875,58.77368927001953,59.64479446411133,57.902584075927734,58.47089385986328,76.74210357666016,40.19968032836914,73.3775405883789,76.33003234863281,70.425048828125,91.63220977783203
FRA,1989,16.0802951697938,-1.78090169083944,43.4648382716766,17.874971396682643,4.8073070007174135,3.498302,,72.54673767089844,63.58079147338867,61.549095153808594,65.61250305175781,63.65052032470703,58.977447509765625,59.61376190185547,58.34112548828125,58.31052017211914,76.36140441894531,40.2596321105957,73.66363525390625,76.49308776855469,70.83417510986328,90.40890502929688
FRA,1990,16.1786006496157,-2.43274424612773,43.0038540759951,17.880443679753213,4.808183704894917,3.194282,51.79277941117044,72.72515106201172,65.05213165283203,61.479610443115234,68.6246337890625,64.03448486328125,60.25684356689453,60.51044845581055,60.003231048583984,58.07477951049805,75.19172668457031,40.957828521728516,73.77186584472656,77.60231018066406,69.9414291381836,89.08882141113281
FRA,1991,16.6186836187432,-2.86066442720403,44.0078510315174,17.88546409628023,4.809507173290341,3.213407,52.17175195779916,75.22869873046875,66.49761962890625,62.029544830322266,70.96568298339844,64.9869384765625,60.917423248291016,61.142704010009766,60.692138671875,59.5988655090332,74.78623962402344,44.41150665283203,74.44454193115234,77.90303802490234,70.98605346679688,94.2015380859375
FRA,1992,17.010158419711,-4.60173084645265,48.80094650054,17.890444344106477,4.805377869731403,2.36376,52.4882157469949,76.1919174194336,67.29244995117188,62.42941665649414,72.15548706054688,65.38106536865234,61.55120086669922,61.5857048034668,61.51669692993164,59.812137603759766,74.40205383300781,45.22221374511719,74.77983856201172,78.86520385742188,70.69448852539062,95.90220642089844
FRA,1993,17.7845741118045,-6.36191551078364,56.5049981619896,17.894793832951866,4.790870320621546,2.104463,52.68757927519512,77.54824829101562,70.26264953613281,63.243736267089844,77.28158569335938,65.3277587890625,60.80400466918945,60.76140594482422,60.84660720825195,60.3900260925293,73.62857818603516,47.1514778137207,74.78923797607422,78.5573959350586,71.02108001708984,97.05433654785156
FRA,1994,17.7351345533013,-5.42584482285635,60.7353675750964,17.898539050970328,4.78796588869044,1.655515,52.8489827950778,77.0473861694336,67.30447387695312,62.282142639160156,72.32679748535156,66.31024932861328,61.43236541748047,61.4636116027832,61.40110397338867,63.079708099365234,74.02690887451172,52.132511138916016,74.41867065429688,79.0660400390625,69.77132415771484,97.52745819091797
FRA,1995,17.7193833197232,-5.10644493936917,69.0256181981576,17.902180646604286,4.788848472008582,1.796481,52.96215802564005,77.38744354248047,67.3581314086914,62.15288543701172,72.56338500976562,66.79610443115234,61.7192497253418,61.75678253173828,61.68171691894531,63.37517547607422,74.02035522460938,52.72998809814453,75.29386901855469,79.83361053466797,70.7541275024414,98.008056640625
FRA,1996,17.8089321370611,-3.89471725662608,73.9638744612638,17.905755126688046,4.774667191979934,1.982884,53.022918518915354,77.3297119140625,68.1355209350586,62.44523239135742,73.82581329345703,67.4619369506836,62.25467300415039,61.85933303833008,62.6500129699707,63.98368835449219,74.00254821777344,53.96482467651367,76.14747619628906,80.83787536621094,71.45707702636719,96.39163208007812
FRA,1997,17.8571063029186,-3.71016912498225,76.5670550828572,17.909322745166605,4.766758631219619,1.203943,53.07841377467321,78.54569244384766,71.196533203125,64.84544372558594,77.54765319824219,68.29875946044922,62.950103759765625,62.131202697753906,63.76899719238281,64.80522155761719,74.33919525146484,55.27124786376953,77.14095306396484,80.90392303466797,73.37798309326172,96.1417236328125
FRA,1998,17.5000534792088,-2.39019088296458,78.4685560202264,17.91302814747334,4.77526224977758,0.6511269,53.2192971135075,79.39288330078125,73.11886596679688,65.91077423095703,80.32696533203125,68.53440856933594,63.284461975097656,62.2235107421875,64.34541320800781,65.05035400390625,73.90524291992188,56.195465087890625,77.2684097290039,81.17481994628906,73.36199188232422,96.52537536621094
FRA,1999,17.3505678250623,-1.54544128785748,75.1862785317852,17.918186748908575,4.778183799637039,0.5371416,53.458977361130465,79.99629211425781,74.26199340820312,68.62295532226562,79.90103912353516,69.16957092285156,64.55030059814453,61.944236755371094,67.15635681152344,65.18051147460938,73.47400665283203,56.88701248168945,77.77790832519531,81.85308074951172,73.7027359008789,96.55728149414062
FRA,2000,16.8068471269391,-1.3109848714371,73.3280439009334,17.925050106104244,4.778488770709474,1.67596,53.69197196356633,81.38378143310547,77.00434112548828,70.86209869384766,83.14659118652344,70.6019287109375,66.11182403564453,62.07809829711914,70.14555358886719,67.36495971679688,76.50394439697266,58.22597122192383,78.32899475097656,82.31410217285156,74.34387969970703,96.54505157470703
FRA,2001,16.9221373989924,-1.41624380034978,72.5655644420447,17.932340045595225,4.78336215275036,1.634781,53.826354415758615,81.72854614257812,76.74305725097656,69.68777465820312,83.79833984375,71.93738555908203,66.904052734375,62.35731887817383,71.45077514648438,70.09475708007812,78.43318939208984,61.75632095336914,78.8133316040039,82.2879409790039,75.3387222290039,96.50521850585938
FRA,2002,17.2180742384484,-3.1714581485142,76.2377766275578,17.939610375621637,4.778207720979025,1.923412,53.855081202226394,81.53059387207031,75.50062561035156,70.24966430664062,80.75160217285156,73.41546630859375,68.00585174560547,63.21529769897461,72.7964096069336,70.56224822998047,78.08256530761719,63.04194259643555,81.67830657958984,82.52696228027344,80.82965087890625,95.67567443847656
FRA,2003,17.4318910631784,-4.08162737758474,80.091528110526,17.94666676398911,4.767109418994318,2.098472,53.77827556765561,81.53875732421875,74.59725189208984,68.5707015991211,80.62381744384766,74.06761932373047,69.06632995605469,65.17958068847656,72.95307922363281,70.66194915771484,77.75363159179688,63.57026672363281,82.4745864868164,83.73734283447266,81.21183776855469,95.95138549804688
FRA,2004,17.423068122384,-3.56181686577268,81.833220650384,17.953993019014383,4.762342159963349,2.14209,53.73053968874093,82.1172866821289,74.80956268310547,67.62896728515625,81.99015808105469,74.83283996582031,69.86470031738281,65.75029754638672,73.97909545898438,70.74581909179688,77.42425537109375,64.06739044189453,83.88803100585938,85.32427215576172,82.4517822265625,96.70942687988281
FRA,2005,17.5207685921329,-3.5104221675525,83.1854076078668,17.961511870182598,4.7520506790794155,1.745869,53.70540079613358,82.48297882080078,75.66736602783203,68.91468048095703,82.4200439453125,74.93590545654297,70.01595306396484,66.19706726074219,73.8348388671875,72.03229522705078,77.12608337402344,66.93850708007812,82.75944519042969,85.30078887939453,80.21810150146484,96.84564208984375
FRA,2006,17.5488488537074,-2.65476813512044,78.2802342911636,17.968475255930883,4.747733184349253,1.675125,53.60949220531749,83.09049224853516,76.10167694091797,67.6317138671875,84.5716323852539,75.72966003417969,71.0830078125,66.94939422607422,75.21663665771484,73.50696563720703,79.13218688964844,67.88175201416016,82.59899139404297,85.20729064941406,79.99068450927734,97.44017791748047
FRA,2007,17.448384089325,-2.98742619957881,77.3962210017933,17.974657512756817,4.747515510295896,1.487998,53.61805246184168,83.95171356201172,76.65776824951172,67.93233489990234,85.3832015991211,77.31134033203125,73.04840087890625,69.77748107910156,76.31932067871094,75.16110229492188,79.51655578613281,70.80564880371094,83.72451782226562,85.71176147460938,81.73726654052734,97.88600158691406
FRA,2008,17.57383179505,-3.50332715061576,83.6334331646923,17.980237718888297,4.749340917095005,2.812862,53.864441596055265,82.54500579833984,75.48857879638672,68.27906036376953,82.6980972290039,74.25079345703125,73.40730285644531,70.11937713623047,76.69522857666016,74.85391998291016,77.56163787841797,72.14620971679688,74.49114227294922,67.93342590332031,81.0488510131836,97.8956527709961
FRA,2009,19.094256850333,-7.37434983790604,98.0605829433978,17.98537122902155,4.757618094064885,0.08762048,54.24469581525221,82.467041015625,74.51904296875,65.74310302734375,83.29498291015625,74.82027435302734,73.81436920166016,70.43038940429688,77.19835662841797,76.00152587890625,78.16717529296875,73.83587646484375,74.64497375488281,67.4474105834961,81.842529296875,98.06182861328125
FRA,2010,19.0908047497812,-7.15948878941624,101.4223090113,17.99030099273188,4.7487864214582425,1.531123,54.591548563142,82.8919448852539,75.24015045166016,66.68707275390625,83.793212890625,75.49304962158203,74.8791275024414,70.85104370117188,78.90721893310547,77.34446716308594,79.71562194824219,74.97330474853516,74.25553894042969,67.61182403564453,80.89925384521484,97.94261169433594
FRA,2011,19.0339226980264,-5.30708027790081,103.605464960161,17.99512766684195,4.753431049133608,2.111598,55.27640536313234,83.09172058105469,74.73428344726562,67.39830017089844,82.07025146484375,76.71269226074219,75.1634292602539,71.50355529785156,78.82328796386719,78.26545715332031,81.2834701538086,75.24744415283203,76.709228515625,68.704345703125,84.71411895751953,97.82819366455078
FRA,2012,19.4651673067687,-5.17206135098377,111.590248704101,17.9999648160363,4.742857238136108,1.954195,56.29346427222065,83.5887451171875,75.25489044189453,68.43864440917969,82.07112121582031,77.7875747680664,76.5285873413086,71.96202850341797,81.09514617919922,78.91624450683594,81.8851089477539,75.94735717773438,77.9178695678711,68.56078338623047,87.27495574951172,97.72378540039062
FRA,2013,19.7422654230178,-4.93235451653131,112.859573226541,18.00513396616647,4.734773943040273,0.8637155,57.16792246977792,83.57264709472656,75.05062103271484,68.40543365478516,81.69579315185547,78.04511260986328,76.97502899169922,72.6137466430664,81.33631896972656,78.52692413330078,80.41700744628906,76.63683319091797,78.6333999633789,70.44710540771484,86.81970977783203,97.6221923828125
FRA,2014,19.827312864347,-4.56726842582672,120.790720169634,18.009882444628186,4.724006009491043,0.5077588,58.06263676157272,84.48548889160156,77.31371307373047,71.28702545166016,83.34040832519531,78.30326843261719,77.11824798583984,73.21187591552734,81.02462005615234,78.64820861816406,80.36261749267578,76.93377685546875,79.14337921142578,71.58570861816406,86.70105743408203,97.83948516845703
FRA,2015,19.7090299198474,-3.88983999996374,121.479220606469,18.013438137028768,4.7105873900391,0.03751438,58.97389112712263,84.52011108398438,77.30037689208984,71.36966705322266,83.23107147216797,78.3983383178711,77.22621154785156,73.07488250732422,81.3775405883789,78.48485565185547,80.60822296142578,76.36150360107422,79.48392486572266,72.18550872802734,86.7823486328125,97.86161804199219
FRA,2016,19.7380280624882,-3.76744070930032,124.998385866793,18.01607682491442,4.7029999072622335,0.1833349,59.662349731122355,84.55127716064453,78.2412109375,72.3628921508789,84.1195297241211,77.85194396972656,77.11618041992188,72.95560455322266,81.27674865722656,78.93779754638672,80.74226379394531,77.13333129882812,77.50187683105469,73.56102752685547,81.44273376464844,97.5606918334961
FRA,2017,19.5361918906235,-3.35823144483613,124.77910558118,18.018978846077932,4.698398172258519,1.032283,60.26134916605231,84.9512710571289,78.96620178222656,73.1588134765625,84.7735824584961,78.27499389648438,77.18250274658203,73.09323120117188,81.27177429199219,78.85699462890625,80.27655029296875,77.43743896484375,78.78546142578125,75.82878112792969,81.74214935302734,97.61262512207031
FRA,2018,19.4091245730806,-2.31723106327321,122.715976973046,18.022563791896093,4.692771089173001,1.850815,60.82497867807285,85.33879852294922,79.50936126708984,73.68656158447266,85.33214569091797,78.69721984863281,77.04618072509766,72.64862060546875,81.44374084472656,79.52136993408203,80.81675720214844,78.22598266601562,79.52410125732422,76.8216323852539,82.22657775878906,97.8097915649414
FRA,2019,19.3470555217591,-2.39119391112188,122.739247728026,18.025889383186374,4.697926325187477,1.108255,61.339333625721004,85.36465454101562,79.62472534179688,73.68836975097656,85.56108856201172,78.66020202636719,76.5875473022461,72.6560287475586,80.51907348632812,79.52766418457031,80.37049865722656,78.68482208251953,79.86542510986328,77.20018005371094,82.53067016601562,97.80902099609375
FRA,2020,22.337178805528,-8.93716578319014,144.670296669363,18.02913496099673,4.661616972792684,0.4764988,61.77721560851705,84.56407928466797,77.81352996826172,70.49957275390625,85.12745666503906,78.0657730102539,75.7349853515625,71.58578491210938,79.8841781616211,78.92098999023438,78.3543701171875,79.48761749267578,79.54131317138672,76.71537780761719,82.36724853515625,97.8129653930664
FRA,2021,20.171629362965,-6.59121769102299,136.83781129617,18.03270398432062,4.666057944945618,1.642331,62.06394356853887,84.97030639648438,78.85747528076172,72.05077362060547,85.66417694091797,78.35528564453125,75.98355865478516,72.05290222167969,79.91421508789062,79.02197265625,78.25497436523438,79.78897094726562,80.06029510498047,77.22433471679688,82.89627075195312,97.69817352294922
FRA,2022,19.2498366557645,-4.73900552609429,115.470626071516,18.037727193613996,4.663426358181909,5.222367,62.36076265900784,85.45977020263672,81.41575622558594,76.3585433959961,86.47296142578125,78.68992614746094,77.05379486083984,72.72175598144531,81.38583374023438,79.10133361816406,78.13272094726562,80.06993865966797,79.91468811035156,76.88493347167969,82.94444274902344,96.27363586425781
FRA,2023,18.817606490464,-5.47856689980383,116.781525175702,18.040478125048434,4.6644023847156415,4.878357,62.69135999526386,85.22577667236328,80.8606948852539,74.62893676757812,87.09246063232422,78.54743194580078,76.01618194580078,72.84019470214844,79.19216918945312,79.40339660644531,78.49724578857422,80.30953979492188,80.22270202636719,77.0545883178711,83.39081573486328,96.26913452148438
GBR,1980,11.87932,-3.32292970753934,43.8089010270416,17.846457565676534,4.658027534604894,17.96593,,77.40864562988281,69.25569152832031,64.26164245605469,74.24974060058594,70.22550964355469,60.543663024902344,53.601295471191406,67.48603057861328,67.06221771240234,83.49488830566406,50.62952423095703,83.07064819335938,78.83850860595703,87.30279541015625,92.74476623535156
GBR,1981,13.35305,-4.4004692348607,44.1260596870908,17.846805782997098,4.630769811508089,11.87662,,77.90790557861328,70.171630859375,63.44257354736328,76.90068054199219,70.33158111572266,60.785011291503906,53.818145751953125,67.75187683105469,66.76371765136719,83.49488830566406,50.03255081176758,83.44601440429688,79.23494720458984,87.65707397460938,93.22047424316406
GBR,1982,14.16342,-2.6740564357734,42.6532898566144,17.84644735505875,4.659659734907595,8.59887,,78.13056182861328,70.43024444580078,62.9625129699707,77.89795684814453,70.27042388916016,60.81465530395508,54.02933120727539,67.5999755859375,66.43470001220703,83.11631774902344,49.753074645996094,83.56189727783203,79.45087432861328,87.67293548583984,93.6910171508789
GBR,1983,14.09729,-3.36574956983824,41.6724776360692,17.846788368797508,4.673743518814338,4.609302,,78.2905044555664,70.62740325927734,62.62464904785156,78.63014221191406,70.1548843383789,60.68425369262695,53.80475997924805,67.5637435913086,66.10482025146484,82.72837829589844,49.481266021728516,83.6755599975586,79.63334655761719,87.7177734375,94.0892562866211
GBR,1984,14.12313,-3.61055989800611,41.5251905165114,17.84837098742955,4.659255638671121,4.960712,,78.41726684570312,71.72874450683594,64.3110122680664,79.14647674560547,69.83731842041016,60.59682846069336,53.76286315917969,67.43079376220703,65.97405242919922,82.7352294921875,49.21288299560547,82.94103240966797,79.81065368652344,86.0714111328125,93.68571472167969
GBR,1985,14.08528,-2.8222757228341,40.6427417215349,17.85064049968405,4.663492139874927,6.071394,,78.49977111816406,72.325439453125,64.29088592529297,80.35999298095703,70.22583770751953,60.852603912353516,53.75208282470703,67.953125,65.48640441894531,82.34475708007812,48.62805938720703,84.3385009765625,80.1868896484375,88.4901123046875,92.9480209350586
GBR,1986,14.18756,-2.57683850028876,41.5497089117779,17.852956601982395,4.678665636302893,3.427615,,77.84745788574219,71.07194519042969,61.936607360839844,80.207275390625,70.38217163085938,61.320682525634766,54.3788948059082,68.26246643066406,65.27750396728516,81.56840515136719,48.98661422729492,84.54833221435547,80.22346496582031,88.87319946289062,92.0882339477539
GBR,1987,13.30553,-1.77714171844713,41.7524642266948,17.85508297458939,4.692682056043503,4.148918,,78.02111053466797,71.39212036132812,61.28956985473633,81.49467468261719,70.9352798461914,62.463706970214844,56.75296401977539,68.17444610595703,65.41998291015625,81.17051696777344,49.669456481933594,84.92213439941406,80.21661376953125,89.62765502929688,91.7359390258789
GBR,1988,12.31046,-0.0516481519139509,36.5841675919544,17.85730361352901,4.703588331060933,4.2094,,77.42630767822266,70.9172134399414,60.70968246459961,81.12474060058594,70.88721466064453,62.61193084716797,57.01633834838867,68.20752716064453,65.09336853027344,80.78620147705078,49.40052032470703,84.95632934570312,80.21951293945312,89.69313049316406,90.47450256347656
GBR,1989,11.67031,-0.0543415480182418,31.4362601300618,17.85990672802979,4.694298643713326,5.7,,76.994384765625,70.91043090820312,60.6544303894043,81.16644287109375,71.19232177734375,62.89366149902344,57.24250411987305,68.54481506347656,65.28581237792969,80.79295349121094,49.778663635253906,85.39755249023438,80.38218688964844,90.41290283203125,88.8803939819336
GBR,1990,10.8607978586035,-2.01104059797524,28.2620524540211,17.86289603357075,4.67754331130775,8.0,53.89106236138468,76.48137664794922,70.64581298828125,59.99276351928711,81.2988510131836,71.26101684570312,63.620052337646484,58.33562469482422,68.90447235107422,64.63229370117188,80.40048217773438,48.86410140991211,85.53073120117188,80.62133026123047,90.44013977050781,87.53731536865234
GBR,1991,12.7597744326091,-3.03109292744984,28.7219996486675,17.865988512893946,4.654914608993414,7.5,54.337601300948066,78.46483612060547,70.5513687133789,59.374149322509766,81.72858428955078,70.97870635986328,63.94864273071289,58.99103546142578,68.90625,65.45611572265625,79.99850463867188,50.91373825073242,83.53136444091797,80.84535217285156,86.21737670898438,93.86441040039062
GBR,1992,14.1144353362989,-5.49219154053914,33.9772655751881,17.868692824714763,4.650859327906634,4.6,54.77719376391504,78.7344741821289,70.81963348388672,60.873939514160156,80.76534271240234,71.01499938964844,64.24275970458984,59.18313980102539,69.30237579345703,66.00526428222656,79.99950408935547,52.011016845703125,82.79695892333984,80.93978118896484,84.65414428710938,94.36878204345703
GBR,1993,14.52551382299,-6.75737638906028,42.115982879893,17.871090279107626,4.676199269653897,2.6,55.05121003561106,80.25051879882812,72.7766342163086,63.257286071777344,82.29601287841797,71.48827362060547,64.20629119873047,58.94194412231445,69.47063446044922,67.10609436035156,79.99564361572266,54.216548919677734,83.15243530273438,81.27110290527344,85.03376770019531,96.48665618896484
GBR,1994,14.2158573046554,-5.93640308142389,40.7033105819727,17.873636143976217,4.699127678596195,2.2,55.12213448954779,80.6913833618164,73.13325500488281,63.94449996948242,82.32201385498047,72.27291870117188,64.53228759765625,59.150840759277344,69.91372680664062,68.69976806640625,79.99888610839844,57.4006462097168,83.5866928100586,82.07891845703125,85.094482421875,96.66804504394531
GBR,1995,12.9512998256725,-5.05326673279763,45.0578450304926,17.876281618144805,4.712642245766707,2.7,55.00676756648504,80.93466186523438,72.77824401855469,62.46200180053711,83.09449005126953,72.66031646728516,65.00491333007812,59.655067443847656,70.3547592163086,68.80904388427734,80.363037109375,57.25505828857422,84.16698455810547,82.85541534423828,85.47854614257812,97.3653564453125
GBR,1996,12.5005357184066,-3.68420416420786,44.738476010255,17.878827881986954,4.711452154977369,2.9,54.81962647306944,81.15351867675781,73.91167449951172,63.79204177856445,84.03130340576172,73.74690246582031,65.81076049804688,60.791744232177734,70.82977294921875,71.2454605102539,80.7077407836914,61.783172607421875,84.18453979492188,83.2021713256836,85.1668930053711,95.80195617675781
GBR,1997,12.2846009827933,-2.24164966619642,44.132032032557,17.881403415219758,4.727090925086267,2.2,54.61429948917613,81.3643798828125,74.9861831665039,65.22612762451172,84.74626159667969,73.73079681396484,64.88816833496094,59.81573486328125,69.9605941772461,71.82565307617188,80.64435577392578,63.00693893432617,84.47854614257812,83.74754333496094,85.20954895019531,95.37612915039062
GBR,1998,11.7688414933986,-0.465197330798867,41.9695122989361,17.88431747607408,4.734429340586028,1.8,54.34838664797154,81.99623107910156,75.6498794555664,65.27534484863281,86.0244140625,74.65491485595703,65.86921691894531,60.297279357910156,71.44114685058594,73.5763168334961,80.57147216796875,66.5811767578125,84.51921844482422,83.8009262084961,85.23750305175781,95.68392944335938
GBR,1999,11.3880879714124,0.581453307363158,40.4097587534316,17.887651534895927,4.734425614695178,1.7,53.97671590959512,83.22967529296875,77.84040069580078,67.29737854003906,88.38343811035156,75.8111801147461,67.03504180908203,60.70215606689453,73.36792755126953,75.04629516601562,80.86841583251953,69.22416687011719,85.35220336914062,84.5198974609375,86.18450927734375,96.03741455078125
GBR,2000,11.1411108042502,1.31092198787738,37.6856912365365,17.891224543770143,4.741741225451822,1.2,53.43148586592641,84.56755828857422,79.51728057861328,69.03380584716797,90.00077056884766,77.68766784667969,68.83442687988281,60.79612350463867,76.87272644042969,78.35369873046875,83.2442398071289,73.46316528320312,85.87490844726562,85.21167755126953,86.53813934326172,96.49765014648438
GBR,2001,11.456329315482,0.107404450610094,34.9577493052738,17.895074303465783,4.75476391581505,1.6,52.88233278421758,84.69243621826172,79.60027313232422,68.67930603027344,90.521240234375,78.01925659179688,69.25303649902344,61.060211181640625,77.44586181640625,78.77410125732422,84.74131774902344,72.80687713623047,86.03062438964844,85.18135070800781,86.87989044189453,96.4577865600586
GBR,2002,11.5656781421458,-2.01420299318723,35.4344620244931,17.899307674262147,4.75882934789735,1.5,52.49643015595274,84.14401245117188,79.06967163085938,68.65592193603516,89.48344421386719,77.29991912841797,69.84947204589844,61.68317413330078,78.01577758789062,73.19110870361328,85.341064453125,61.04114532470703,88.85918426513672,85.6634750366211,92.05488586425781,96.06243133544922
GBR,2003,11.8234904246408,-3.25414397131445,36.7636891318203,17.903964085398176,4.772160323222049,1.4,52.35729295277899,85.65562438964844,79.62911224365234,69.27461242675781,89.9836196899414,80.82077026367188,70.93011474609375,63.17228317260742,78.68795013427734,81.624267578125,86.33010864257812,76.9184341430664,89.90789794921875,87.05133056640625,92.76446533203125,96.51702880859375
GBR,2004,12.0670297292454,-3.20027339322883,39.8015479681878,17.90965351653239,4.764066987995189,1.4,52.21578634074553,85.59510803222656,79.06816101074219,67.97422790527344,90.1620864868164,81.58853912353516,72.67648315429688,64.84335327148438,80.50960540771484,81.9670181274414,86.61019897460938,77.3238296508789,90.12213134765625,88.15481567382812,92.08944702148438,96.1286392211914
GBR,2005,11.9285876165059,-2.9206812659026,41.0004225204093,17.916519629593125,4.762277373892193,2.1,51.82757156271064,85.7493667602539,79.12442779541016,68.55583953857422,89.69300079345703,82.12136840820312,73.75054168701172,65.74723815917969,81.75384521484375,83.23656463623047,86.58482360839844,79.8883056640625,89.3769760131836,87.61061096191406,91.14335632324219,96.0023193359375
GBR,2006,11.7286374400661,-2.8401440723677,42.0582892561197,17.923870116377337,4.752819523528724,2.5,51.4008482871775,86.03489685058594,78.85636901855469,67.80628204345703,89.90645599365234,83.0006103515625,74.53677368164062,66.15692901611328,82.91661834716797,83.06912231445312,86.54800415039062,79.59024810791016,91.39591217041016,88.2851791381836,94.50665283203125,96.2477798461914
GBR,2007,11.9106948752361,-2.73824853347421,43.1738978154738,17.93165677750175,4.754435781769651,2.4,51.15618620658597,86.08992767333984,78.37286376953125,67.28285217285156,89.4628677368164,83.4385757446289,75.38575744628906,67.36962127685547,83.40188598632812,83.7281265258789,86.53642272949219,80.91983032226562,91.20183563232422,88.13899230957031,94.26467895507812,96.45831298828125
GBR,2008,12.3569277108434,-5.2347515060241,50.8273719879518,17.93952710372494,4.749181209955619,3.5,51.19472265867895,85.02098846435547,78.5523452758789,68.95836639404297,88.14634704589844,80.17173767089844,75.94091033935547,68.0752182006836,83.80660247802734,84.21018981933594,86.91136169433594,81.50902557373047,80.36412811279297,70.05728912353516,90.67095184326172,96.33888244628906
GBR,2009,14.1062576107211,-10.1816113357292,64.9150117316481,17.947091012320875,4.737085423336947,2.0,51.44068525518688,85.29486846923828,79.05371856689453,69.55847930908203,88.54896545410156,80.416748046875,76.39769744873047,68.67469024658203,84.1207046508789,84.78606414794922,87.05839538574219,82.51373291015625,80.0665054321289,68.96255493164062,91.17046356201172,96.41414642333984
GBR,2010,14.1935640292859,-9.30183836031514,75.8602296598247,17.954929898787338,4.727571704459187,2.5,51.73802316477801,85.5038833618164,79.79112243652344,71.61882781982422,87.96338653564453,80.6270980834961,76.434814453125,69.35075378417969,83.51886749267578,85.45960235595703,87.7763671875,83.14283752441406,79.98687744140625,69.36687469482422,90.60687255859375,96.09342193603516
GBR,2011,14.1933369020624,-7.42834974347253,81.4250657107284,17.962744964409705,4.713011090935463,3.8,52.28144451320429,86.26193237304688,80.60110473632812,73.24120330810547,87.96097564697266,81.8664321899414,77.93132781982422,72.10270690917969,83.75993347167969,86.10498809814453,88.87820434570312,83.331787109375,81.56298065185547,70.25992584228516,92.86604309082031,96.31827545166016
GBR,2012,14.395509171595,-8.03260752225428,84.482600665805,17.969867790092547,4.713766701147227,2.6,53.229792089123265,86.30560302734375,80.258056640625,72.56704711914062,87.94904327392578,82.28789520263672,77.95901489257812,72.186279296875,83.73175811767578,86.95980834960938,89.97874450683594,83.94085693359375,81.94486236572266,70.5034408569336,93.38627624511719,96.37086486816406
GBR,2013,14.0778315007458,-5.34798954282708,85.3160589010313,17.976563161212827,4.713169489979558,2.3,54.15481215544307,86.41854095458984,80.43597412109375,72.58121490478516,88.29074096679688,82.39900970458984,77.96430969238281,72.22917175292969,83.69945526123047,87.29337310791016,90.45759582519531,84.129150390625,81.93936920166016,71.02368927001953,92.85505676269531,96.42064666748047
GBR,2014,13.746420161137,-5.49182449098369,87.0943251970187,17.984034518360627,4.721231393482113,1.5,54.843859544782056,86.11229705810547,79.57172393798828,71.56070709228516,87.58273315429688,82.66487884521484,77.58414459228516,71.94032287597656,83.22798156738281,87.66014099121094,90.5716552734375,84.74862670898438,82.7503662109375,72.15055084228516,93.35017395019531,96.10029602050781
GBR,2015,13.6317077765098,-4.56536587682128,87.866686912423,17.99125075839037,4.7155917389635365,0.4,55.40156159373413,86.46842193603516,79.90022277832031,71.52505493164062,88.27538299560547,82.82518768310547,77.06817626953125,71.51644897460938,82.61991119384766,87.79978942871094,90.67191314697266,84.92767333984375,83.60758972167969,73.47187042236328,93.7433090209961,96.6798324584961
GBR,2016,13.2724456416681,-3.29837897818135,87.8251897300976,17.999192955538568,4.717071522760521,1.0,55.92459264530836,86.573974609375,80.41584777832031,72.57131958007812,88.26036071777344,82.43833923339844,76.71089935302734,70.94391632080078,82.47789001464844,85.33798217773438,90.7400131225586,79.93595886230469,85.2661361694336,76.8274917602539,93.70478057861328,96.86775207519531
GBR,2017,12.7784537873557,-2.46268635215094,86.7228144108808,18.00465001573942,4.720193202961326,2.6,56.479959518170006,87.13101196289062,81.2762451171875,73.48108673095703,89.07139587402344,82.7383804321289,75.51252746582031,69.1248550415039,81.90019226074219,85.28604888916016,90.74115753173828,79.83094024658203,87.41654968261719,81.40861511230469,93.42449188232422,97.3783950805664
GBR,2018,12.6712583352538,-2.23244485909053,86.3451445520707,18.009534528872233,4.713304008473049,2.3,57.00444495793181,87.26820373535156,81.56682586669922,73.72171020507812,89.41192626953125,82.99072265625,75.32975769042969,68.88683319091797,81.77266693115234,85.48648834228516,90.76081848144531,80.21216583251953,88.15585327148438,82.7581787109375,93.55352783203125,97.24702453613281
GBR,2019,12.4551405354084,-2.45845757302967,85.6571919955988,18.014680492680636,4.709621332294915,1.7,57.43102135616744,87.41836547851562,81.70674133300781,73.96527862548828,89.44821166992188,83.16413879394531,74.8773422241211,67.9467544555664,81.80792236328125,85.40019226074219,90.1148910522461,80.68549346923828,89.21488189697266,84.52027893066406,93.90948486328125,97.38422393798828
GBR,2020,14.2331349008265,-13.047246332992,105.840114933021,18.016374963564047,4.64648129927026,1.0,57.659380857173915,86.77277374267578,80.29624938964844,71.68119812011719,88.91130828857422,83.00128936767578,73.49673461914062,65.91624450683594,81.07721710205078,85.90103149414062,90.30248260498047,81.49958801269531,89.6060791015625,85.16442108154297,94.04774475097656,97.02080535888672
GBR,2021,13.4737026341122,-7.77207491030017,105.135468626936,18.019964342866405,4.667384320330483,2.5,57.61296083772992,87.08460998535156,80.02486419677734,70.61734771728516,89.43235778808594,83.64033508300781,72.38483428955078,64.60456085205078,80.16510009765625,85.74028015136719,89.6707763671875,81.80978393554688,92.79591369628906,91.40140533447266,94.19041442871094,97.58863067626953
GBR,2022,12.8412129694573,-4.5934418079597,99.6196606434063,18.029177710860257,4.68217665201842,7.9,57.628192344540295,87.12615966796875,81.84193420410156,73.98260498046875,89.70126342773438,83.94168090820312,73.0790023803711,65.84871673583984,80.30928802490234,85.87125396728516,89.64353942871094,82.09896850585938,92.87482452392578,91.48685455322266,94.2627944946289,95.5948257446289
GBR,2023,13.1073631372087,-5.7289095079501,100.031176138196,18.042227508091,4.66106589350541,6.8,57.846397332052035,87.45257568359375,81.23995971679688,72.21054077148438,90.26935577392578,84.37986755371094,73.10330963134766,65.9834976196289,80.22311401367188,86.16253662109375,89.97966003417969,82.34541320800781,93.87371826171875,93.46376037597656,94.28369140625,96.73787689208984
GRC,1980,9.20667,-2.337301227,22.77315326572788,16.081691487602107,4.6192307513118935,24.67589,,56.039161682128906,42.13471221923828,51.928863525390625,32.340553283691406,58.708797454833984,63.63686752319336,61.65154266357422,65.62218475341797,51.870643615722656,67.44789123535156,36.29338455200195,60.766666412353516,49.412559509277344,70.4900131225586,67.33790588378906
GRC,1981,10.97238,-7.76070658,26.97414485305926,16.090657648230824,4.581253365393276,24.50607,,57.65191650390625,45.215755462646484,55.334598541259766,35.09690475463867,59.73865509033203,64.4415054321289,62.63295364379883,66.25004577636719,52.76964569091797,68.61556243896484,36.923728942871094,62.178897857666016,50.09263229370117,72.5408706665039,68.05094146728516
GRC,1982,13.01555,-6.538323599,29.63483146067417,16.096822268632003,4.570592964719802,20.99109,,57.53415298461914,44.73575973510742,54.96508026123047,34.50644302368164,59.699058532714844,64.65167999267578,63.119300842285156,66.1840591430664,52.937503814697266,68.63101959228516,37.24399185180664,61.64616775512695,50.151283264160156,71.50946807861328,68.21887969970703
GRC,1983,13.37402,-6.748020095,33.95920169078894,16.102639517955264,4.532866909007352,20.17948,,58.434261322021484,45.65814971923828,54.91069412231445,36.40559387207031,60.06045913696289,65.13192749023438,63.17317199707031,67.09068298339844,52.78554153442383,68.63113403320312,36.93995666503906,62.432159423828125,50.268558502197266,72.86973571777344,69.62263488769531
GRC,1984,14.0072,-7.555769078,40.50292548614696,16.107621083717266,4.508617445524915,18.45683,,58.7296028137207,46.89072036743164,55.480712890625,38.30072784423828,60.290287017822266,65.16790771484375,62.919921875,67.4158935546875,52.98988342285156,69.03076934814453,36.948997497558594,62.898460388183594,50.883628845214844,73.20531463623047,69.04474639892578
GRC,1985,14.84719,-10.37320709,47.13257876271575,16.111503973508924,4.501008917612365,19.31469,,60.43534469604492,48.52399826049805,56.5528450012207,40.495147705078125,62.99176025390625,65.4277114868164,63.10431671142578,67.75111389160156,52.991947174072266,69.02605438232422,36.957847595214844,71.1340560913086,68.6872329711914,73.23322296142578,69.85079193115234
GRC,1986,14.87947,-8.58791857,47.66007671879611,16.114811564243972,4.480992940877053,23.01544,,60.56510543823242,47.7834358215332,55.360530853271484,40.206329345703125,63.330894470214844,66.56647491455078,65.01437377929688,68.11856842041016,52.41428756713867,67.86157989501953,36.967002868652344,71.59722137451172,68.92922973632812,73.88741302490234,70.64628601074219
GRC,1987,14.92507,-8.560954224,52.98759724441419,16.118155149188265,4.426258951429113,16.39687,,59.595855712890625,48.01681137084961,55.4045524597168,40.62907409667969,62.33559036254883,67.1690902709961,66.12440490722656,68.21377563476562,49.14124298095703,61.62686538696289,36.65562438964844,71.33411407470703,69.13045501708984,73.22545623779297,68.4998779296875
GRC,1988,14.57133,-10.33987116,62.66346640260898,16.121787129061318,4.428432864289936,13.52886,,57.65519332885742,46.96968460083008,54.12348556518555,39.815887451171875,62.147735595703125,66.98790740966797,66.61910247802734,67.3567123413086,48.37114715576172,60.07920455932617,36.663089752197266,71.76559448242188,69.27093505859375,73.90674591064453,63.95425033569336
GRC,1989,14.86142,-12.14489149,65.68556420938236,16.127005638862176,4.431440485262879,13.65556,,56.86214065551758,47.815162658691406,55.24846267700195,40.38187026977539,62.17595291137695,67.38861083984375,66.48600769042969,68.29120635986328,48.38039779663086,60.08976364135742,36.6710319519043,71.41293334960938,69.66954803466797,72.90943145751953,60.72071838378906
GRC,1990,14.75358,-14.04010729,79.58162939896451,16.137583718981997,4.402720274214454,20.43349,49.34905799935262,57.202945709228516,47.078392028808594,55.17404556274414,38.982730865478516,64.10601806640625,67.84292602539062,67.1482162475586,68.53763580322266,53.87443923950195,60.08376693725586,47.66510772705078,71.0936279296875,71.58194732666016,70.67420959472656,60.586727142333984
GRC,1991,14.58217,-9.8634605,82.18660611215749,16.149587244349263,4.418705405886147,19.45585,49.26377148827736,62.99171447753906,47.70884704589844,55.90596008300781,39.511722564697266,63.62534713745117,67.90507507324219,67.97132873535156,67.83882904052734,51.851444244384766,53.0672492980957,50.63564682006836,71.68243408203125,71.68059539794922,71.68402099609375,77.65568542480469
GRC,1992,14.50903,-10.93276636,87.80665633047774,16.157226071573813,4.4040071582391755,15.87707,49.23355193717619,65.53943634033203,52.32758331298828,56.85312271118164,47.80205535888672,64.2094497680664,68.61711883544922,68.727783203125,68.50645446777344,50.962379455566406,53.85005187988281,48.074710845947266,73.70318603515625,72.208984375,74.99141693115234,80.0506820678711
GRC,1993,14.7862,-11.93952797,110.1202716579537,16.16310869076622,4.3756468898098335,14.41127,49.17112771893167,67.9287109375,54.60259246826172,58.301963806152344,50.90324020385742,65.3941879272461,68.15806579589844,68.90963745117188,67.4064712524414,54.20664978027344,52.30073165893555,56.11256790161133,74.43142700195312,72.6341552734375,75.98464965820312,83.73200225830078
GRC,1994,14.79582,-8.262472678,107.9317490533421,16.168115725144922,4.36806615152231,10.87408,49.08905105596901,67.99352264404297,55.70656204223633,58.529624938964844,52.88350296020508,64.55805206298828,67.8298568725586,69.50183868408203,66.15785217285156,54.53880310058594,50.76561737060547,58.31198501586914,71.79015350341797,72.96760559082031,70.7705078125,83.63928985595703
GRC,1995,11.1616921319481,-9.86823465825135,99.2243584993658,16.17278769803692,4.367785737742109,8.934514,48.9292463784505,67.69503021240234,55.478973388671875,56.87054443359375,54.087398529052734,64.43927764892578,68.31895446777344,70.08711242675781,66.55078887939453,51.55767822265625,44.587459564208984,58.527896881103516,74.08207702636719,73.40802764892578,74.66653442382812,83.09465789794922
GRC,1996,11.2910154490081,-8.35054403704995,101.314768621584,16.177194403345528,4.3524975486158075,8.194549,48.75228148853798,68.62042236328125,57.578330993652344,57.67997360229492,57.47669982910156,64.15422058105469,68.35829162597656,69.78466033935547,66.93191528320312,51.94826889038086,43.834957122802734,60.06157302856445,72.71829223632812,73.81610870361328,71.76461029052734,84.03099060058594
GRC,1997,11.3262270944695,-6.24768421090498,106.795469507128,16.182127074793783,4.353524724350261,5.536003,48.620833288027455,69.7688980102539,58.96391677856445,59.40171432495117,58.526126861572266,64.84663391113281,68.83746337890625,70.10077667236328,67.57414245605469,52.9477424621582,45.34394836425781,60.55153274536133,73.30512237548828,73.9027328491211,72.78529357910156,85.38935852050781
GRC,1998,11.7527851910005,-6.48463656469524,105.649776770598,16.18766919382301,4.359922350095631,4.766226,48.57452148317453,71.41082000732422,62.91830825805664,64.15253448486328,61.68407440185547,65.07157135009766,70.12678527832031,71.4658203125,68.78775787353516,52.268165588378906,43.4133415222168,61.122989654541016,73.35366821289062,74.24542999267578,72.57685852050781,86.1063461303711
GRC,1999,12.1452067020807,-6.02403083905867,107.106428948923,16.191503906939197,4.3568775047703365,2.636638,48.66718655133423,73.02662658691406,66.52748107910156,68.10138702392578,64.95357513427734,66.29139709472656,71.21614837646484,72.29765319824219,70.1346435546875,54.74462890625,43.40293502807617,66.0863265991211,73.3668441772461,74.56844329833984,72.3192367553711,86.11710357666016
GRC,2000,12.760612969606001,-4.21485709585403,117.174789881405,16.19559432532158,4.359835638243451,3.151177,48.91606034363481,75.20366668701172,70.86701965332031,73.08341979980469,68.65061950683594,68.2193603515625,72.46617126464844,72.19839477539062,72.73395538330078,58.453643798828125,48.94865036010742,67.9586410522461,74.1159439086914,76.86534881591797,71.71873474121094,86.37545776367188
GRC,2001,13.0189678258195,-5.64234492029569,121.102939730206,16.200793169961198,4.3933309494670505,3.373966,49.25752778035805,75.07807159423828,69.21377563476562,70.75328063964844,67.67428588867188,69.16246032714844,73.66419219970703,72.42547607421875,74.90290832519531,60.130226135253906,51.785545349121094,68.47489929199219,74.00434875488281,76.55908203125,71.77822875976562,86.73115539550781
GRC,2002,12.9595389508623,-6.1968895352679,121.151109832897,16.20445883458268,4.426826347572543,3.629363,49.60123566924605,74.3873519897461,65.40507507324219,68.79631805419922,62.013816833496094,70.338623046875,75.2708511352539,72.60089111328125,77.9408187866211,61.221160888671875,52.06794738769531,70.37437438964844,74.81263732910156,77.88626861572266,72.1357650756836,87.33128356933594
GRC,2003,13.4730257114851,-8.04670986122598,115.395988420182,16.206845266335883,4.46699416088108,3.530651,49.81394017460999,75.41638946533203,67.59481811523438,69.08950805664062,66.10013580322266,70.68084716796875,75.12431335449219,72.52983093261719,77.71880340576172,61.779197692871094,52.10405731201172,71.45433044433594,75.44621276855469,81.09955596923828,70.52174377441406,87.87177276611328
GRC,2004,13.1473352699969,-9.05268886192651,119.768116494411,16.20931940176411,4.491049949086767,2.898848,49.92373900442348,75.93768310546875,68.23224639892578,68.24715423583984,68.21734619140625,71.80208587646484,75.56513977050781,73.50768280029297,77.62259674072266,63.59714889526367,53.22865295410156,73.96564483642578,76.55064392089844,86.03168487548828,68.29418182373047,87.6897201538086
GRC,2005,13.9084714025196,-6.32991979397598,120.229251016823,16.21225189250464,4.478261148513484,3.545073,49.97786637295305,75.69395446777344,67.86133575439453,68.31511688232422,67.40754699707031,71.4703140258789,76.32982635498047,74.41948699951172,78.24015808105469,63.40860366821289,51.97658920288086,74.84062194824219,74.89445495605469,81.69969177246094,68.9714584350586,87.658935546875
GRC,2006,14.2030610561734,-6.04482804158118,118.574010412559,16.215255210514304,4.513411368624474,3.195946,49.96525873600586,76.74479675292969,68.56269836425781,66.78123474121094,70.34415435791016,72.50174713134766,76.12197875976562,73.6463623046875,78.59760284423828,66.0250015258789,55.941123962402344,76.10887908935547,75.55504608154297,82.4680404663086,69.53317260742188,89.07882690429688
GRC,2007,14.7760777766381,-6.80687779458381,116.199819611414,16.217802786333664,4.526116469934413,2.895001,49.92173139702671,78.10850524902344,70.26048278808594,68.54501342773438,71.9759521484375,73.3739242553711,77.3346176147461,75.1875228881836,79.4817123413086,66.3654556274414,55.71934509277344,77.01156616210938,76.6319580078125,83.53700256347656,70.61812591552734,90.58924102783203
GRC,2008,16.2409929300234,-10.3147668925513,120.393163309673,16.220457364700927,4.527478391917063,4.152796,50.02891463532889,77.7737808227539,70.4054183959961,68.93206787109375,71.87877655029297,71.84703826904297,78.91088104248047,75.2358169555664,82.5859375,68.1522445678711,58.734092712402344,77.57039642333984,68.2470703125,65.22654724121094,70.88009643554688,90.94216918945312
GRC,2009,17.7464737134384,-15.4236083075213,137.792684103027,16.223087628714396,4.524691685037124,1.210074,50.41427171544323,76.75411987304688,68.67292785644531,65.81494140625,71.5309066772461,71.41996002197266,77.56396484375,72.1612548828125,82.9666748046875,68.48006439208984,58.81829071044922,78.14183807373047,67.97630310058594,64.25617980957031,71.17884826660156,90.04580688476562
GRC,2010,17.9408342439212,-11.4244567635924,131.254592659348,16.224376433041076,4.440892357593,4.712982,51.03713476878281,76.46964263916016,67.63605499267578,67.64970397949219,67.62239837646484,71.77892303466797,78.26969146728516,72.89635467529297,83.64303588867188,68.462158203125,58.18097686767578,78.74333190917969,68.34980010986328,64.61229705810547,71.53116607666016,89.87757110595703
GRC,2011,19.8510884545278,-10.499569971741,114.530925175083,16.222896920267054,4.323670735016252,3.32987,51.871565678108944,77.0300064086914,68.36498260498047,69.82820892333984,66.9017333984375,72.65440368652344,78.4588623046875,73.44408416748047,83.47361755371094,70.20768737792969,60.683937072753906,79.7314453125,69.01001739501953,64.53836059570312,72.77820587158203,89.9559097290039
GRC,2012,20.8919712991827,-9.31203576992259,171.431829722774,16.217489390761617,4.234392521661493,1.50152,52.81100016740709,77.47116088867188,68.94219970703125,71.9599380493164,65.9244613647461,73.56258392333984,80.04285430908203,74.09593200683594,85.98978424072266,71.42138671875,62.494667053222656,80.34808349609375,68.82984924316406,63.387420654296875,73.36685943603516,89.80033874511719
GRC,2013,19.2607093619858,-13.5969174780856,187.036441288412,16.210238182695036,4.207703946462648,-0.9212719,53.732034447650655,78.05583190917969,69.72013854980469,72.59455871582031,66.845703125,74.06653594970703,80.20581817626953,75.25882720947266,85.1528091430664,71.4073257446289,61.866878509521484,80.94778442382812,70.25495147705078,64.93555450439453,74.64897918701172,90.26508331298828
GRC,2014,19.9691213049523,-3.77232469935559,188.016934000788,16.203577049794717,4.2066800312387755,-1.312242,54.522104036871674,79.48042297363281,73.04792785644531,75.21728515625,70.87857055664062,75.13365936279297,79.5819091796875,74.70948028564453,84.45436096191406,72.8704833984375,63.762046813964844,81.97891998291016,72.7286148071289,67.98314666748047,76.6059341430664,90.12713623046875
GRC,2015,20.001952697418,-5.9054680322919,187.537785928494,16.196988436185933,4.1913758963538035,-1.735902,55.19246382639827,79.1434097290039,71.75396728515625,74.70648956298828,68.80144500732422,75.35581970214844,78.9390640258789,72.50694274902344,85.3711929321289,73.82318878173828,65.06448364257812,82.58189392089844,73.0865478515625,67.31689453125,77.744384765625,90.19876098632812
GRC,2016,20.1446636018596,0.210950872522598,191.468298325807,16.192829305903164,4.182815773135486,-0.8256576,55.85158018539099,79.21717071533203,70.92814636230469,74.2188949584961,67.63740539550781,76.61531829833984,78.16483306884766,71.54645538330078,84.78319549560547,75.02680969238281,66.80614471435547,83.24746704101562,76.6588134765625,72.11546325683594,80.2673110961914,90.0188980102539
GRC,2017,19.353534039802,0.723312013575514,194.7259673523,16.190851473655563,4.178196727765359,1.121259,56.43663225442898,80.38616943359375,72.46533966064453,76.58819580078125,68.34246826171875,78.596923828125,79.05558776855469,72.31147766113281,85.79969787597656,76.85193634033203,70.23628997802734,83.46756744384766,80.04808807373047,76.66964721679688,82.65899658203125,90.02855682373047
GRC,2018,19.0315727316765,0.901361288082927,200.34199684745,16.188822671272973,4.183263635068989,0.6256205,56.900060448046474,81.33978271484375,73.39581298828125,78.58460998535156,68.20702362060547,79.34281158447266,78.59950256347656,72.65086364746094,84.54814910888672,78.85183715820312,73.55642700195312,84.14723205566406,80.73448181152344,76.4925308227539,84.01703643798828,91.2054214477539
GRC,2019,18.6476798241609,0.82351772210137,202.947545431177,16.187769277345733,4.195799099468597,0.2529927,57.28972864776905,81.96405792236328,74.44727325439453,78.38057708740234,70.51396179199219,80.17303466796875,78.62699890136719,73.42866516113281,83.8253402709961,80.50650024414062,76.1236572265625,84.88933563232422,81.54104614257812,77.20632934570312,84.89088439941406,91.20403289794922
GRC,2020,20.4298068853611,-9.56132732877917,239.144142127677,16.185623356280015,4.145907339462552,-1.247972,57.63851940084219,81.61639404296875,73.304443359375,74.93058013916016,71.67829895019531,80.24871826171875,76.64129638671875,69.89070129394531,83.39188385009766,82.48361206054688,79.38203430175781,85.58518981933594,81.79765319824219,76.68478393554688,85.7459945678711,91.2441177368164
GRC,2021,19.2702587190754,-6.92673856532806,223.630987145577,16.17345533138016,4.176848791709676,1.223826,58.382343883907375,82.70478057861328,75.5656509399414,80.13683319091797,70.99445343017578,81.37265014648438,77.58576202392578,71.43462371826172,83.73690032958984,83.948974609375,82.0951919555664,85.80274963378906,82.74082946777344,78.30022430419922,86.15839385986328,91.12493133544922
GRC,2022,17.8798420758786,-2.45556741215721,192.469096126035,16.160856436807453,4.210722255291462,9.645261,58.922929806342374,83.15320587158203,78.12086486816406,84.73463439941406,71.5071029663086,81.98429107666016,78.19645690917969,72.40280151367188,83.9901123046875,84.61833190917969,82.38381958007812,86.85284423828125,83.29017639160156,79.0157241821289,86.56909942626953,89.30907440185547
GRC,2023,17.2249269728189,-1.31529341656121,180.671403558397,16.15802294135018,4.224044398801853,3.464802,58.906245109258684,83.13732147216797,77.58759307861328,81.80594635009766,73.36923217773438,82.29653930664062,78.556396484375,72.78299713134766,84.32979583740234,84.92706298828125,82.4024429321289,87.45169830322266,83.55289459228516,79.0594482421875,86.99649047851562,89.4950942993164
HUN,1980,,,,16.18679319884155,,,,53.674434661865234,48.37535858154297,55.90940856933594,40.84130096435547,50.80750274658203,31.294673919677734,37.01820373535156,25.57114601135254,54.129581451416016,74.28101348876953,33.97814178466797,66.99824523925781,71.77135467529297,62.22513961791992,61.84044647216797
HUN,1981,,,,16.18686097655867,,4.66141,,54.21012878417969,48.40230178833008,55.72196578979492,41.08262634277344,51.10523986816406,31.483308792114258,36.99248504638672,25.97413444519043,54.455589294433594,74.28101348876953,34.63016891479492,67.37682342529297,72.1755142211914,62.578128814697266,63.12281799316406
HUN,1982,,,,16.186271455403556,,6.835808,,54.68723678588867,48.851097106933594,56.55774688720703,41.144447326660156,51.17841339111328,31.32474136352539,36.951820373535156,25.697660446166992,54.484893798828125,74.30536651611328,34.664424896240234,67.7256088256836,72.21600341796875,63.235206604003906,64.0322036743164
HUN,1983,,,,16.184769047876042,,7.279892,,54.77410125732422,48.59125900268555,57.115806579589844,40.06671142578125,51.303321838378906,31.499408721923828,37.27097702026367,25.72783660888672,54.35142135620117,74.30952453613281,34.39332580566406,68.05915069580078,72.93053436279297,63.18777847290039,64.42771911621094
HUN,1984,,,,16.18276806938125,,8.467859,,54.42736053466797,49.32661056518555,57.74605941772461,40.90715408325195,51.445220947265625,31.889591217041016,37.62798309326172,26.151201248168945,54.576236724853516,74.71306610107422,34.43940734863281,67.86981201171875,72.93414306640625,62.805484771728516,62.5102653503418
HUN,1985,,,,16.18094959774693,,6.94234,,54.72087097167969,49.9780158996582,57.51226043701172,42.44377899169922,51.69485092163086,32.25838088989258,37.778194427490234,26.738569259643555,54.56278991699219,74.32240295410156,34.80317687988281,68.26337432861328,73.1256332397461,63.40111541748047,62.489742279052734
HUN,1986,,,,16.179243806295396,,5.291667,,56.09567642211914,49.116310119628906,55.80789566040039,42.42470932006836,51.61338806152344,32.888267517089844,38.34903335571289,27.427505493164062,54.78147506713867,74.7137680053711,34.849185943603516,67.17044067382812,73.33123016357422,61.00965118408203,67.55732727050781
HUN,1987,,,,16.177565818413385,,8.674317,,55.64747619628906,49.57322311401367,55.58491897583008,43.561527252197266,52.17683792114258,33.60038757324219,39.366580963134766,27.834196090698242,55.113460540771484,74.6945571899414,35.532371520996094,67.816650390625,73.3100357055664,62.32326889038086,65.19236755371094
HUN,1988,,,,16.176033089057835,,15.72355,,57.29363250732422,50.01615905761719,55.82472610473633,44.20759963989258,53.257164001464844,34.184383392333984,40.1227912902832,28.245975494384766,54.824462890625,74.70377349853516,34.945152282714844,70.76264953613281,73.29863739013672,68.2266616821289,68.60758972167969
HUN,1989,,,,16.165143250123815,,17.14915,,57.325706481933594,50.939029693603516,55.90107345581055,45.97698974609375,53.42753219604492,34.910892486572266,41.28789138793945,28.533885955810547,54.859771728515625,74.7181625366211,35.00137710571289,70.5119857788086,73.48749542236328,67.53646850585938,67.61058807373047
HUN,1990,,,,16.154812077154816,,28.36959,50.68179451273033,58.66340255737305,52.320499420166016,59.07013702392578,45.57086181640625,55.7413215637207,39.90810775756836,50.44297790527344,29.373239517211914,55.62841033935547,75.87539672851562,35.38142776489258,71.68746948242188,73.48677825927734,69.8881607055664,67.92838287353516
HUN,1991,,-2.397976399,78.23037719726562,16.154755395320922,4.062169760235017,34.81754,49.89503560610724,60.33561706542969,51.57395553588867,57.667354583740234,45.480552673339844,57.91936111450195,44.314292907714844,52.824398040771484,35.8041877746582,55.41680908203125,75.07026672363281,35.76335906982422,74.0269775390625,73.50154876708984,74.55241394042969,71.51353454589844
HUN,1992,,-5.738077479,80.10309600830078,16.15436402948824,4.01879652033218,23.65572,49.210057368222024,62.752750396728516,53.40122985839844,58.769927978515625,48.032527923583984,60.47157287597656,45.68806076049805,53.37984848022461,37.99626922607422,61.70336151123047,74.68254089355469,48.72418212890625,74.0232925415039,73.75626373291016,74.29032897949219,74.3854751586914
HUN,1993,,-5.307867236,90.87667846679688,16.15322367354431,4.0091969382743775,22.46424,48.60970082278576,64.92841339111328,54.72010040283203,57.43976593017578,52.00045394897461,61.065486907958984,46.4893913269043,53.01225280761719,39.96652603149414,63.86899185180664,73.89607238769531,53.8419075012207,72.83808898925781,72.99656677246094,72.67961120605469,78.99964904785156
HUN,1994,,-8.923234752,90.67198181152344,16.15185484250128,4.018596587023887,18.86808,48.154591137872146,67.15508270263672,57.154624938964844,59.82469940185547,54.48455047607422,62.402679443359375,47.45985794067383,53.36162185668945,41.55808639526367,66.94430541992188,73.90167236328125,59.986934661865234,72.80390167236328,73.85459899902344,71.75320434570312,81.9079818725586
HUN,1995,14.8056282686748,-8.57090087000716,87.2227603600256,16.150462642465264,4.008383869434096,28.30546,47.861766173195974,69.04844665527344,60.66231155395508,62.493804931640625,58.8307991027832,63.31196212768555,47.13347625732422,50.30485153198242,43.96211242675781,69.68121337890625,75.0093002319336,64.3531265258789,73.1211929321289,74.15222930908203,72.09015655517578,83.17102813720703
HUN,1996,13.1741833146361,-4.36006613493879,75.6642728653718,16.148744926378974,3.9865028598536547,23.46903,47.58990738021176,71.64241027832031,66.94487762451172,66.06124114990234,67.82852172851562,62.7196159362793,47.55017852783203,49.77915954589844,45.32119369506836,67.90096282958984,70.69296264648438,65.10894012451172,72.70777130126953,73.58634948730469,71.82918548583984,85.26275634765625
HUN,1997,12.3597227775556,-5.53878787468063,66.9880070570642,16.146730337015615,3.988429318657121,18.30508,47.302811074815985,73.14031219482422,69.98809814453125,69.94939422607422,70.02681732177734,63.52384948730469,48.65968704223633,50.16843032836914,47.15093231201172,68.98869323730469,70.95697021484375,67.02041625976562,72.92314910888672,74.61773681640625,71.22856903076172,85.90899658203125
HUN,1998,12.8533296314217,-7.41251963174775,65.3815048404502,16.144403543646952,4.006663433726267,14.15379,47.106141806115524,74.0936279296875,71.50346374511719,72.6202392578125,70.3866958618164,64.54138946533203,49.18525314331055,49.79881286621094,48.57168960571289,69.92195892333984,71.19964599609375,68.64427947998047,74.5169448852539,77.18759155273438,71.84628295898438,86.23605346679688
HUN,1999,13.0226615987324,-5.26730859890467,67.380634434184,16.1415709375421,4.014434655452356,9.997744,46.86246741420101,75.29203796386719,72.14872741699219,73.00846862792969,71.28898620605469,66.11422729492188,51.807838439941406,50.793190002441406,52.822486877441406,72.33598327636719,77.09051513671875,67.5814437866211,74.19889831542969,77.19493865966797,71.20286560058594,87.61312103271484
HUN,2000,12.5709251769695,-3.03768486009789,61.9835579298833,16.138973288459212,4.02668330374488,9.803608,46.51349690012087,76.17166900634766,73.53046417236328,75.0724868774414,71.98844909667969,67.363525390625,52.8028450012207,50.822792053222656,54.78289794921875,73.82679748535156,82.12031555175781,65.53327941894531,75.4609603881836,79.0410385131836,71.88087463378906,87.62097930908203
HUN,2001,12.4071119746796,-3.99567976403368,60.1376288543077,16.13667949662613,4.0620353627700805,9.116809,46.07969475127922,77.78486633300781,75.60557556152344,74.75090026855469,76.46024322509766,69.57081604003906,54.2188835144043,51.94248580932617,56.495277404785156,75.57933044433594,83.87818145751953,67.28047180175781,78.91423034667969,85.28324890136719,72.54521179199219,88.17821502685547
HUN,2002,13.0807341314812,-8.79413023237306,60.9197324711944,16.133831982854158,4.10248928705169,5.265448,45.7484195392198,77.40687561035156,74.07166290283203,72.86322021484375,75.28010559082031,70.01129150390625,54.76268005371094,53.266624450683594,56.25873947143555,75.755859375,83.73812103271484,67.77359008789062,79.51534271240234,86.16338348388672,72.86730194091797,88.1376953125
HUN,2003,13.6693667674353,-7.19105073774153,61.8911252008434,16.13096765017287,4.130192896574971,4.661017,45.52609579316164,78.0846939086914,74.57231903076172,72.53118896484375,76.61346435546875,70.51422119140625,55.16632080078125,53.91497802734375,56.41766357421875,77.58723449707031,85.52371215820312,69.65076446533203,78.78909301757812,83.66838073730469,73.90980529785156,89.16756439208984
HUN,2004,13.6770403531222,-6.59728409718238,65.2823377548845,16.12875325638632,4.154993779814489,6.744347,45.288275979050155,80.67940521240234,80.81079864501953,81.268310546875,80.3532943725586,72.4159164428711,56.57218551635742,55.729087829589844,57.41527557373047,78.09257507324219,85.29087829589844,70.89427185058594,82.5830078125,86.10942077636719,79.05657958984375,88.81153106689453
HUN,2005,14.1921057764763,-7.78660550887102,68.0169378315466,16.12676446795395,4.177466017990917,3.561517,45.11497125988245,81.11161041259766,81.38890075683594,81.126708984375,81.65108489990234,73.2550048828125,61.525917053222656,56.815399169921875,66.23643493652344,76.3363265991211,78.4400405883789,74.23260498046875,81.90274810791016,85.27542114257812,78.53007507324219,88.6909408569336
HUN,2006,14.6141331025733,-9.2687021093581,71.4858048588129,16.125207303107437,4.193318144777052,3.930326,44.980492195798675,81.91084289550781,83.20573425292969,80.36808776855469,86.04339599609375,73.28876495361328,62.24273681640625,57.46966552734375,67.01581573486328,74.83570861816406,72.4886703491211,77.1827621459961,82.7878189086914,85.53972625732422,80.0359115600586,89.23805236816406
HUN,2007,15.0422665796822,-5.08530462461745,72.5813825885462,16.123658151526826,4.178969738943449,7.958745,44.95785448455875,82.52392578125,84.11894989013672,81.5008316040039,86.73707580566406,73.88261413574219,64.7182388305664,61.10612869262695,68.33035278320312,73.54285430908203,68.72509765625,78.36061096191406,83.3867416381836,85.8019027709961,80.97156524658203,89.57015228271484
HUN,2008,15.4784039430711,-3.78489643647684,76.4585190518819,16.121907177852076,4.194047624628117,6.042512,45.05488153711944,81.00454711914062,83.40450286865234,81.34545135498047,85.46356201171875,69.15694427490234,64.73412322998047,60.12400817871094,69.34423828125,75.50688934326172,71.27102661132812,79.74275970458984,67.22982025146484,51.60939025878906,82.85022735595703,90.45221710205078
HUN,2009,15.9970643574456,-4.75927731054338,85.8145671344049,16.12035808971257,4.1677234698633425,4.211712,45.24082442507382,81.37389373779297,84.7531967163086,82.79977416992188,86.70659637451172,69.0528564453125,64.82036590576172,60.66791915893555,68.97280883789062,73.61543273925781,67.3115463256836,79.9193115234375,68.72280883789062,51.84285354614258,85.60276794433594,90.31565856933594
HUN,2010,15.4523515441924,-4.43619637800253,86.8218161337133,16.118097950955676,4.156721749359162,4.855558,45.34743917296334,81.29344940185547,83.8489761352539,82.69127655029297,85.00664520263672,70.06070709228516,65.9573745727539,61.26464080810547,70.65010833740234,75.26148223876953,69.99087524414062,80.5320816040039,68.96327209472656,51.09368896484375,86.83285522460938,89.97066497802734
HUN,2011,15.1912613012155,-5.21983170895142,95.8288741975486,16.115264346596206,4.163832517801362,3.929921,45.492137125278546,80.9041976928711,82.61746978759766,82.06551361083984,83.1694107055664,69.93132781982422,66.42314147949219,61.73422622680664,71.11204528808594,75.81332397460938,70.5084228515625,81.11823272705078,67.55755615234375,52.48776626586914,82.62735748291016,90.1637954711914
HUN,2012,15.0310280096682,-2.33058716403323,99.1142595161628,16.110099970530726,4.148492111844916,5.652145,45.918319317644944,80.96310424804688,81.9725112915039,81.78361511230469,82.1613998413086,70.73942565917969,67.28653717041016,62.206485748291016,72.36659240722656,77.15373229980469,72.5768814086914,81.7305679321289,67.77799987792969,52.6153450012207,82.94063568115234,90.17737579345703
HUN,2013,14.6761115057062,-2.5982156086686,98.0481551407122,16.10528737406514,4.1617834669278535,1.7332,46.55185645517238,81.09286499023438,81.69052124023438,81.70893096923828,81.67212677001953,71.23184967041016,68.12702941894531,63.931121826171875,72.32293701171875,77.2033920288086,72.07585906982422,82.3309326171875,68.36515808105469,54.37168884277344,82.358642578125,90.3561782836914
HUN,2014,13.683072687322,-2.77297492260128,100.832677110785,16.10125849829261,4.192663544370841,-0.2275663,47.38323449866512,81.88675689697266,83.90899658203125,83.99373626708984,83.82425689697266,71.74906921386719,68.50578308105469,64.774169921875,72.23741912841797,77.7225341796875,72.49778747558594,82.94728088378906,69.01885223388672,54.84156799316406,83.19613647460938,90.0022201538086
HUN,2015,12.7946321190473,-2.00287525237779,98.9619307038165,16.09766383576494,4.212601041341994,-0.06164468,48.25169703849344,81.42442321777344,81.2931900024414,83.04296112060547,79.54339599609375,72.78978729248047,67.316650390625,64.52508544921875,70.10822296142578,80.56829833984375,72.87823486328125,88.25836944580078,70.484375,56.42638397216797,84.54237365722656,90.1902847290039
HUN,2016,12.4805180849618,-1.79164770363596,98.6149602490996,16.093777855615187,4.228177644750314,0.3947693,49.14196899236178,81.74566650390625,81.25340270996094,83.25142669677734,79.2553939819336,73.75877380371094,67.9432601928711,65.95130157470703,69.93521118164062,80.7681884765625,72.31656646728516,89.21981048583984,72.56488800048828,59.98691940307617,85.14286041259766,90.224853515625
HUN,2017,11.8810342575105,-2.45493248678579,93.2153146808862,16.090390996721485,4.250758008632453,2.348243,49.95950667989464,82.29191589355469,81.54048156738281,83.6046371459961,79.4762954711914,74.98291778564453,68.68409729003906,67.24915313720703,70.11904907226562,80.81209564208984,72.29203796386719,89.33216094970703,75.45257568359375,66.6634292602539,84.24172973632812,90.35233306884766
HUN,2018,11.2609296545639,-2.04647019202651,86.674082444444,16.088354124023635,4.289942444514961,2.850248,50.77444016607462,81.84608459472656,80.87059783935547,83.68312072753906,78.05807495117188,74.49221801757812,70.06608581542969,69.89115142822266,70.24102020263672,80.59221649169922,72.13915252685547,89.04528045654297,72.81832885742188,67.45600891113281,78.18065643310547,90.17543029785156
HUN,2019,10.6510287252764,-2.02429403316978,83.6448584094749,16.087102692806642,4.329682577902529,3.338586,51.866154849897285,81.52672576904297,81.11750030517578,83.79792022705078,78.43708038330078,74.1490707397461,68.7066421508789,70.26329803466797,67.14998626708984,80.36275482177734,70.67523193359375,90.0502700805664,73.3778076171875,70.35421752929688,76.40140533447266,89.3135986328125
HUN,2020,11.0177413160029,-7.48686161952176,96.5948800033175,16.08458219637701,4.332278829612747,3.326744,53.018285446645294,81.27474975585938,80.93138122558594,82.79338073730469,79.0693588256836,73.42185974121094,67.7212905883789,68.36852264404297,67.07404327392578,81.00101470947266,70.96703338623047,91.03499603271484,71.5432357788086,68.38068389892578,74.7057876586914,89.47101593017578
HUN,2021,10.7143159277935,-7.10735567980594,88.3829821149765,16.080490559984383,4.348595773929979,5.110965,53.77584557353639,81.34689331054688,80.93290710449219,83.4144287109375,78.45136260986328,73.38619232177734,67.70319366455078,68.79864501953125,66.60773468017578,79.96158599853516,68.35322570800781,91.56993865966797,72.4937973022461,69.71505737304688,75.27254486083984,89.72163391113281
HUN,2022,10.3808249201534,-6.19574713323968,77.4477301114712,16.077802058475783,4.366322721162562,14.60814,54.22137830622077,81.54623413085938,82.26612854003906,85.26570129394531,79.26656341552734,74.22089385986328,69.6347885131836,69.2896728515625,69.97990417480469,80.22040557861328,68.76600646972656,91.67479705810547,72.80751037597656,69.87568664550781,75.73933410644531,88.15165710449219
HUN,2023,10.7952519354487,-6.70575593419838,82.3919622403972,16.07645936666078,4.348710049802787,17.12497,54.570348045646355,82.01068878173828,81.965087890625,84.8879165649414,79.0422592163086,75.36267852783203,68.24227142333984,70.4356918334961,66.04885864257812,80.67839813232422,69.16866302490234,92.18811798095703,77.16739654541016,78.12042236328125,76.21437072753906,88.70426177978516
IRL,1980,12.60269,-11.20289297,69.47341265371104,15.043043626699223,4.401324097631334,18.15446,,70.27009582519531,73.47980499267578,76.75662994384766,70.20298767089844,69.75411224365234,74.72801208496094,80.0770263671875,69.3790054321289,58.37191390991211,84.96788024902344,31.77593994140625,76.65821075439453,72.58026885986328,80.15045928955078,67.56402587890625
IRL,1981,13.60771,-12.25882823,73.92073034300243,15.05475397637213,4.4083238494452255,20.37351,,70.3028564453125,73.25774383544922,75.76971435546875,70.74576568603516,70.38932800292969,74.86761474609375,80.10736846923828,69.62786865234375,59.154083251953125,84.96788024902344,33.34029006958008,77.66529846191406,73.16973114013672,81.51949310302734,67.26351165771484
IRL,1982,15.6012,-13.28937197,79.54512654070639,15.064208131069718,4.427198355403936,17.14711,,69.94546508789062,72.77444458007812,76.21903991699219,69.329833984375,70.4744873046875,74.85010528564453,80.14180755615234,69.55840301513672,59.327022552490234,84.98876190185547,33.66529083251953,77.76361083984375,73.36180877685547,81.5406265258789,66.60001373291016
IRL,1983,16.28505,-11.60157864,92.94301401400196,15.071297521004382,4.396519811850535,10.44763,,70.85203552246094,74.14994049072266,77.87896728515625,70.42091369628906,70.47847747802734,74.8030776977539,80.20108032226562,69.40507507324219,59.494476318359375,84.9918212890625,33.99713897705078,77.64643096923828,73.8818130493164,80.8768539428711,67.91881561279297
IRL,1984,16.1112,-9.535407969,97.05424747772744,15.077494595709476,4.393121508307804,8.65111,,71.54507446289062,75.21183013916016,79.51451110839844,70.90913391113281,70.52845764160156,74.94580078125,80.24169158935547,69.64990234375,59.827266693115234,85.00462341308594,34.64990997314453,77.29312896728516,74.25902557373047,79.89592742919922,68.87088012695312
IRL,1985,16.49185,-10.811504,99.97539351435093,15.079095330369409,4.391559081195851,5.395495,,72.35508728027344,76.33731079101562,80.00263977050781,72.67198181152344,70.9716567993164,75.089111328125,80.28490447998047,69.893310546875,59.99800109863281,85.0024642944336,34.993534088134766,78.35215759277344,74.48778533935547,81.6674575805664,69.72355651855469
IRL,1986,17.1803,-10.63507127,111.104268707074,15.079549710653957,4.365114502369148,3.827038,,72.59598541259766,75.71544647216797,78.74372100830078,72.6871566772461,71.26504516601562,75.06768035888672,80.32865905761719,69.80670166015625,60.011444091796875,85.00472259521484,35.01817321777344,79.28376770019531,74.91888427734375,83.03056335449219,70.77605438232422
IRL,1987,16.73998,-8.579541539,112.3989164511382,15.079653386675242,4.381928954903368,3.159406,,71.9756851196289,76.02694702148438,78.95335388183594,73.1005630493164,71.58589172363281,75.11211395263672,80.3741455078125,69.85008239746094,61.00880813598633,85.37617492675781,36.641448974609375,79.17450714111328,75.0636215209961,82.70277404785156,68.30501556396484
IRL,1988,16.08275,-4.64136534,107.1420590764447,15.075376526038736,4.3999604825753496,2.134571,,70.90335845947266,76.1043472290039,79.24662780761719,72.96207427978516,72.00647735595703,75.43029022216797,80.41394805908203,70.4466323852539,61.831539154052734,85.38398742675781,38.27908706665039,79.27240753173828,75.2149658203125,82.75489044189453,64.62532043457031
IRL,1989,14.20971,-2.649669945,97.89533326711991,15.071414018519542,4.4334143864751905,4.08905,,70.09060668945312,76.27490997314453,79.81645965576172,72.73336791992188,72.42838287353516,75.33968353271484,80.4480972290039,70.23124694824219,62.379119873046875,85.78521728515625,38.973018646240234,80.11030578613281,75.44496154785156,84.11497497558594,61.62366485595703
IRL,1990,12.39677686,-2.80625135944592,93.24354596860455,15.07225814872628,4.494125076934999,3.317329,62.57665078517608,70.17124938964844,75.97930908203125,79.2484130859375,72.710205078125,72.8050537109375,75.53133392333984,80.4852523803711,70.5774154663086,62.59281539916992,86.16612243652344,39.019500732421875,80.85920715332031,75.48221588134766,85.47760009765625,61.79127502441406
IRL,1991,13.08160193,-2.85536391930233,94.61617855024804,15.078007426538338,4.501434804639422,3.210815,61.24323350206331,71.5732650756836,76.50421905517578,79.56771087646484,73.44070434570312,72.7913589477539,75.67231750488281,80.65784454345703,70.6867904663086,62.76081848144531,86.14201354980469,39.37963104248047,80.47798156738281,75.43278503417969,84.81822204589844,65.45259094238281
IRL,1992,13.53793359,-2.95836979682496,91.61580487208029,15.084829994318202,4.5117489789508,3.069996,59.907733871627315,72.7453842163086,77.53800201416016,79.95215606689453,75.12387084960938,73.15492248535156,76.06754302978516,80.65858459472656,71.47651672363281,64.29798889160156,85.7529067993164,42.84306716918945,79.53926849365234,75.25104522705078,83.23635864257812,67.55265045166016
IRL,1993,13.43409819,-2.73260163323579,94.18255601469987,15.089828399189333,4.526256678028518,1.46942,58.48436853268147,75.31010437011719,81.0600814819336,81.53533172607422,80.58484649658203,75.40946960449219,75.38243103027344,80.66801452636719,70.09683990478516,64.69046020507812,85.7408447265625,43.640071868896484,86.93827056884766,93.05699920654297,81.65037536621094,69.46304321289062
IRL,1994,13.21473047,-1.96506148296677,88.73311772992261,15.093770275575869,4.556010582084204,2.309198,56.94036776048317,76.08635711669922,82.2242202758789,81.81013488769531,82.63829040527344,75.06548309326172,75.92631530761719,80.68982696533203,71.16278076171875,65.61509704589844,85.7425308227539,45.48766326904297,84.27204132080078,93.3695297241211,76.39385986328125,70.94659423828125
IRL,1995,10.661129125684,-2.07491157313757,81.16851666183742,15.098897226129056,4.625337942694846,2.524866,55.27880852147753,76.99139404296875,83.27619934082031,81.79528045654297,84.75711822509766,76.66011047363281,76.1337661743164,80.71371459960938,71.55382537841797,67.04839324951172,85.68901062011719,48.40778350830078,87.51993560791016,93.5932846069336,82.25389862060547,71.03048706054688
IRL,1996,10.2612628568578,-0.197901903967264,72.77609811330366,15.106809939599,4.665064856749184,1.755748,53.693947284916746,79.01488494873047,83.8310546875,82.15385437011719,85.50823974609375,77.3970947265625,76.91215515136719,81.02957916259766,72.79472351074219,67.78325653076172,85.21733856201172,50.34917068481445,88.20537567138672,93.8955078125,83.26228332519531,75.7811279296875
IRL,1997,10.3369231412958,1.37659054309093,71.7569572971427,15.116838086951185,4.7297091488881335,1.5418,52.31151187634572,79.87252807617188,84.95911407470703,83.45661163330078,86.46163940429688,77.73565673828125,77.06455993652344,81.18428802490234,72.94481658935547,69.04905700683594,85.0909652709961,53.007137298583984,87.74468231201172,93.573486328125,82.67447662353516,76.8764419555664
IRL,1998,9.24844551962409,2.06807363619149,61.1066785663654,15.1272688553123,4.7783664335049645,2.407681,51.1260689188045,80.28463745117188,85.87126922607422,83.81283569335938,87.9297103881836,78.15662384033203,78.11546325683594,81.48341369628906,74.74752807617188,69.96031188964844,84.5650634765625,55.35555648803711,86.9616928100586,94.10054779052734,80.74320983886719,76.78030395507812
IRL,1999,8.12852374195086,3.53671697543933,50.4217088043567,15.138541850877248,4.842156419750643,1.629886,50.110600408499906,80.97833251953125,86.3963394165039,84.04093170166016,88.75174713134766,78.57453155517578,79.25537109375,81.79267120361328,76.71807861328125,71.16785430908203,84.40515899658203,57.93054962158203,85.76091766357422,94.0901107788086,78.49921417236328,77.9127426147461
IRL,2000,7.34511156602714,4.84766980946034,38.681051704501,15.151872277535919,4.885439486608769,5.577633,49.18559368250445,81.71428680419922,87.31053924560547,85.0702896118164,89.55078887939453,79.4146499633789,80.19093322753906,81.54901123046875,78.83285522460938,73.30293273925781,87.0032958984375,59.60258102416992,85.11520385742188,93.76707458496094,77.57160949707031,78.36853790283203
IRL,2001,7.87989606176598,0.959225840038657,35.5067534907479,15.167793792439848,4.914849395155524,4.852803,48.28963679376992,82.24971771240234,86.86672973632812,83.65250396728516,90.08097076416016,80.7450942993164,80.96809387207031,81.8297348022461,80.10645294189453,74.63719177246094,88.96638488769531,60.30800247192383,87.03448486328125,95.36344909667969,79.77684783935547,79.10506439208984
IRL,2002,8.28365770795892,-0.519571819686103,34.2003019325166,15.184645281012877,4.946098628956962,4.628205,47.56126577147961,82.65106201171875,86.83522033691406,82.67337799072266,90.99707794189453,82.57353210449219,82.75074005126953,82.31891632080078,83.18257904052734,77.34425354003906,90.7710952758789,63.917415618896484,87.97420501708984,95.10865783691406,81.7607421875,78.54278564453125
IRL,2003,8.30255609952469,0.346884459263747,32.9474825376323,15.200934790632179,4.945566669812169,3.492219,47.15419314526121,82.575927734375,86.38246154785156,82.7141342163086,90.05079650878906,83.00471496582031,83.67224884033203,82.84822082519531,84.49627685546875,78.09927368164062,91.0300064086914,65.16853332519531,87.53461456298828,95.5921401977539,80.51591491699219,78.34984588623047
IRL,2004,8.52956879229613,1.29680753401934,31.4143090964269,15.219217928811268,4.967942815199192,2.178546,46.809691701458085,82.9083251953125,87.040771484375,82.031982421875,92.04954528808594,83.15869903564453,84.57072448730469,83.7961196899414,85.34532928466797,77.64250946044922,90.94905090332031,64.33596801757812,87.54627227783203,95.69424438476562,80.4507064819336,78.53094482421875
IRL,2005,8.87081612756844,1.57096948999718,31.3385064577217,15.241004958946831,4.979606838710047,2.456547,46.240453748402224,83.32205200195312,86.94689178466797,81.51216888427734,92.38162231445312,84.37431335449219,85.2724609375,84.33655548095703,86.20835876464844,79.43710327148438,90.93533325195312,67.9388656616211,88.69331359863281,95.13748931884766,83.0845718383789,78.66766357421875
IRL,2006,9.11926380620745,2.77235061551805,27.6298898262568,15.267965015382789,4.977935895407102,3.935761,45.469983817723715,82.91539001464844,85.85441589355469,79.03659057617188,92.67224884033203,84.87174224853516,85.78656768798828,84.51844787597656,87.05470275878906,80.62361907958984,91.56279754638672,69.6844482421875,88.43463897705078,95.19331359863281,82.54718017578125,78.06211853027344
IRL,2007,9.71941884020907,0.267786395977723,27.5318205466713,15.296874615429205,4.9803856522799945,4.885746,45.0913998816561,83.51531982421875,86.03687286376953,79.10897827148438,92.9647445678711,84.9484634399414,86.45319366455078,85.15191650390625,87.75445556640625,81.25822448730469,91.84967041015625,70.66677856445312,87.28474426269531,95.18061065673828,80.40795135498047,79.5914306640625
IRL,2008,11.6477213518652,-7.03774990223794,47.4166462103974,15.317261695540926,4.916401183122144,4.035688,45.55784631615328,81.78888702392578,84.22694396972656,78.94996643066406,89.50394439697266,82.80546569824219,86.27784729003906,84.72773742675781,87.82794952392578,82.43054962158203,93.52709197998047,71.33401489257812,79.4957504272461,74.97819519042969,83.43375396728516,78.35598754882812
IRL,2009,14.3389222985973,-13.8635059726641,67.4341204764861,15.32741832830016,4.89646026674284,-4.447547,46.67725070324875,82.52217864990234,84.36134338378906,79.63407897949219,89.08860778808594,83.0254135131836,85.47166442871094,84.34373474121094,86.59959411621094,82.94463348388672,93.88043975830078,72.00881958007812,80.48312377929688,75.51329803466797,84.76148986816406,80.19145202636719
IRL,2010,14.2710699064987,-32.1477158306612,83.4808208076008,15.33286717214095,4.884734750440279,-0.9183887,48.074864886278476,82.74525451660156,84.74769592285156,79.47029876708984,90.02507781982422,83.60009765625,85.32732391357422,84.15095520019531,86.50369262695312,83.14605712890625,93.56768798828125,72.72441864013672,82.224609375,76.53984832763672,87.06349182128906,79.90914154052734
IRL,2011,13.8123103998304,-13.4656064685357,111.613231041647,15.337227896533534,4.881877965566486,2.548978,49.41734827566408,82.54727935791016,84.46839141845703,78.44828033447266,90.48848724365234,83.85560607910156,85.58953094482422,84.85730743408203,86.32173919677734,83.7254867553711,93.63707733154297,73.81389617919922,82.11489868164062,77.47628021240234,86.0237808227539,79.35218811035156
IRL,2012,13.7266677842546,-8.40742778711317,129.799066735403,15.341465334566513,4.865998371289822,1.694741,50.53694780877772,82.95633697509766,84.66162109375,78.44738006591797,90.8758544921875,83.86883544921875,84.52802276611328,83.27566528320312,85.78038024902344,83.95211029052734,93.40127563476562,74.5029296875,83.05903625488281,77.82937622070312,87.4186782836914,80.36389923095703
IRL,2013,12.8635570477407,-6.28617562163726,131.875098495848,15.34673089615507,4.871830225771068,0.5150995,51.39799874266555,82.7703628540039,84.6517105102539,78.16551971435547,91.13790893554688,83.1739730834961,84.19981384277344,83.04255676269531,85.3570785522461,83.15348815917969,91.53866577148438,74.76830291748047,82.0728530883789,77.64466094970703,85.73069763183594,80.49710083007812
IRL,2014,11.4416876445037,-3.52973928713184,123.341162495802,15.354040909920927,4.938969446245983,0.19091639999999999,52.046457378433594,83.07047271728516,85.34819030761719,78.9989013671875,91.69746398925781,83.43077087402344,84.00435638427734,82.67607879638672,85.33263397216797,83.18650817871094,90.4856185913086,75.88738250732422,83.06834411621094,79.32041931152344,86.130615234375,80.44343566894531
IRL,2015,8.43749029795731,-1.97269030848738,89.7785248060747,15.363489362995674,5.130232209603398,-0.3309598,52.50467378231916,83.01226043701172,85.11274719238281,78.64032745361328,91.58513641357422,83.34977722167969,83.82197570800781,82.74481964111328,84.89913940429688,81.87268829345703,87.60545349121094,76.13993835449219,84.46177673339844,81.68103790283203,86.7066879272461,80.5850601196289
IRL,2016,8.22929652665533,-0.762310459653013,87.7316643635759,15.376329911503914,5.117981560844699,0.02012477,52.777436506090766,82.62735748291016,84.69989013671875,79.29702758789062,90.10274505615234,82.62909698486328,83.90774536132812,83.37113189697266,84.4443588256836,78.46712493896484,80.44906616210938,76.48519134521484,85.84309387207031,84.8699951171875,86.61597442626953,80.55316925048828
IRL,2017,7.44483078095175,-0.297315355908666,76.7978040215303,15.389827900159315,5.1787249280341685,0.3621731,52.94159765073911,82.9103775024414,84.40302276611328,78.4322280883789,90.37379455566406,83.50482940673828,83.2677230834961,83.26339721679688,83.27204895019531,78.97647857666016,81.1747817993164,76.7781753540039,88.88096618652344,89.4705581665039,88.42533874511719,80.8458023071289
IRL,2018,6.95075566576945,0.0938472708830069,74.6181949944209,15.4043420081134,5.221123335871953,0.4711307,53.02875602989327,82.836181640625,84.68275451660156,78.80329132080078,90.56221771240234,82.9995346069336,83.35970306396484,83.50139617919922,83.21800231933594,77.4061508178711,77.25611877441406,77.55618286132812,88.89996337890625,90.5235824584961,87.6435546875,80.83235931396484
IRL,2019,6.61596316736188,0.409955910272895,69.0779153354305,15.420228549073858,5.242985380243996,0.937843,53.037168702209094,83.13127899169922,84.72136688232422,78.74987030029297,90.69287109375,83.28646087646484,82.55708312988281,81.92340850830078,83.19075012207031,77.8073959350586,77.61137390136719,78.00341033935547,90.29058074951172,90.94993591308594,89.78104400634766,81.39189147949219
IRL,2020,7.83933530769412,-4.87018433149804,71.3258548187856,15.43286644037487,5.34312050259737,-0.3261836,53.053557171269794,83.00840759277344,84.51681518554688,78.26359558105469,90.77001953125,83.1299819946289,81.01688385009766,79.24855041503906,82.78520965576172,79.17378997802734,79.13153839111328,79.21605682373047,89.9792709350586,91.22065734863281,89.02063751220703,81.383056640625
IRL,2021,6.52611758828939,-1.40268464531381,63.098229716397,15.446824437036392,5.424908778745635,2.340341,53.044823515530624,82.88949584960938,84.35309600830078,77.81141662597656,90.89473724365234,82.74024963378906,79.92564392089844,78.13719177246094,81.71410369873047,78.6880111694336,77.44546508789062,79.93055725097656,90.5010757446289,91.70833587646484,89.57193756103516,81.56945037841797
IRL,2022,5.42303388620071,1.65150420463632,45.3299413325746,15.466634603443364,5.450717715439447,7.829457,52.94664068672943,82.6899642944336,85.02762603759766,79.09703826904297,90.95823669433594,83.39353942871094,81.36137390136719,80.91567993164062,81.80706024169922,78.7259521484375,77.24931335449219,80.20258331298828,90.97631072998047,92.15963745117188,90.0685806274414,79.67604064941406
IRL,2023,5.7724866618365,1.47719329688398,46.2006802365922,15.485391993464479,5.395959302966408,6.299425,52.808810976723684,82.8726806640625,84.94100189208984,78.85562133789062,91.02639770507812,83.652587890625,81.79287719726562,81.52142333984375,82.0643310546875,78.87316131591797,77.31291198730469,80.43341064453125,91.16986083984375,92.04537963867188,90.49890899658203,80.05480194091797
ISL,1980,4.59144,2.18256388020049,26.83642139899746,12.337705987996605,4.920538901517594,58.52843,,53.775691986083984,43.5499382019043,61.628910064697266,25.47097396850586,69.51068878173828,68.84628295898438,63.786041259765625,73.90653228759766,55.501708984375,70.4549331665039,40.54847717285156,84.18406677246094,90.37130737304688,77.996826171875,48.266448974609375
ISL,1981,4.6407,2.10111695513412,24.20889822324245,12.349111820602714,4.9373536676043805,51.79325,,54.488250732421875,44.766502380371094,61.71427536010742,27.8187255859375,70.12857055664062,69.3873062133789,65.21837615966797,73.55623626708984,56.824974060058594,71.23339080810547,42.41656494140625,84.17342376708984,90.36708068847656,77.97975158691406,48.56967544555664
ISL,1982,4.62837,2.57889769145579,31.31931979081312,12.362477924694309,4.951912483107292,50.24323,,55.322452545166016,46.3929328918457,62.658870697021484,30.127004623413086,70.29885864257812,69.32642364501953,64.7587890625,73.89405822753906,57.3956413269043,70.49360656738281,44.29767608642578,84.17450714111328,90.36300659179688,77.98602294921875,49.27553939819336
ISL,1983,4.34482,-1.01710269323429,33.1325992163825,12.375718368994459,4.896166976187968,83.95004,,57.64573287963867,49.63201904296875,65.88067626953125,33.38335418701172,70.66008758544922,69.00944519042969,64.47268676757812,73.54619598388672,58.50392532348633,70.49909210205078,46.508766174316406,84.46688079833984,90.90608215332031,78.0276870727539,52.64508056640625
ISL,1984,4.61951,3.032710223934,34.93317119653791,12.38635462379719,4.887119867134587,30.8524,,57.93547439575195,49.85301971435547,65.71907043457031,33.98697280883789,71.6613540649414,70.19499969482422,64.87427520751953,75.51571655273438,60.14134979248047,70.91184997558594,49.370849609375,84.64769744873047,90.8928451538086,78.40255737304688,52.292030334472656
ISL,1985,4.69814,-0.776555542303933,34.45029156945472,12.394231299941424,4.88303762207979,31.99462,,58.45108413696289,51.32345199584961,68.02780151367188,34.619110107421875,71.19075775146484,70.95111846923828,65.48548126220703,76.416748046875,57.94599533081055,70.90742492675781,44.984561920166016,84.67514038085938,90.8630142211914,78.48726654052734,52.839054107666016
ISL,1986,4.55288,-2.67115680193822,32.06045359539845,12.40155718885041,4.914532430868089,22.1284,,58.197235107421875,49.73094177246094,66.98081970214844,32.4810676574707,71.85871887207031,72.42583465576172,67.67151641845703,77.1801528930664,58.310672760009766,71.30040740966797,45.320945739746094,84.83966064453125,90.83233642578125,78.84699249267578,53.00203323364258
ISL,1987,4.82608,0.00808735512806115,29.37385498495264,12.412513479857655,4.956800231800925,18.29777,,56.60068130493164,47.565399169921875,65.81153869628906,29.31928062438965,71.61650848388672,72.952880859375,68.35470581054688,77.55105590820312,58.46753692626953,71.26799011230469,45.66708755493164,83.42911529541016,90.61776733398438,76.2404556274414,50.62012481689453
ISL,1988,5.93038,-1.02476917825699,31.42011901142287,12.428175655669136,4.903858991499728,25.72551,,55.13569259643555,47.04661178588867,65.58380126953125,28.509431838989258,72.53821563720703,74.7963638305664,71.670654296875,77.92207336425781,58.04300308227539,71.6709976196289,44.415008544921875,84.7752685546875,90.59644317626953,78.95409393310547,45.82223129272461
ISL,1989,5.77887,-3.26302537940573,36.35873486993484,12.440559616304808,4.866032769650991,20.7582,,54.3487548828125,48.65583038330078,66.827880859375,30.483776092529297,73.21818542480469,75.32147216796875,73.02783966064453,77.61509704589844,58.35650634765625,71.305908203125,45.4071044921875,85.97659301757812,90.32211303710938,81.63105773925781,41.172264099121094
ISL,1990,6.99235,-2.29092021389959,36.22200221621213,12.448336238290661,4.847910837596901,15.51072,55.24255697636874,54.6108512878418,49.1392936706543,66.09326171875,32.18531036376953,73.67549896240234,76.16783905029297,74.34551239013672,77.99015808105469,58.87855911254883,71.68025970458984,46.07685852050781,85.98013305664062,90.59136199951172,81.36891174316406,41.017738342285156
ISL,1991,7.2684,-1.8772336712811,38.39127139648218,12.459927732491664,4.827030754631896,6.80878,55.15545818939056,55.305503845214844,49.02526092529297,65.27181243896484,32.7786979675293,73.66023254394531,75.41654205322266,72.5971450805664,78.2359390258789,59.47970962524414,71.24665832519531,47.712772369384766,86.08444213867188,91.41236114501953,80.75653076171875,43.230987548828125
ISL,1992,7.64632,-1.79101178827996,46.24270480492373,12.472494053265628,4.766384774703154,3.947712,55.30694683237056,56.96876907348633,52.294273376464844,65.35904693603516,39.2295036315918,75.25479125976562,75.85931396484375,73.36782836914062,78.35079956054688,63.98280715942383,73.66429901123047,54.30131912231445,85.92224884033203,91.6946029663086,80.14990234375,43.35725402832031
ISL,1993,8.01376,-3.51533565431902,53.13735207732605,12.48266217255001,4.76241408544646,4.04285,55.665277597421756,57.56074905395508,56.07547378540039,69.20140075683594,42.94955825805664,72.04515838623047,74.85060119628906,73.55745697021484,76.14373016357422,64.53095245361328,73.64361572265625,55.41828536987305,76.75393676757812,74.30139923095703,79.20648956298828,44.56160354614258
ISL,1994,7.73387,-3.64885681090815,55.66172684889574,12.491330532016077,4.7667047831897476,1.552657,55.64644000163826,60.55216598510742,60.492923736572266,72.6418685913086,48.34397888183594,72.70036315917969,73.9609603881836,73.04425048828125,74.87765502929688,66.21284484863281,75.09777069091797,57.32792282104492,77.92727661132812,74.3839340209961,81.47062683105469,48.46328353881836
ISL,1995,6.934385538,-2.90004046919075,58.94347189836932,12.496755211994193,4.74422425179078,1.651232,55.40436113903237,61.074440002441406,60.39579391479492,73.23780059814453,47.55379104614258,73.5096206665039,75.51307678222656,75.4968490600586,75.52930450439453,67.0744857788086,75.22682189941406,58.92215347290039,77.94129943847656,75.0146713256836,80.86792755126953,49.3178825378418
ISL,1996,6.613003564,-1.53043353417162,56.29575943637132,12.502154342160287,4.758014226820015,2.260421,55.114613015239435,61.84274673461914,61.94157028198242,75.28984069824219,48.593292236328125,74.62899780273438,75.4313735961914,74.81956481933594,76.04317474365234,69.26211547851562,78.71511840820312,59.809104919433594,79.19355010986328,73.35172271728516,85.03536987304688,48.95764923095703
ISL,1997,6.413941348,0.0128057668779267,53.07603912704075,12.510346313074875,4.761746219408945,1.815431,54.72516435354273,66.27479553222656,63.04306411743164,75.59577941894531,50.49036407470703,76.28765869140625,76.05362701416016,75.56729888916016,76.53994750976562,72.99833679199219,82.64451599121094,63.3521614074707,79.81098937988281,74.52689361572266,85.09508514404297,59.49365234375
ISL,1998,5.65206332057818,-0.565309413281317,47.0825584213801,12.521054903506846,4.796272644244544,1.659237,54.21109791850722,67.88082885742188,64.93888854980469,76.11522674560547,53.76254653930664,75.99686431884766,76.12850189208984,74.37773132324219,77.87926483154297,74.86307525634766,84.36747741699219,65.35868072509766,76.99901580810547,74.96299743652344,79.03501892089844,62.706756591796875
ISL,1999,5.45250241862531,1.3190669495389,42.975519707838,12.53314729136642,4.796724250054901,3.231831,53.77165507109793,68.66572570800781,66.42906951904297,75.83177947998047,57.0263557434082,76.1138916015625,77.92950439453125,75.10800170898438,80.7509994506836,76.5335464477539,86.71442413330078,66.35266876220703,73.87860870361328,74.8554916381836,72.90171813964844,63.45421600341797
ISL,2000,5.39520252438012,1.44593423834869,40.0023358562132,12.546839219699402,4.797507022021072,5.136475,53.51096990441253,70.09464263916016,68.76643371582031,76.16480255126953,61.368045806884766,77.15818786621094,79.28823852539062,75.81082153320312,82.76565551757812,77.29045104980469,87.31111145019531,67.26979064941406,74.89586639404297,75.87723541259766,73.91449737548828,64.35926818847656
ISL,2001,5.34354822270183,-0.280550354156069,44.3240023528647,12.560132172245083,4.815015457838343,6.405086,53.33143216878037,70.80762481689453,70.53065490722656,74.79582214355469,66.26548767089844,77.19390869140625,78.67535400390625,76.04778289794922,81.30292510986328,77.31102752685547,87.733154296875,66.88890838623047,75.5953369140625,75.03704833984375,76.15363311767578,64.69828796386719
ISL,2002,5.99143162757524,-2.27402317652608,40.3386430494948,12.569058136019713,4.80308034831873,5.197023,53.1259153534396,69.53639221191406,63.85980224609375,73.30563354492188,54.413970947265625,79.02700805664062,82.09760284423828,78.64338684082031,85.55181121826172,78.92007446289062,86.82708740234375,71.01306915283203,76.0633773803711,75.61762237548828,76.5091323852539,65.72233581542969
ISL,2003,6.85136181885413,-2.32381999854895,39.4191977668991,12.575983112224474,4.804912688084757,2.055662,52.69209064874928,70.87074279785156,67.9699935913086,73.4389877319336,62.50101089477539,79.81629943847656,82.48873901367188,78.6963882446289,86.28108978271484,81.4424057006836,90.65391540527344,72.23088836669922,75.51773071289062,75.76056671142578,75.27490234375,64.82594299316406
ISL,2004,6.54229638908566,0.286478610886617,34.5222363659426,12.584762473801348,4.843579870644315,3.158195,52.070392835758724,67.84991455078125,70.00003051757812,73.1882095336914,66.81185150146484,80.28919219970703,82.45118713378906,79.28655242919922,85.61580657958984,82.10054779052734,91.84712219238281,72.35397338867188,76.31587982177734,77.71795654296875,74.9137954711914,53.26050567626953
ISL,2005,5.99620833014955,5.00645609244744,26.320591735448,12.600591393579396,4.874266936327006,3.987048,51.02376311195484,69.2662582397461,73.17723083496094,70.94883728027344,75.40562438964844,81.09846496582031,83.31584167480469,81.52833557128906,85.10336303710938,82.86405944824219,91.80659484863281,73.92151641845703,77.1154556274414,78.92745208740234,75.30345916748047,53.523075103759766
ISL,2006,5.43766720395328,6.44941539327854,31.2927450096558,12.624065617882234,4.881494697327495,6.687074,49.603561543992356,70.56140899658203,75.34575653076172,72.73217010498047,77.95934295654297,81.85182189941406,84.6555404663086,82.76817321777344,86.54290771484375,80.77604675292969,92.0536880493164,69.4984130859375,80.12386322021484,78.97879028320312,81.26893615722656,54.48670196533203
ISL,2007,5.43476565676597,5.59867264352294,29.7020966781584,12.6493664727763,4.920730141446363,5.051564,48.47364257598429,71.23848724365234,75.05680847167969,72.38036346435547,77.7332534790039,82.53107452392578,85.21067810058594,85.30693817138672,85.11441802978516,78.77236938476562,87.44998931884766,70.09474182128906,83.61019134521484,79.25926971435547,87.96110534667969,56.12751007080078
ISL,2008,5.64774033916538,-12.1383938728335,68.7872804608901,12.667962194482293,4.922582495014837,12.6944,48.07934538193829,71.38392639160156,68.1901626586914,74.21635437011719,62.163978576660156,79.05679321289062,85.6352767944336,84.85442352294922,86.41614532470703,77.43507385253906,84.50247955322266,70.36766815185547,74.10005187988281,59.83414077758789,88.3659439086914,66.90478515625
ISL,2009,7.52360720891164,-8.57947156648054,83.6281145266816,12.671374614272,4.874148353377297,12.00312,48.591063047595945,71.90147399902344,68.7501220703125,75.78968811035156,61.710548400878906,78.67867279052734,84.55913543701172,83.48699188232422,85.63127899169922,77.14971923828125,83.66481018066406,70.63462829589844,74.32720184326172,60.485748291015625,88.16864776611328,68.27565002441406
ISL,2010,7.19561385880469,-6.66349512461494,87.5327566629413,12.66993558426906,4.839797553152242,5.396732,49.398490236329216,72.2449722290039,69.10799407958984,76.29548645019531,61.92049789428711,79.27397155761719,84.62846374511719,83.63865661621094,85.6182632446289,77.79412078857422,84.2442398071289,71.34400177001953,75.39933776855469,61.97397232055664,88.82469940185547,68.35292053222656
ISL,2011,7.8327003355216,-6.53001268334053,93.9831360831153,12.672990267951304,4.845809957866514,4.001026,49.88934986585727,69.12765502929688,69.71224212646484,77.03185272216797,62.392608642578125,80.1201400756836,86.0361557006836,84.53777313232422,87.53453063964844,78.32205963134766,85.03740692138672,71.60671997070312,76.00222778320312,63.58067321777344,88.42377471923828,57.55059051513672
ISL,2012,7.30768054015148,-2.54738214373608,91.8922656868174,12.678311275300475,4.843353140397021,5.1859,50.322471783718925,69.1961669921875,70.53535461425781,79.11614227294922,61.95454788208008,79.0467300415039,85.44218444824219,83.35352325439453,87.53084564208984,74.68148040771484,77.52924346923828,71.83370208740234,77.01654052734375,65.23653411865234,88.7965316772461,58.006431579589844
ISL,2013,6.77800014115293,-1.18098218337731,83.7394401328491,12.687770134304166,4.85729659119316,3.872275,50.74075108714883,69.21905517578125,70.07701873779297,78.85014343261719,61.303890228271484,79.47534942626953,86.54180145263672,84.20108795166016,88.88252258300781,76.49105072021484,80.91519927978516,72.06690216064453,75.39321899414062,65.96669006347656,84.81974792480469,58.10475158691406
ISL,2014,6.68008427146662,0.361567582700483,76.1334663019424,12.698895181856445,4.849410421063776,2.044619,51.07241080163168,69.52885437011719,69.89675903320312,78.37606048583984,61.417457580566406,80.13548278808594,87.02279663085938,85.02084350585938,89.02477264404297,77.13935089111328,81.54084014892578,72.73784637451172,76.24431610107422,68.24677276611328,84.24185180664062,58.554290771484375
ISL,2015,6.13034622234636,-0.296952920880221,68.6904481619775,12.709314585722742,4.8572029717440275,1.633058,51.222109973898455,69.47705841064453,68.98664855957031,78.84489440917969,59.12836837768555,80.64057159423828,87.3666763305664,85.4477767944336,89.28557586669922,75.2785415649414,77.61015319824219,72.94693756103516,79.27648162841797,70.18171691894531,88.37126159667969,58.80392837524414
ISL,2016,5.8810802563448,12.600526373099,62.8978003565505,12.723195400681126,4.8904403571429755,1.69693,51.07891311495345,70.61915588378906,71.9434585571289,77.9050521850586,65.98187255859375,81.07013702392578,87.72042083740234,85.74740600585938,89.69342803955078,73.98331451416016,74.72216796875,73.24447631835938,81.5066909790039,74.46041107177734,88.55297088623047,58.843868255615234
ISL,2017,6.48622305390838,1.04205840365826,61.467325540652,12.746651227445513,4.879473366357039,1.760413,50.550423723240556,71.05946350097656,70.18866729736328,77.48196411132812,62.89535903930664,84.3021011352539,88.07998657226562,87.6666259765625,88.49335479736328,79.89424133300781,80.75753021240234,79.03095245361328,84.93203735351562,80.26454162597656,89.59954071044922,58.687618255615234
ISL,2018,6.62750322061486,1.01587495892493,59.9917693846598,12.773432655137803,4.882740966183112,2.682915,49.924340958744565,70.94176483154297,69.5224609375,78.1468734741211,60.898033142089844,84.42564392089844,88.30902862548828,88.92439270019531,87.69367218017578,80.0508804321289,80.89299774169922,79.20875549316406,84.9169692993164,80.62347412109375,89.21046447753906,58.877166748046875
ISL,2019,7.3482382066549,-1.55120059961307,61.242571554938,12.79542197772042,4.865820251286118,3.013977,49.63790219831754,71.37215423583984,69.59095001220703,78.03945922851562,61.1424446105957,85.5010757446289,88.30902862548828,89.33515167236328,87.28291320800781,82.2653579711914,85.09268951416016,79.43801879882812,85.92879486083984,80.2719497680664,91.58563995361328,59.024444580078125
ISL,2020,10.0568589156165,-8.82969054090527,70.2789030321247,12.81165284023301,4.829052920039415,2.847919,49.90714227276446,70.2011489868164,68.08087158203125,74.58477020263672,61.57695770263672,83.49407958984375,87.3932876586914,88.4841537475586,86.30241394042969,76.63919067382812,73.66838073730469,79.61000061035156,86.44974517822266,80.5720443725586,92.32744598388672,59.02853012084961
ISL,2021,9.34138735194023,-8.28844880750669,76.9348932831674,12.828046006635594,4.807000593269914,4.444243,50.35882367186806,70.91377258300781,69.90830993652344,76.75274658203125,63.063838958740234,83.78311920166016,87.75277709960938,88.65499114990234,86.85057067871094,76.66545104980469,73.587158203125,79.74372863769531,86.93114471435547,81.06279754638672,92.79948425292969,59.04990768432617
ISL,2022,7.28794091026492,-3.9258281992415,77.4084590663136,12.853183740961017,4.842650915025221,8.308754,50.35167058286398,71.02506256103516,70.63658142089844,79.10543060302734,62.1677360534668,84.14767456054688,88.10016632080078,89.36424255371094,86.83609008789062,76.96722412109375,74.06678009033203,79.86767578125,87.37569427490234,81.49546813964844,93.25591278076172,58.290889739990234
ISL,2023,6.79651600333708,-1.91372568780828,77.0970372573021,12.862719210115923,4.856450402572673,8.736306,50.15983024120544,71.0912857055664,70.72734069824219,77.688720703125,63.76595687866211,84.27933502197266,87.89640808105469,89.82377624511719,85.96903991699219,77.37230682373047,74.77577209472656,79.96885681152344,87.56927490234375,81.46392059326172,93.67462921142578,58.26716232299805
ITA,1980,12.30683937,-6.69738333906651,83.9570405898983,17.848580298494138,4.878396825285403,21.06417,,64.4407730102539,47.65043640136719,59.81258773803711,35.48828125,58.943885803222656,53.7259635925293,44.23149108886719,63.220436096191406,57.678199768066406,76.04428100585938,39.312110900878906,65.42749786376953,64.51373291015625,66.34127044677734,86.7280044555664
ITA,1981,13.82738727,-10.4721814383732,88.1888094334762,17.849780841694933,4.872012953128677,17.9693,,65.26703643798828,49.927711486816406,61.32033920288086,38.53508377075195,59.204898834228516,53.2838134765625,43.45446014404297,63.1131706237793,57.882652282714844,76.43350219726562,39.33180618286133,66.44821166992188,65.18192291259766,67.71449279785156,86.66851043701172
ITA,1982,14.03675318,-9.64983813525903,91.8832370134723,17.85052166029485,4.882538683396521,16.48041,,66.5323257446289,53.157814025878906,60.917999267578125,45.39763259887695,59.82166290283203,53.32212829589844,43.8714714050293,62.77279281616211,58.095218658447266,76.83538818359375,39.35505294799805,68.0476303100586,66.64486694335938,69.45039367675781,86.61750793457031
ITA,1983,14.87727159,-9.72843525523214,76.8866162322881,17.85088460666155,4.872724328938667,14.64659,,66.26884460449219,51.9496955871582,59.45915222167969,44.44023513793945,60.06468200683594,53.67737579345703,44.304771423339844,63.049983978271484,58.267066955566406,76.83624267578125,39.69790267944336,68.24958038330078,67.70547485351562,68.793701171875,86.7921371459961
ITA,1984,14.49308964,-11.0493545239564,79.6522582989601,17.851108115792588,4.8650541077164045,10.79449,,66.74907684326172,53.28330993652344,60.46549987792969,46.101112365722656,60.206298828125,53.933448791503906,44.5347785949707,63.332115173339844,57.741546630859375,76.06665802001953,39.41643142700195,68.94390869140625,68.05044555664062,69.8373794555664,86.7575912475586
ITA,1985,14.80441744,-11.9130864474075,85.9793063202292,17.85139711518471,4.863803367846284,9.205993,,67.48889923095703,54.499324798583984,60.692752838134766,48.3058967590332,60.898685455322266,54.074459075927734,44.55010986328125,63.598812103271484,57.173892974853516,74.89796447753906,39.449825286865234,71.44770050048828,68.23638916015625,74.65901184082031,87.06866455078125
ITA,1986,14.78115047,-11.4901097486976,89.7416123185633,17.85145160800368,4.870077253252118,5.823544,,66.43360137939453,51.72053146362305,56.80653762817383,46.63452911376953,61.13560104370117,54.71342849731445,45.90196228027344,63.524898529052734,57.19031524658203,74.8994369506836,39.481197357177734,71.50306701660156,68.64725494384766,74.35887908935547,86.44467163085938
ITA,1987,14.64002962,-11.0891877400387,93.3178102004691,17.851553659199226,4.872917703941682,4.747284,,66.1259994506836,51.21560287475586,56.12322235107422,46.307979583740234,61.36016845703125,55.19055938720703,46.80306625366211,63.57804870605469,57.200279235839844,74.88792419433594,39.512638092041016,71.68968200683594,70.61837768554688,72.760986328125,85.8022232055664
ITA,1988,14.61308473,-10.6276039735162,95.5304898277042,17.852036865169698,4.877301900916168,5.058249,,65.85834503173828,50.921634674072266,55.31562423706055,46.527645111083984,62.005802154541016,55.696990966796875,47.48405075073242,63.90992736816406,57.21998596191406,74.89287567138672,39.54709243774414,73.10040283203125,71.04750061035156,75.1532974243164,84.6475830078125
ITA,1989,15.03514374,-10.9870410117945,92.3620788018438,17.852786955215052,4.88085105117664,6.259837,,65.91053771972656,53.332176208496094,56.36394500732422,50.30040740966797,62.02509689331055,56.006591796875,47.75088882446289,64.26229095458984,56.466209411621094,73.34671783447266,39.58570098876953,73.6025390625,71.65691375732422,75.54814910888672,82.37433624267578
ITA,1990,14.96654325,-11.0122006243152,94.3287689406872,17.853624040944638,4.877977158167331,6.456608,45.8326814441136,67.02912902832031,56.15569305419922,56.75129318237305,55.56008529663086,62.539207458496094,56.501991271972656,48.371238708496094,64.63274383544922,55.31758117675781,71.0106430053711,39.62451934814453,75.7980728149414,72.70865631103516,78.88748931884766,82.3924789428711
ITA,1991,15.06697738,-10.956549831156,97.0384729051377,17.85431635283417,4.8861378144281655,6.25,45.12283922484079,68.61567687988281,55.90734100341797,55.51348114013672,56.30119323730469,62.132266998291016,56.85759735107422,49.21516036987305,64.50003814697266,53.92619705200195,67.10761260986328,40.74479293823242,75.6130142211914,73.23432922363281,77.99169921875,87.80742645263672
ITA,1992,16.0009773,-9.9892760237611,103.288898210661,17.85499559716498,4.879684720671984,5.270588,44.746753581697526,69.08393096923828,57.164615631103516,57.05735397338867,57.271881103515625,60.79961013793945,56.895992279052734,50.116722106933594,63.67526626586914,49.60572814941406,55.848819732666016,43.362640380859375,75.89710998535156,73.11692810058594,78.67729187011719,89.28755950927734
ITA,1993,16.50712063,-9.65917225482124,112.343593787509,17.85560695569501,4.863777424741658,4.626732,45.01467859775426,71.8243637084961,62.08578109741211,59.40438461303711,64.7671890258789,61.045982360839844,56.44064712524414,50.40644454956055,62.474849700927734,50.07014083862305,55.865966796875,44.274314880371094,76.62716674804688,73.03256225585938,80.22177124023438,92.34132385253906
ITA,1994,16.73557319,-8.73652256879899,116.869980831571,17.855810676434466,4.861998625241424,4.051841,45.920085858719915,71.85281372070312,62.610469818115234,60.03403091430664,65.1869125366211,61.17327117919922,55.72010040283203,50.164512634277344,61.27568054199219,50.42013168334961,55.11501693725586,45.725242614746094,77.37957000732422,73.54732513427734,81.21183013916016,91.77474975585938
ITA,1995,15.5578746495909,-7.19100357578535,118.411684072264,17.85582656205756,4.872045981255599,5.235423,46.27607101541361,71.83293151855469,64.19156646728516,60.97507858276367,67.40805053710938,60.744895935058594,55.54290771484375,50.74006652832031,60.34574890136719,54.821292877197266,60.93850326538086,48.70408630371094,71.87049102783203,75.36549377441406,68.37548065185547,90.56228637695312
ITA,1996,15.8198737975848,-6.6129831776665,124.71315691198,17.85610760613763,4.86052011511564,4.00698,46.07987498131941,72.53086853027344,64.53308868408203,60.14402770996094,68.92214965820312,62.02195739746094,56.08103561401367,50.960533142089844,61.201534271240234,57.32464599609375,64.40400695800781,50.24528121948242,72.66022491455078,75.28605651855469,70.0344009399414,91.03752899169922
ITA,1997,16.2331625957135,-2.98094976089928,126.415396267113,17.85663667564024,4.849632884688614,2.043106,46.554614730942916,74.26824951171875,67.56961059570312,62.77106857299805,72.3681640625,63.372379302978516,57.581573486328125,51.16493225097656,63.998207092285156,57.9036750793457,63.60102462768555,52.206321716308594,74.63188934326172,75.2730484008789,73.99073028564453,91.86276245117188
ITA,1998,15.9430375354609,-2.99147354981523,127.972862979854,17.85692441579901,4.845377448562564,1.955088,47.01996397843543,75.12955474853516,69.2079849243164,63.35371017456055,75.062255859375,63.526100158691406,58.60346221923828,51.33858108520508,65.86833953857422,58.30121994018555,62.8020133972168,53.800437927246094,73.67362213134766,76.53067779541016,70.8165512084961,92.65458679199219
ITA,1999,16.1712070411975,-1.77886354640597,122.474729633681,17.857092624243567,4.8363941149416405,1.663458,47.54382480323452,76.4623794555664,70.04024505615234,63.39183807373047,76.68865966796875,66.59812927246094,59.344669342041016,51.08323669433594,67.6061019897461,65.33056640625,61.63669204711914,69.0244369506836,75.11917114257812,76.80946350097656,73.42887878417969,92.74874114990234
ITA,2000,15.7239535641138,-2.41824456509087,118.057039552957,17.85754566055495,4.840529025953383,2.537687,48.129444629317575,78.03324127197266,72.2442626953125,66.70708465576172,77.78145599365234,68.50712585449219,60.7702522277832,51.47467041015625,70.06583404541016,67.95685577392578,65.2037582397461,70.70994567871094,76.79427337646484,77.19441223144531,76.3941421508789,93.34828186035156
ITA,2001,15.5207408458555,-3.1831179506364,117.038257292437,17.858157902127378,4.852974201083223,2.785166,48.70751758667852,78.57160949707031,71.55780029296875,65.37559509277344,77.74000549316406,68.9532470703125,62.19694519042969,52.44111251831055,71.9527816772461,69.36296081542969,67.0370101928711,71.68890380859375,75.29981231689453,77.4366226196289,73.16300201416016,95.20378875732422
ITA,2002,15.8077812515515,-2.8825227967117,115.948069102569,17.860136445084052,4.845131569427956,2.46532,49.34738080275158,76.8613510131836,67.07950592041016,64.88736724853516,69.27165222167969,68.48076629638672,63.27811813354492,53.23423767089844,73.3219985961914,66.4139175415039,67.6806640625,65.14716339111328,75.75027465820312,77.68492126464844,73.81563568115234,95.0237808227539
ITA,2003,16.0331030894978,-3.22662973317823,113.646949231486,17.865540645160873,4.8265994046734795,2.672559,49.8629152573739,76.83216094970703,65.26119232177734,64.16438293457031,66.35802459716797,70.45128631591797,64.1285629272461,54.46768569946289,73.78944396972656,69.44010162353516,68.37415313720703,70.50605010986328,77.7851791381836,77.79151916503906,77.77885437011719,94.78401947021484
ITA,2004,16.0973000286409,-3.46887588627826,115.90638257895,17.872986740791998,4.80793343870618,2.206736,50.337203479249936,77.41446685791016,66.29006958007812,64.78284454345703,67.79730224609375,71.52471923828125,64.84709930419922,55.33082580566406,74.36337280273438,69.71167755126953,67.73485565185547,71.6884994506836,80.01541137695312,80.9766616821289,79.05415344238281,94.4286117553711
ITA,2005,16.1596522544498,-4.09256361075484,118.248843720889,17.878823274548928,4.788071707903091,1.985294,50.94991371592751,77.75914764404297,66.9095458984375,64.33248138427734,69.48661041259766,71.30460357666016,66.00746154785156,55.683170318603516,76.33175659179688,69.46058654785156,67.48696899414062,71.4342041015625,78.44575500488281,79.47291564941406,77.4186019897461,95.06327819824219
ITA,2006,16.1619197363463,-3.59709262302437,115.097817701981,17.882824067658635,4.77761508713146,2.090843,51.561516850994714,78.49578857421875,67.59144592285156,63.683685302734375,71.49919891357422,71.6221694946289,66.80530548095703,56.29936599731445,77.3112564086914,69.11251831054688,67.91382598876953,70.31121826171875,78.94865417480469,79.94560241699219,77.95172119140625,96.27376556396484
ITA,2007,16.3041645123109,-1.32526877015206,110.707799406708,17.888908037250598,4.766834034007878,1.829738,51.90292803581208,79.55008697509766,68.39228057861328,64.73319244384766,72.05136108398438,72.61304473876953,68.07965850830078,57.88798141479492,78.2713394165039,70.06416320800781,68.98908996582031,71.13923645019531,79.69530487060547,80.69712829589844,78.69347381591797,97.6448974609375
ITA,2008,16.8684570621204,-2.58365112674088,113.622739001112,17.896620950264115,4.752277476425064,3.347834,52.04706580694809,76.89872741699219,66.74835205078125,63.88554382324219,69.61116027832031,66.13066864013672,68.24158477783203,58.76997375488281,77.71319580078125,70.76836395263672,69.85721588134766,71.67951965332031,59.38205337524414,44.638999938964844,74.1250991821289,97.81719970703125
ITA,2009,18.4095542042999,-5.05687333195497,126.379030336126,17.90241843647352,4.7338763596953,0.7747682,52.3275513333924,76.81269073486328,65.9260025024414,60.71821594238281,71.13377380371094,66.68768310546875,68.36283111572266,58.74374771118164,77.9819107055664,71.54058074951172,70.51966857910156,72.5615005493164,60.15966033935547,45.338600158691406,74.98072052001953,97.82440948486328
ITA,2010,18.4613849904759,-4.16366482154971,125.033316615762,17.90684069804439,4.720745559884869,1.525516,52.66012782133106,77.20574188232422,66.16374969482422,62.84836959838867,69.4791259765625,67.75602722167969,69.3791732788086,59.13300704956055,79.62532806396484,72.62144470214844,72.11148071289062,73.13140106201172,61.2674560546875,46.097511291503906,76.43739318847656,97.69743347167969
ITA,2011,18.3712407583569,-3.52077763304434,118.475867104206,17.910302370155193,4.709506480310273,2.780633,53.12713779910055,77.58890533447266,66.08464050292969,63.69654083251953,68.47272491455078,69.24029541015625,70.16022491455078,60.203338623046875,80.11709594726562,73.72412872314453,73.08439636230469,74.3638687133789,63.8365592956543,46.617557525634766,81.0555648803711,97.4417495727539
ITA,2012,19.0916949216378,-2.98393723632321,137.123270272793,17.91303750103654,4.667317788656683,3.041363,53.770789698464505,77.76595306396484,66.26287078857422,64.30030822753906,68.2254409790039,69.6553955078125,70.81257629394531,60.5112419128418,81.11392211914062,73.98377990722656,73.1156005859375,74.85193634033203,64.16983032226562,44.91082763671875,83.42882537841797,97.37960052490234
ITA,2013,19.7363693575006,-2.87328595613363,144.466652613846,17.915035230219583,4.6360158007079075,1.219992,54.43637543858976,77.98763275146484,66.14896392822266,63.89424133300781,68.4036865234375,70.28176879882812,71.0875473022461,61.098724365234375,81.07636260986328,73.89038848876953,72.0248794555664,75.75591278076172,65.86736297607422,46.945499420166016,84.78924560546875,97.53211975097656
ITA,2014,19.9899661996514,-2.81507267585091,157.080835513717,17.915186002417567,4.620271761025385,0.2410575,55.09989980077662,78.48804473876953,68.07417297363281,66.47494506835938,69.67342376708984,70.1389389038086,70.22388458251953,60.115230560302734,80.33256530761719,73.62162017822266,71.74577331542969,75.49746704101562,66.57130432128906,47.680850982666016,85.46175384521484,97.25099182128906
ITA,2015,20.0161404196064,-2.4595473848322,157.753307914443,17.913674566804808,4.610999343390354,0.03878675,55.60664253279568,79.1415023803711,69.59525299072266,68.10408020019531,71.08641052246094,70.19801330566406,69.63867950439453,59.70113754272461,79.57621765136719,74.18389129638672,72.31514739990234,76.0526351928711,66.7714614868164,47.66271209716797,85.88021850585938,97.63127136230469
ITA,2016,19.7301040022895,-2.40224994415689,154.689520503973,17.91177366194095,4.6127837788934745,-0.0940214,55.919769014988866,79.51624298095703,69.27623748779297,67.87645721435547,70.67601013183594,71.62962341308594,70.14897155761719,60.59416198730469,79.70378112792969,75.54338836669922,74.07115936279297,77.01561737060547,69.19652557373047,49.94355010986328,88.44950866699219,97.64286041259766
ITA,2017,19.5703852064755,-2.50430386995541,151.545888520341,17.90989265281535,4.609352806622296,1.226533,56.12998478310196,80.10216522216797,70.60684204101562,69.36255645751953,71.85112762451172,72.0478286743164,69.87879943847656,60.23267364501953,79.52491760253906,76.20491790771484,74.45088958740234,77.95893096923828,70.05976104736328,59.15598678588867,80.96354675292969,97.65184783935547
ITA,2018,19.6020305281232,-2.19118887684865,146.816289944086,17.912329689246626,4.6022736450607935,1.137488,56.30790261792603,80.04457092285156,70.95172119140625,69.94062042236328,71.96280670166016,71.64940643310547,70.26026153564453,61.81583023071289,78.7046890258789,76.66565704345703,73.48622131347656,79.84508514404297,68.02229309082031,55.263267517089844,80.78131866455078,97.5325927734375
ITA,2019,20.0215978698793,-1.4497606213073,154.178642251326,17.905329578686892,4.597996254768054,0.6112469,56.56328472885538,80.01111602783203,71.40261840820312,70.1773910522461,72.62784576416016,71.71294403076172,69.82820892333984,61.8347282409668,77.82168579101562,76.07691955566406,73.31007385253906,78.84375762939453,69.23370361328125,54.516483306884766,83.950927734375,96.91780090332031
ITA,2020,23.9025242874018,-9.38529822966024,183.341234959446,17.900458627769716,4.554435461886898,-0.1377076,56.752609141443514,79.9743881225586,69.77561950683594,67.14271545410156,72.40852355957031,72.49040222167969,68.55410766601562,59.9270133972168,77.18118286132812,76.45305633544922,73.42710876464844,79.47900390625,72.46402740478516,54.80515670776367,90.1229019165039,97.65711975097656
ITA,2021,21.5942687665732,-8.87087415713642,170.436720209486,17.89530262778127,4.587622369693865,1.873783,56.92835478458645,80.55758666992188,70.93507385253906,69.4315414428711,72.4385757446289,73.19710540771484,68.68070220947266,59.6879768371582,77.67342376708984,76.60443115234375,72.71514892578125,80.49371337890625,74.30620574951172,57.96461868286133,90.64778900146484,97.54060363769531
ITA,2022,20.3749030635062,-8.09519660618497,145.023637272665,17.893279619112445,4.611084521773206,8.20129,57.03263587874044,81.40349578857422,73.97118377685547,74.54246520996094,73.39990997314453,74.31163787841797,69.29722595214844,60.591251373291016,78.00321197509766,77.62650299072266,72.90725708007812,82.34574890136719,76.0112075805664,60.89138412475586,91.13102722167969,95.92765045166016
ITA,2023,19.9476372524943,-7.17464880696539,148.091543887092,17.892780440654956,4.610543454092087,5.622194,57.14182383966264,81.86811065673828,73.63457489013672,72.88947296142578,74.3796615600586,76.04550170898438,69.56971740722656,60.94724655151367,78.19216918945312,77.87808227539062,73.27568054199219,82.48049926757812,80.68868255615234,70.24005889892578,91.13731384277344,95.92424011230469
JPN,1980,10.06579,-4.65437209362373,46.1176489731696,18.57603355806943,4.543526851084634,7.7,,54.46969223022461,38.10309982299805,37.13748550415039,39.06871795654297,57.12924575805664,46.84853744506836,43.662315368652344,50.034759521484375,54.47239303588867,67.14179229736328,41.802982330322266,70.06681060791016,55.23771286010742,84.89590454101562,68.1767349243164
JPN,1981,10.53322,-4.00543816983329,51.7099518768428,18.58331816642957,4.5646454493656625,4.9,,54.5654182434082,38.55686950683594,37.0614128112793,40.05232620239258,57.2177848815918,46.715675354003906,43.70641326904297,49.72492980957031,54.48453903198242,67.14179229736328,41.82728958129883,70.45313262939453,55.66238021850586,85.24388885498047,67.92160034179688
JPN,1982,10.96546,-3.88371313125415,57.5141957579435,18.590254727923817,4.596920863699215,2.8,,55.17571258544922,40.042564392089844,36.70747756958008,43.37765121459961,57.649444580078125,47.0682373046875,43.74482727050781,50.391658782958984,54.673309326171875,67.177001953125,42.16961669921875,71.20679473876953,56.09583282470703,86.31776428222656,67.83512115478516
JPN,1983,11.23435,-3.96065857790994,63.5650715761251,18.59721056095451,4.604722725892753,1.9,,55.3291015625,40.13711166381836,36.14944839477539,44.12477111816406,57.74811935424805,47.096588134765625,43.80719757080078,50.38597106933594,54.69476318359375,67.18138885498047,42.2081413269043,71.45301055908203,56.21220016479492,86.6938247680664,68.1020736694336
JPN,1984,10.96442,-2.58902492244542,65.6145910309338,18.60369372832184,4.6022771953231105,2.3,,55.65274429321289,40.626617431640625,36.23208999633789,45.02114486694336,58.01191329956055,47.11198043823242,43.84823989868164,50.37571716308594,54.921878814697266,67.59235382080078,42.251399993896484,72.00189208984375,56.57605743408203,87.42771911621094,68.31970977783203
JPN,1985,7.21824304037561,-1.265841103694,67.9048382469816,18.609953087958086,4.617865488531193,2.0,,55.95149612426758,41.00502014160156,35.88288116455078,46.127159118652344,58.287071228027344,47.31809997558594,43.89204788208008,50.74415588378906,54.94196701049805,67.58749389648438,42.296451568603516,72.60114288330078,57.02363204956055,88.17864990234375,68.56239318847656
JPN,1986,7.40980650958203,-1.24069248683113,73.4778391103605,18.615276661621706,4.62337049103566,0.6,,55.960731506347656,41.03787612915039,34.96366882324219,47.11207580566406,58.41104507446289,47.333656311035156,43.93959426879883,50.727725982666016,55.15916442871094,67.98014831542969,42.33818054199219,72.74031066894531,57.27529525756836,88.20532989501953,68.43328094482422
JPN,1987,7.65078484864057,-0.257367097492119,75.1706462707183,18.620097016591455,4.635583390114662,0.1,,56.031436920166016,41.937400817871094,35.13905334472656,48.735755920410156,58.647891998291016,47.6984977722168,44.0048828125,51.39210891723633,55.16544723510742,67.94961547851562,42.38128662109375,73.07972717285156,57.19465255737305,88.96480560302734,67.50901794433594
JPN,1988,7.43882551716657,0.607770793297771,71.2134502432528,18.62425812001341,4.659724041464312,0.7,,55.87904357910156,42.527381896972656,35.344539642333984,49.710227966308594,58.577640533447266,47.371280670166016,44.06943893432617,50.67311477661133,55.19529342651367,67.96260833740234,42.427982330322266,73.16633605957031,57.3338623046875,88.9988021850586,66.53211212158203
JPN,1989,7.16103639354319,1.39539022084939,65.228898610151,18.628255731658452,4.675043492445069,2.3,,55.44643783569336,43.63027572631836,35.18791198730469,52.0726432800293,58.854862213134766,47.81154251098633,44.1248664855957,51.49821472167969,55.23247528076172,67.98436737060547,42.48058319091797,73.52061462402344,57.3213996887207,89.71980285644531,63.85417938232422
JPN,1990,7.34268182239075,2.11072969095884,62.5313375553805,18.631573560512088,4.697326634368834,3.1,43.22590964801849,56.442806243896484,43.79442596435547,35.60179138183594,51.987064361572266,61.760047912597656,48.730892181396484,44.1817512512207,53.28003692626953,55.089969635009766,67.97098541259766,42.20895004272461,81.45929718017578,72.47845458984375,90.44013977050781,63.77394104003906
JPN,1991,6.9762205334307,1.92887298420553,61.8618211049949,18.635501758836906,4.721882942433292,3.3,42.936121526282065,57.713172912597656,43.54288101196289,35.485530853271484,51.600223541259766,62.085750579833984,49.188995361328125,44.38621139526367,53.99177932739258,55.85102081298828,67.92977142333984,43.772281646728516,81.21723175048828,71.9830322265625,90.45143127441406,67.51085662841797
JPN,1992,7.24208519938733,0.628719073263846,66.1483607870126,18.639213682708892,4.71271965014913,1.6,42.888305213783816,60.89173126220703,43.1883659362793,35.5411376953125,50.83559799194336,61.80390930175781,49.28435516357422,44.56058883666992,54.008113861083984,56.9971809387207,67.92784118652344,46.0665283203125,79.13018798828125,72.36054992675781,85.89983367919922,77.68292999267578
JPN,1993,7.62034335321156,-2.44243928664964,72.2781219805896,18.642455358700328,4.6984110808437665,1.3,42.94631582552742,61.442909240722656,43.27198791503906,35.48921203613281,51.054771423339844,62.32440185546875,48.71951675415039,44.59926223754883,52.83976745605469,58.89866256713867,67.9047622680664,49.89256286621094,79.35502624511719,72.48079681396484,86.22925567626953,78.7323226928711
JPN,1994,7.90592471831193,-3.76190850867519,77.375356759536,18.645247282340065,4.6849060866011545,0.7,43.135024542937686,61.52255630493164,43.370792388916016,35.57166290283203,51.16991424560547,63.21184158325195,49.18745040893555,44.780643463134766,53.594242095947266,60.98847579956055,70.51820373535156,51.4587516784668,79.45958709716797,72.6323013305664,86.28689575195312,77.98507690429688
JPN,1995,8.4233244549756,-4.29561269108014,84.2859877503194,18.647593184074196,4.689925228535267,-0.1,43.4666246286158,58.81168746948242,43.344573974609375,36.005210876464844,50.68393325805664,63.949745178222656,49.65135955810547,44.820072174072266,54.48265075683594,62.440101623535156,71.88980102539062,52.99039840698242,79.75777435302734,73.22228240966797,86.29325866699219,69.14070129394531
JPN,1996,8.59171910172936,-4.86922149069576,91.1143434373611,18.649862031398804,4.693982399664208,0.1,43.95205293276223,62.68718719482422,45.22560501098633,37.37443542480469,53.07677459716797,64.6910171508789,50.26136779785156,44.9880485534668,55.53468322753906,64.02642059326172,72.73211669921875,55.320709228515625,79.7853012084961,72.57955932617188,86.99103546142578,78.14493560791016
JPN,1997,8.71738306489146,-3.52631142243342,99.7810992018512,18.65224474357472,4.671931132582698,1.8,44.56765341159455,64.19831848144531,47.25656509399414,38.996124267578125,55.51702117919922,66.05951690673828,51.01262664794922,45.1360969543457,56.88915252685547,66.60745239257812,75.90127563476562,57.31362533569336,80.5584716796875,74.12958526611328,86.98735046386719,79.27886962890625
JPN,1998,9.33821144621034,-10.0468520443902,110.009405450986,18.65496203967703,4.634615904165972,0.6,45.21024634286444,65.90019226074219,48.55393981933594,39.82444763183594,57.28342056274414,68.75153350830078,51.4869499206543,44.72401809692383,58.249881744384766,73.72257995605469,76.32614135742188,71.11902618408203,81.04507446289062,75.38505554199219,86.70508575439453,80.39512634277344
JPN,1999,9.85858279369194,-6.74865202504442,121.651716941261,18.656787903418433,4.60393377194317,-0.3,45.87917509600987,66.10307312011719,49.051570892333984,40.72565460205078,57.37749099731445,69.54228210449219,51.791297912597656,45.91371536254883,57.668880462646484,75.68858337402344,78.57080078125,72.80636596679688,81.14696502685547,75.59855651855469,86.69537353515625,79.7153549194336
JPN,2000,10.0380888871455,-7.28182738788287,130.700618283516,18.658460659199566,4.5957810153550716,-0.7,46.67558355415674,66.95328521728516,50.415069580078125,42.239559173583984,58.590579986572266,70.5640869140625,53.43594741821289,46.24362564086914,60.628273010253906,77.42059326171875,79.93622589111328,74.90496063232422,80.8357162475586,74.61689758300781,87.05453491210938,79.88069152832031
JPN,2001,10.3585806316849,-6.20044355924034,135.949181412946,18.660870185074774,4.590505523515662,-0.7,47.605853122511746,67.383544921875,50.841487884521484,41.94622039794922,59.736751556396484,71.12841033935547,53.63518524169922,45.347450256347656,61.922916412353516,78.94123840332031,82.305908203125,75.57656860351562,80.8088150024414,74.54672241210938,87.0708999633789,80.18072509765625
JPN,2002,10.923655756721,-7.3359890496983,143.19299334749,18.663195456945832,4.580209585992303,-0.9,48.534448261452326,66.7145767211914,46.26643371582031,43.869117736816406,48.66374588012695,71.86214447021484,54.818878173828125,47.126346588134766,62.511409759521484,80.16077423095703,82.43167114257812,77.8898696899414,80.60677337646484,74.13771057128906,87.07583618164062,82.01516723632812
JPN,2003,10.9773425052741,-7.43338294825626,150.880071653135,18.66533526643363,4.579816572234577,-0.3,49.34828018236912,68.09396362304688,49.19352340698242,45.13930892944336,53.24774932861328,72.22149658203125,55.062255859375,46.76069641113281,63.36381530761719,81.11589050292969,84.30154418945312,77.93023681640625,80.48633575439453,73.51742553710938,87.45525360107422,82.86687469482422
JPN,2004,11.0993035291259,-5.31417683649576,154.527759586355,18.665671889016355,4.574806592488921,0.0,50.29324834976927,68.27873992919922,49.678192138671875,45.440120697021484,53.916263580322266,72.9916000366211,55.80168914794922,48.100830078125,63.50254440307617,81.89924621582031,85.2075424194336,78.5909423828125,81.27388000488281,75.07684326171875,87.47090911865234,82.16646575927734
JPN,2005,10.2221794065751,-4.43846152112727,154.633422945732,18.66576580998193,4.570900004307752,-0.3,51.5938532384092,68.79059600830078,51.352413177490234,45.84187698364258,56.862945556640625,73.55089569091797,56.3796272277832,49.2715950012207,63.48766326904297,82.65557098388672,85.8216781616211,79.48946380615234,81.61744689941406,76.05116271972656,87.1837387084961,81.46844482421875
JPN,2006,10.4166113883023,-3.02875608544721,152.923714735985,18.66639954587611,4.559590432929667,0.3,53.01465218158916,69.24501037597656,51.919620513916016,44.38861083984375,59.45063018798828,73.597900390625,55.955265045166016,48.2322998046875,63.6782341003418,82.84141540527344,86.09259033203125,79.59024810791016,81.99700164794922,76.36888122558594,87.6251220703125,82.21751403808594
JPN,2007,10.6282301068254,-2.90100702471454,152.994650105872,18.667548634353373,4.55399534774223,0.0,54.3702199499157,70.1495132446289,53.877403259277344,46.27601623535156,61.478782653808594,73.80841827392578,55.855690002441406,48.38102722167969,63.33034896850586,83.142333984375,85.69878387451172,80.58587646484375,82.42723083496094,77.16201782226562,87.69244384765625,82.76268768310547
JPN,2008,11.0899319053063,-4.10962900877148,158.614735637158,18.668032888299354,4.544610692675749,1.4,55.72901096993128,68.88676452636719,57.47494888305664,53.34397888183594,61.60593032836914,66.46061706542969,50.114871978759766,36.809600830078125,63.420143127441406,83.36416625976562,85.96056365966797,80.76777648925781,65.90280151367188,44.05098342895508,87.75460815429688,82.7247314453125
JPN,2009,12.4184140895109,-9.69300422032316,177.230691738608,18.66790794198706,4.527986763327025,-1.4,56.78668824973848,68.80937957763672,56.29819107055664,51.211917877197266,61.384456634521484,66.82426452636719,50.80343246459961,36.59890365600586,65.00796508789062,83.7988052368164,86.2375259399414,81.36007690429688,65.87059020996094,43.911075592041016,87.83010864257812,83.3056869506836
JPN,2010,12.5961514495858,-9.07585020570466,181.505600254465,18.668087547402255,4.544193516585176,-0.7,57.40335953609087,69.80680084228516,57.132904052734375,52.88673782348633,61.37907028198242,67.61566925048828,51.99956512451172,36.81223678588867,67.18689727783203,84.55854797363281,87.54589080810547,81.57120513916016,66.28887939453125,44.29413986206055,88.28362274169922,84.67179107666016
JPN,2011,12.957411303955,-8.98552414418363,196.288398408681,18.666235282538146,4.531380104840131,-0.3,58.584753783996156,70.25048065185547,57.10236740112305,51.313167572021484,62.89156723022461,68.28298950195312,53.09605026245117,37.95985794067383,68.23223876953125,84.79735565185547,87.84313201904297,81.7515869140625,66.95558166503906,45.56173324584961,88.34944152832031,85.36605834960938
JPN,2012,13.0038141788186,-8.19647990127769,205.4377285081,18.664638175779704,4.539516440552344,0.0,60.536246332026835,71.35938262939453,59.133148193359375,52.865318298339844,65.4009780883789,68.66219329833984,52.85762405395508,37.49460220336914,68.22064971923828,85.24797821044922,88.14030456542969,82.35564422607422,67.88097381591797,47.33360290527344,88.42832946777344,86.28279876708984
JPN,2013,12.918443579583,-7.61141229241723,208.493542173923,18.663195456945832,4.550131338397359,0.4,62.60730222319888,72.50409698486328,61.23546600341797,53.75141906738281,68.71952056884766,70.02693176269531,52.928558349609375,36.6007194519043,69.25639343261719,85.94428253173828,88.10555267333984,83.78302764892578,71.20796203613281,48.41581344604492,94.0001220703125,86.24986267089844
JPN,2014,12.6435252914838,-5.61605177684133,214.756633001877,18.66186851472436,4.538067473453252,2.7,64.46533807973576,72.74420928955078,62.02786636352539,56.19364547729492,67.86209869384766,70.46395874023438,53.067169189453125,36.15162658691406,69.98271942138672,86.19762420654297,88.41191101074219,83.98333740234375,72.12706756591797,50.097164154052734,94.15697479248047,85.74078369140625
JPN,2015,12.3548716313128,-3.67784542343547,217.650056948243,18.660807264786893,4.535146805137281,0.8,66.02299419971357,74.69780731201172,65.63818359375,56.745540618896484,74.53083038330078,71.10694122314453,52.60685729980469,35.61538314819336,69.59832763671875,86.67546081542969,88.7751235961914,84.57579803466797,74.03849792480469,53.40829086303711,94.66871643066406,87.3482894897461
JPN,2016,12.389857826905,-3.59959115636836,218.831179507264,18.66029589063476,4.531647072002253,-0.1,67.32278760164425,74.8824234008789,65.13721466064453,55.5404052734375,74.7340316772461,72.0155258178711,52.89075469970703,35.98479461669922,69.79671478271484,86.99327850341797,88.75157165527344,85.23497772216797,76.1625747680664,57.271087646484375,95.05406188964844,87.49449920654297
JPN,2017,12.2740397741347,-3.09875911498125,218.569040614892,18.6594771476743,4.528830981871242,0.4841998,68.30951862499029,75.48240661621094,66.57594299316406,56.95465850830078,76.19721221923828,72.9720230102539,53.268733978271484,37.0034065246582,69.5340576171875,87.04639434814453,89.0721206665039,85.02066040039062,78.60094451904297,62.02735900878906,95.1745376586914,86.8992691040039
JPN,2018,12.2739320061923,-2.47138988710815,221.807669042691,18.658208346993412,4.5199233603525295,0.9890946,69.02295372542262,75.5300064086914,67.04510498046875,57.29064178466797,76.799560546875,72.71029663085938,53.61338424682617,37.23263168334961,69.99413299560547,86.96712493896484,89.08374786376953,84.85049438476562,77.55036163330078,60.30662536621094,94.79409790039062,86.83462524414062
JPN,2019,12.319657550992,-3.04460801895069,223.872911427255,18.65680369721463,4.507043255864686,0.4687762,69.4781102585107,73.3351821899414,67.32170867919922,57.20952606201172,77.43388366699219,73.58085632324219,53.944175720214844,38.33942794799805,69.5489273071289,87.34366607666016,89.10613250732422,85.5811996459961,79.45472717285156,64.02802276611328,94.88143157958984,79.10298919677734
JPN,2020,12.8506650656171,-9.06837928667681,240.465498116553,18.65386175103713,4.512534816686482,-0.02499583,69.89156910548571,72.9326171875,66.1947021484375,54.83030319213867,77.55908966064453,73.31450653076172,53.4470329284668,37.77151107788086,69.12255859375,87.48296356201172,89.12914276123047,85.8367919921875,79.01349639892578,63.04947280883789,94.9775161743164,79.28865814208984
JPN,2021,12.7907710494346,-6.15157747218303,240.820857531075,18.649262226879053,4.48327213149328,,70.25699363258023,72.40364837646484,64.85265350341797,51.212650299072266,78.49264526367188,73.01862335205078,51.86977767944336,37.226627349853516,66.51293182373047,86.95817565917969,89.14674377441406,84.76959991455078,80.22794342041016,64.96292114257812,95.49295806884766,79.33970642089844
JPN,2022,12.9416634255476,-4.1804264622468,239.628315056363,18.644823707687568,4.471433686616332,,70.24633316578326,72.99893951416016,67.82426452636719,54.96479415893555,80.6837387084961,72.9420394897461,51.16454315185547,37.64509582519531,64.68399047851562,87.2705307006836,89.16110229492188,85.37995910644531,80.39107513427734,65.23825073242188,95.54390716552734,78.23049926757812
JPN,2023,11.8401790805229,-3.83540347136303,238.070758974836,18.639949999867074,4.48009897347502,,70.10013993066416,74.00981140136719,68.54325866699219,55.34230422973633,81.74421691894531,75.12281036376953,53.16847229003906,38.69282531738281,67.64411163330078,87.34782409667969,89.15596008300781,85.5396957397461,84.85211944580078,74.14700317382812,95.55724334716797,78.36336517333984
LTU,1980,,,,15.043161411604784,,,,,,,,,,,,,,,,,,
LTU,1981,,,,15.048929633928578,,,,,,,,,,,,,,,,,,
LTU,1982,,,,15.055963496562407,,,,,,,,,,,,,,,,,,
LTU,1983,,,,15.064033693915999,,,,,,,,,,,,,,,,,,
LTU,1984,,,,15.072323884103847,,,,,,,,,,,,,,,,,,
LTU,1985,,,,15.080919795674918,,,,,,,,,,,,,,,,,,
LTU,1986,,,,15.090569960401064,,,,,,,,,,,,,,,,,,
LTU,1987,,,,15.100980488706933,,,,,,,,,,,,,,,,,,
LTU,1988,,,,15.111620057368903,,,,,,,,,,,,,,,,,,
LTU,1989,,,,15.119578892202904,,,,,,,,,,,,,,,,,,
LTU,1990,,,,15.12325888250614,,,50.19148420260405,41.50812911987305,50.265113830566406,55.45988845825195,45.070335388183594,48.829986572265625,46.1086311340332,46.12343215942383,46.093833923339844,52.86800003051758,56.33537673950195,49.40061950683594,47.51334762573242,40.84139633178711,54.18529510498047,25.42928695678711
LTU,1991,,,,15.124960051199663,,,50.584163298226756,41.34075164794922,50.300872802734375,55.58498001098633,45.016761779785156,48.70863342285156,46.2351188659668,45.974853515625,46.49538040161133,52.87124252319336,56.303428649902344,49.43906784057617,47.01955795288086,40.7416877746582,53.29743576049805,25.012752532958984
LTU,1992,,,,15.123874187950621,,1020.621,51.03412327188611,44.875762939453125,54.34526824951172,62.173866271972656,46.51668167114258,48.95973587036133,46.18352508544922,45.85792922973633,46.50912094116211,52.87605667114258,56.30831527709961,49.44379425048828,47.81962585449219,40.581703186035156,55.05755615234375,31.32228660583496
LTU,1993,,,,15.119133112523619,,410.4519,51.44328319785762,47.45698165893555,56.15749740600586,63.52137756347656,48.79363250732422,51.98054504394531,48.35289001464844,45.740806579589844,50.964962005615234,59.264808654785156,69.10421752929688,49.42539596557617,48.32393264770508,40.835418701171875,55.81245040893555,34.23289108276367
LTU,1994,,,,15.11219307289443,,72.25468,51.601829762450066,51.188907623291016,55.841026306152344,62.2747917175293,49.40726089477539,51.03819274902344,50.892940521240234,47.31540298461914,54.47047424316406,54.614227294921875,59.80355453491211,49.42490005493164,47.607398986816406,40.638057708740234,54.57674789428711,46.68751525878906
LTU,1995,8.1,-1.5,11.4,15.10449579271672,3.5352164595155693,39.64763,51.690830342655225,53.76131057739258,58.364463806152344,66.5409927368164,50.18792724609375,50.790130615234375,49.755001068115234,45.465885162353516,54.04411697387695,48.04031753540039,46.63019943237305,49.450439453125,54.5750846862793,43.147064208984375,66.00311279296875,52.129310607910156
LTU,1996,8.5,-3.2,13.8,15.096892358634976,3.5672555141192768,24.62519,51.81932991668009,56.607688903808594,63.53562545776367,72.355712890625,54.715538024902344,53.263893127441406,52.65776062011719,49.52759552001953,55.787925720214844,51.50762939453125,53.52429962158203,49.4909553527832,55.62630844116211,43.852317810058594,67.40029907226562,53.02353286743164
LTU,1997,9.6,-11.7,15.3,15.08951405505431,3.624942458690159,8.881048,51.91550677071029,59.95197677612305,66.97903442382812,75.22776794433594,58.730323791503906,57.09858703613281,54.16007614135742,51.05152893066406,57.26860809326172,53.245750427246094,53.41655731201172,53.07494354248047,63.88992691040039,61.623409271240234,66.15644073486328,55.77827453613281
LTU,1998,10.8,-3.0,16.5,15.082269692988309,3.6823108278468744,5.067554,51.86753114833922,61.04219055175781,67.94046783447266,74.37969970703125,61.5012321472168,57.8734245300293,54.921817779541016,51.080841064453125,58.762794494628906,53.646385192871094,52.533416748046875,54.759361267089844,65.05204772949219,60.65888595581055,69.44519805908203,57.31270217895508
LTU,1999,12.1,-2.8,22.6,15.075174800647591,3.6529197082227274,0.7275506,51.5663087924886,61.36935806274414,67.77529907226562,72.27749633789062,63.273109436035156,58.20103073120117,54.56378173828125,49.994747161865234,59.13282775878906,54.25144577026367,52.407562255859375,56.0953254699707,65.78788757324219,60.50983810424805,71.06593322753906,58.1317253112793
LTU,2000,11.5,-3.2,23.5,15.068140946242702,3.660070121949517,0.9816155,51.04519871551396,63.84465789794922,68.59616088867188,72.493408203125,64.69890594482422,62.157840728759766,56.088844299316406,50.71129608154297,61.466400146484375,57.76271438598633,57.69059371948242,57.834842681884766,72.6219482421875,69.23368072509766,76.01022338867188,60.77995681762695
LTU,2001,11.3,-3.5,22.9,15.059900859012261,3.7243772602639567,1.36712,50.5333131512989,65.23131561279297,70.83454895019531,76.72457122802734,64.94452667236328,62.316558837890625,57.61518478393555,51.56755065917969,63.66281509399414,58.44731903076172,58.14891052246094,58.74571990966797,70.88716888427734,68.66803741455078,73.1063003540039,62.542842864990234
LTU,2002,10.0,-1.9,22.1,15.051873201904776,3.78883215888492,0.2815066,49.97880823434041,65.30347442626953,69.0993423461914,79.35191345214844,58.846771240234375,63.76568603515625,58.628814697265625,52.09035110473633,65.16727447509766,60.61011505126953,59.273826599121094,61.9463996887207,72.05815887451172,70.6433334350586,73.47298431396484,63.045379638671875
LTU,2003,9.8,-1.3,20.4,15.043750420930708,3.8834772650660887,-1.134309,49.47298209894185,67.13319396972656,70.86981964111328,79.45648956298828,62.28316116333008,65.48775482177734,60.34355926513672,53.54814529418945,67.13897705078125,62.65822219848633,60.67085266113281,64.64559936523438,73.46148681640625,72.73513793945312,74.18783569335938,65.04206848144531
LTU,2004,9.7,-1.4,18.6,15.032520508182385,3.9318486520672216,1.164103,49.20176422587145,70.22422790527344,73.46239471435547,81.64153289794922,65.28325653076172,67.6810073852539,63.571380615234375,59.45647048950195,67.68628692626953,63.6131591796875,61.02182388305664,66.20449829101562,75.8585205078125,75.88243103027344,75.8345947265625,69.52925109863281
LTU,2005,9.3,-0.3,17.6,15.01623649692304,4.000983559869888,2.658485,48.99930265774846,71.54082489013672,72.8100357055664,81.35717010498047,64.26290893554688,71.63794708251953,69.87400817871094,61.07773208618164,78.6702880859375,65.79032135009766,64.77291870117188,66.80772399902344,79.24950408935547,76.18128967285156,82.31773376464844,70.17444610595703
LTU,2006,9.2,-0.3,17.3,15.000272713740031,4.064004969576379,3.73912,48.723895273632294,73.14443969726562,74.89252471923828,80.62632751464844,69.1587142944336,73.32260131835938,72.02653503417969,63.46240234375,80.5906753540039,66.4802474975586,64.47979736328125,68.48070526123047,81.46099853515625,79.49249267578125,83.42949676513672,71.2182388305664
LTU,2007,9.7,-0.8,15.9,14.988393234167441,4.161730712512467,5.737174,48.31940622554341,74.39947509765625,75.76469421386719,79.93146514892578,71.5979232788086,73.71710205078125,73.17315673828125,65.36306762695312,80.98324584960938,66.26972961425781,62.818336486816406,69.72112274169922,81.70841979980469,80.83878326416016,82.57804870605469,73.71659851074219
LTU,2008,11.5,-3.1,14.6,14.978108402412788,4.201119586990049,10.92589,47.95569421737646,72.64886474609375,74.01500701904297,79.9770736694336,68.05294799804688,69.15313720703125,74.18576049804688,67.29627227783203,81.07526397705078,67.90792846679688,64.69467163085938,71.12118530273438,65.36571502685547,49.43899917602539,81.29241943359375,74.77848052978516
LTU,2009,16.1,-9.1,27.9,14.967004944869064,4.093508446107755,4.453044,47.76356267738055,71.30647277832031,71.10669708251953,78.57467651367188,63.638710021972656,68.61296844482422,73.5064697265625,65.95252990722656,81.0604019165039,67.97379302978516,63.817386627197266,72.13018798828125,64.35867309570312,47.40465545654297,81.31269836425781,74.19975280761719
LTU,2010,14.5,-6.9,36.7,14.946035510670518,4.094856014741294,1.319214,48.21835931424744,72.39375305175781,73.9047622680664,80.03360748291016,67.77590942382812,69.72850799560547,74.64810943603516,66.0587158203125,83.23749542236328,68.33355712890625,62.8052978515625,73.86181640625,66.2038803100586,49.223121643066406,83.18463134765625,73.5479736328125
LTU,2011,12.6,-5.9,37.4,14.923450871682235,4.164049557866223,4.130276,48.85872717798468,73.38512420654297,74.21161651611328,80.52191925048828,67.90129852294922,71.92627716064453,76.78759765625,69.3083267211914,84.26685333251953,71.5596694946289,68.57857513427734,74.540771484375,67.43157196044922,51.392669677734375,83.4704818725586,74.01747131347656
LTU,2012,12.0,-3.1,39.9,14.910495944032245,4.2121977139388145,3.089983,49.0656281931788,73.7173843383789,73.73590850830078,81.50977325439453,65.9620361328125,73.27777099609375,78.05084228515625,70.1489486694336,85.95274353027344,72.13646697998047,69.0210189819336,75.25189208984375,69.64601135253906,52.99937438964844,86.29264831542969,74.13848114013672
LTU,2013,11.3,-2.7,38.9,14.901122034455133,4.25028719268922,1.047479,49.26791303168739,74.57404327392578,74.41259765625,83.56829071044922,65.25691223144531,74.49139404296875,77.85822296142578,70.60810852050781,85.10832977294922,73.52903747558594,71.52720642089844,75.53086853027344,72.08695983886719,55.58838653564453,88.5855484008789,74.81807708740234
LTU,2014,10.9,-1.8,40.7,14.892985348792818,4.279875823510101,0.103758,49.67476430922385,75.3045425415039,74.30939483642578,85.4388427734375,63.17995834350586,75.6974105834961,77.65814208984375,71.06159210205078,84.25470733642578,76.51277923583984,76.36253356933594,76.66300964355469,72.92131805419922,56.87923049926758,88.96340942382812,75.90678405761719
LTU,2015,10.8,-0.8,42.4,14.884044666204003,4.2971492336824255,-0.8840974,50.3619191061471,76.34186553955078,77.55770874023438,85.24581146240234,69.86959075927734,75.40704345703125,77.36381530761719,70.9217300415039,83.80590057373047,75.20291900634766,73.47090911865234,76.93495178222656,73.65438842773438,58.0353889465332,89.27339172363281,76.06082153320312
LTU,2016,11.0,0.0,39.8,14.872371601047618,4.322787606385471,0.9055251,51.326892805658154,77.0538101196289,77.81646728515625,85.28995513916016,70.34296417236328,77.2939224243164,77.64845275878906,71.15476989746094,84.14212799072266,78.53746795654297,79.35630798339844,77.71863555908203,75.69584655761719,61.24838638305664,90.143310546875,76.05106353759766
LTU,2017,10.9,0.4,39.1,14.860243404026887,4.358785642971913,3.722889,52.46970064299644,78.19383239746094,79.18763732910156,86.7028579711914,71.67241668701172,78.68698120117188,77.94831848144531,72.55619812011719,83.34044647216797,78.88176727294922,79.30752563476562,78.45601654052734,79.23084259033203,67.19577026367188,91.26592254638672,76.7069091796875
LTU,2018,11.7,0.6,33.3,14.851963714723997,4.397679007152845,2.697928,53.32182911614763,78.61911010742188,79.29561614990234,87.11680603027344,71.47440338134766,78.47863006591797,77.37660217285156,73.60317993164062,81.1500244140625,77.8149185180664,76.37081909179688,79.2590103149414,80.24432373046875,68.4640121459961,92.0246353149414,78.08306121826172
LTU,2019,12.0,0.5,35.6,14.849082510717947,4.435236517481912,2.334509,53.768802714472244,78.76409149169922,79.7563247680664,87.60782623291016,71.90484619140625,78.33749389648438,77.27857208251953,73.84963989257812,80.70750427246094,78.67182159423828,77.60967254638672,79.73395538330078,79.06207275390625,67.80567932128906,90.3184814453125,78.19843292236328
LTU,2020,14.3,-6.3,45.9,14.84882634941462,4.480353113144916,1.199894,53.96363210043466,78.62838745117188,79.67826080322266,86.53279113769531,72.82371520996094,77.82621765136719,76.0365982055664,71.79436492919922,80.27882385253906,80.51874542236328,75.35166931152344,85.68582916259766,76.92327117919922,67.36260986328125,86.48392486572266,78.3807144165039
LTU,2021,12.9,-1.1,43.3,14.848118362607208,4.485394153131508,4.683544,53.98120236028699,78.68489837646484,80.02041625976562,87.4419937133789,72.59880828857422,77.54727172851562,75.71819305419922,70.80815887451172,80.62823486328125,79.6840591430664,73.04793548583984,86.32017517089844,77.23956298828125,67.94802856445312,86.5311050415039,78.4870376586914
LTU,2022,12.1,-0.7,38.1,14.85636625391912,4.476558875598571,19.70505,53.6328325704064,78.21992492675781,80.18367004394531,88.63074493408203,71.73660278320312,78.02741241455078,76.41287994384766,72.22645568847656,80.59930419921875,80.06104278564453,73.18079376220703,86.9412841796875,77.60833740234375,68.25345611572266,86.96321105957031,76.44869232177734
LTU,2023,12.4,-0.7,37.3,14.87037470010208,4.4552161163943795,9.11732,53.24101966966238,78.97311401367188,80.72200775146484,87.79459381103516,73.64942932128906,79.40022277832031,76.70378112792969,73.143310546875,80.26424407958984,80.17970275878906,73.24881744384766,87.11058807373047,81.31719970703125,75.65095520019531,86.98345184326172,76.79708862304688
LUX,1980,22.75275,,,12.805321149646062,5.28275398294746,6.299902,,73.29889678955078,82.62873840332031,81.35697937011719,84.12348937988281,75.27007293701172,81.2856216430664,88.56534576416016,74.00589752197266,66.21859741210938,86.85294342041016,45.584224700927734,78.5408706665039,76.64591217041016,80.16366577148438,62.74104690551758
LUX,1981,23.89354,,,12.808268881000714,5.261050934143555,8.07295,,73.22532653808594,83.01747131347656,81.26766204833984,85.0647201538086,74.4014892578125,81.36114501953125,89.32048797607422,73.40180206298828,66.03221893310547,86.4637222290039,45.60071563720703,75.91937255859375,76.60735321044922,75.32954406738281,62.9963264465332
LUX,1982,23.31944,,,12.80908995528564,5.278738933718399,9.35705,,73.76927947998047,83.33717346191406,81.4190444946289,85.5804443359375,75.54512023925781,81.42057800292969,89.82991790771484,73.01123809814453,66.0544662475586,86.48196411132812,45.6269645690918,79.4365005493164,76.58435821533203,81.88380432128906,63.16096496582031
LUX,1983,22.67307,,,12.80935529180639,5.286843877077516,8.669271,,74.24229431152344,83.33033752441406,81.49095916748047,85.4801025390625,74.88386535644531,81.7041015625,90.0956802368164,73.31251525878906,66.07353973388672,86.48389434814453,45.663185119628906,77.02595520019531,76.89055633544922,77.14213562011719,65.1839599609375
LUX,1984,22.12056,,,12.810383147887698,5.3068581747878,6.435856,,74.75345611572266,83.52851867675781,81.58186340332031,85.81282043457031,75.2990951538086,81.62765502929688,90.60548400878906,72.64981842041016,65.90644073486328,86.1065444946289,45.70634841918945,78.59761047363281,77.47942352294922,79.55684661865234,66.09424591064453
LUX,1985,21.98582,,,12.812315716074455,5.304197196418552,4.093587,,75.09976959228516,84.00900268554688,81.96890258789062,86.41104125976562,75.72515106201172,82.04276275634766,91.11546325683594,72.97006225585938,65.92852020263672,86.10381317138672,45.75322341918945,79.47022247314453,77.69377136230469,80.9942626953125,66.2511978149414
LUX,1986,21.83929,,,12.816802426065257,5.37286511377224,0.294565,,75.2859115600586,83.98822784423828,82.00730895996094,86.328125,76.0165023803711,82.27644348144531,91.62580871582031,72.92707824707031,65.9496078491211,86.1058578491211,45.79336166381836,80.11355590820312,77.88240814208984,82.02876281738281,66.53781127929688
LUX,1987,,,,12.823283260000178,5.376639457886832,-0.05666491,,74.40489959716797,83.82054138183594,81.99140167236328,85.99079895019531,76.42984008789062,82.58625030517578,91.88162994384766,73.2908706665039,65.57720947265625,85.3123779296875,45.84204864501953,81.4842529296875,78.48141479492188,84.0615234375,63.75204086303711
LUX,1988,,,,12.830539405785213,5.413065891619625,1.436591,,72.90936279296875,83.67837524414062,81.92306518554688,85.76644897460938,76.65676879882812,82.55448913574219,92.13666534423828,72.9723129272461,65.21698760986328,84.54214477539062,45.891822814941406,82.62142944335938,78.63092803955078,86.04645538330078,59.339439392089844
LUX,1989,,,,12.840265683246448,5.467668461062978,3.370963,,72.01782989501953,83.63908386230469,82.16777801513672,85.39804077148438,76.8597412109375,82.30916595458984,92.64530181884766,71.97300720214844,65.05723571777344,84.16500854492188,45.9494514465332,83.6969985961914,78.63614654541016,88.04115295410156,56.61921310424805
LUX,1990,12.63149873,4.56491822571885,,12.85278314031653,5.48647660503981,3.253765,44.37638714019427,72.3698959350586,83.72505187988281,82.20966339111328,85.54497528076172,77.15758514404297,82.8946762084961,93.16006469726562,72.6292953491211,65.07795715332031,84.158203125,45.99770736694336,83.98155975341797,78.45063781738281,88.7321548461914,57.28974151611328
LUX,1991,13.26584596,1.02158427215974,,12.866179972011919,5.549745829437861,3.118359,44.961193850948426,74.40406036376953,84.2950439453125,82.54193115234375,86.40673828125,77.85214233398438,83.55897521972656,93.41754913330078,73.70040893554688,66.3167724609375,83.35874938964844,49.27479934692383,84.11847686767578,78.40570068359375,89.03300476074219,61.985137939453125
LUX,1992,13.61063442,0.220720590072199,,12.879463447724442,5.539799250072053,3.154169,45.62268620803612,79.74931335449219,85.2598876953125,83.58883666992188,87.28203582763672,78.23928833007812,83.26748657226562,94.07322692871094,72.46175384521484,67.65287780761719,83.7477798461914,51.55796813964844,84.2089614868164,78.22393035888672,89.36896514892578,76.19251251220703
LUX,1993,13.94133997,1.90068058494777,,12.89288731801691,5.5600452247058305,3.588104,46.346267843401485,80.02703094482422,85.81681823730469,84.06723022460938,87.94158172607422,78.61090850830078,82.51408386230469,94.07754516601562,70.95062255859375,69.55987548828125,84.12637329101562,54.993385314941406,84.13377380371094,78.05613708496094,89.38616943359375,76.13243103027344
LUX,1994,13.89407953,2.97325699146997,,12.90650571939092,5.560217973543013,2.19476,47.106608251186564,75.81713104248047,86.13700866699219,83.94158172607422,88.81263732910156,78.3719482421875,82.70418548583984,94.34429931640625,71.06407165527344,68.77096557617188,81.417236328125,56.12470245361328,84.0191650390625,77.86344146728516,89.349853515625,63.92554473876953
LUX,1995,15.3627026083175,2.68153334218098,22.7019643224467,12.920553144026512,5.542024855288314,1.867698,47.801915592401286,75.80307006835938,86.21511840820312,83.50288391113281,89.53619384765625,78.9543685913086,83.03582000732422,94.61312866210938,71.45850372314453,70.09886169433594,80.9952621459961,59.20246887207031,84.06829833984375,77.94541931152344,89.37728881835938,63.263916015625
LUX,1996,15.2028845018262,2.32250514028473,22.1518788034568,12.934164583437498,5.519283128198859,1.183861,48.37095514753816,76.4499740600586,86.86587524414062,83.59689331054688,90.88385772705078,79.83885955810547,83.5740737915039,94.88276672363281,72.265380859375,71.99571228027344,81.70330810546875,62.28810501098633,84.23541259765625,77.90556335449219,89.73423767089844,63.690185546875
LUX,1997,14.9432740741509,2.50375528710013,21.3014305452151,12.946699608274441,5.529715375892073,1.367511,48.80797803273803,76.91026306152344,88.27291107177734,84.91813659667969,92.40438842773438,80.0447006225586,83.7691879272461,94.89131927490234,72.64704895019531,72.6348648071289,82.3662338256836,62.90349578857422,83.98653411865234,78.10504913330078,89.10257720947266,63.5491828918457
LUX,1998,14.8268012309072,2.84765995595129,21.1936198604534,12.959138316301363,5.559825229793278,0.9585662,49.13318748924605,77.32673645019531,89.1938247680664,85.58460998535156,93.63612365722656,80.14554595947266,84.5948486328125,94.8970718383789,74.29261779785156,72.29167175292969,80.3437271118164,64.23961639404297,83.78471374511719,77.968505859375,88.85105895996094,63.81412124633789
LUX,1999,14.0162243483584,3.10860204753917,19.1479801071274,12.972644529154387,5.598607549182859,1.025194,49.38956676244812,78.46404266357422,90.29702758789062,86.24844360351562,95.27518463134766,80.7652359008789,85.42039489746094,94.90326690673828,75.93753051757812,73.67691040039062,81.73348999023438,65.62033081054688,83.36500549316406,78.11998748779297,87.93779754638672,65.4837875366211
LUX,2000,13.3175254688424,5.54614826495321,17.9100172951614,12.986085359111701,5.619205528397662,3.150768,49.200139522477485,79.1930160522461,91.24960327148438,87.15164184570312,96.27815246582031,82.04942321777344,86.70245361328125,95.12435913085938,78.28052520751953,76.46880340576172,85.59879302978516,67.33881378173828,83.04051971435547,77.77779388427734,87.62911987304688,65.45657348632812
LUX,2001,13.9460447240772,5.62822711662658,18.1206955022774,12.997989922564571,5.631605668395569,2.663822,48.94295285033346,79.35504913330078,91.87771606445312,87.53361511230469,97.18993377685547,80.89064025878906,88.290283203125,95.4144058227539,81.1661605834961,73.94772338867188,85.88523864746094,62.01021194458008,80.40252685546875,78.08252716064453,82.42411804199219,66.4708251953125
LUX,2002,14.7386195901707,2.03211679813215,18.3042123530252,13.008466530724217,5.643963274650522,2.074089,48.99866087380489,77.3248291015625,90.95182037353516,87.0953598022461,95.65046691894531,77.3431625366211,89.54904174804688,95.5510025024414,83.54708099365234,62.92071533203125,83.5801010131836,42.26132583618164,79.71268463134766,78.0565185546875,81.15505981445312,64.90111541748047
LUX,2003,15.6483207737041,0.272964351282884,19.5407692300945,13.02061853952068,5.643540930497816,2.04984,48.83520133929601,79.04634857177734,91.61180114746094,88.25425720214844,95.71314239501953,80.62619018554688,90.01779174804688,95.298828125,84.73674774169922,70.62279510498047,72.30879974365234,68.93678283691406,81.28016662597656,78.37701416015625,83.80903625488281,66.07437896728516
LUX,2004,15.2483627969633,-1.39346739872368,20.2020488703399,13.034831865167812,5.6454116532059055,2.225681,48.6414136825574,80.0910873413086,93.01045227050781,88.75739288330078,98.22286224365234,81.67938995361328,88.63921356201172,95.29666137695312,81.98177337646484,74.88880920410156,77.80924987792969,71.96836853027344,81.4985122680664,78.10597229003906,84.4528579711914,66.80656433105469
LUX,2005,15.2051851944319,-0.20780189970496,18.8359065040046,13.050132411801899,5.632761551633685,2.487693,48.42736390004818,80.71822357177734,92.20097351074219,88.61627960205078,96.60484313964844,84.18091583251953,88.93682861328125,95.12317657470703,82.75048828125,80.95355987548828,88.71139526367188,73.19571685791016,82.54637145996094,78.0847396850586,86.42959594726562,66.91556549072266
LUX,2006,14.1522564198526,1.911516558074,17.6409867821641,13.066082930979347,5.651502690338651,2.666315,48.06877171437433,84.49950408935547,91.20068359375,87.17193603515625,96.15192413330078,83.97410583496094,89.81702423095703,95.12198638916016,84.51206970214844,78.59524536132812,83.43155670166016,73.7589340209961,83.47804260253906,77.80377197265625,88.42089080810547,78.93675994873047
LUX,2007,13.3714015468347,4.36286358569101,17.1767663474158,13.081526799444402,5.693854760913931,2.312459,47.68015703552375,85.46173858642578,91.58708190917969,86.7107162475586,97.57998657226562,84.75829315185547,89.78804016113281,95.12220001220703,84.45388793945312,81.80123901367188,87.50975036621094,76.09272766113281,82.5426254272461,77.88525390625,86.59889221191406,80.59525299072266
LUX,2008,13.8926550027707,3.37429984440556,24.6178510190327,13.099401765766983,5.676710910937503,3.40188,47.21300017473353,85.11486053466797,90.14266967773438,86.06756591796875,95.14910888671875,85.54158020019531,89.72815704345703,95.36083221435547,84.09548950195312,81.7739028930664,86.35474395751953,77.19306945800781,85.0940170288086,78.93939208984375,90.4590835571289,80.13711547851562
LUX,2009,15.801824820593,-0.210052372477646,22.4820839490276,13.117919518071346,5.66747742309427,0.368042,46.75422691961851,85.33475494384766,90.00799560546875,86.15382385253906,94.75753784179688,85.974365234375,89.82916259765625,95.59967041015625,84.05864715576172,82.45849609375,86.61003875732422,78.30694580078125,85.6101303100586,79.054443359375,91.25373840332031,80.47722625732422
LUX,2010,15.1260361512229,-0.317849130682272,27.3247301475993,13.136173576106584,5.661973163037675,2.273679,46.3029820293268,85.04519653320312,90.17035675048828,85.21720123291016,96.29312896728516,86.11443328857422,90.04801940917969,95.03205871582031,85.06397247314453,81.93073272705078,84.80137634277344,79.0600814819336,86.38467407226562,79.67549896240234,92.09552001953125,79.36683654785156
LUX,2011,14.9013391687374,0.657145832106097,26.8071273942825,13.158400181139255,5.634502611991221,3.410683,45.597083260770646,85.14714813232422,89.02132415771484,84.11983489990234,95.0952377319336,87.15894317626953,90.52985382080078,95.379638671875,85.6800537109375,84.4759521484375,89.59721374511719,79.35468292236328,86.41230773925781,78.25088500976562,93.28978729248047,79.68785858154297
LUX,2012,15.1025320379438,0.50869594838409,27.7320782520944,13.182415600137544,5.620183744321919,2.662842,44.99392383631224,85.24952697753906,88.61524200439453,83.43367767333984,95.05274200439453,87.61341857910156,91.18231964111328,95.40699005126953,86.95764923095703,85.02535247802734,90.38668060302734,79.66401672363281,86.54358673095703,81.56978607177734,90.6899185180664,79.91380310058594
LUX,2013,15.1268913299006,0.846640746456593,28.2727279955213,13.205527362665064,5.614774130508817,1.73404,44.80062465522709,85.1279296875,87.77365112304688,81.82742309570312,95.17495727539062,87.82460021972656,91.16409301757812,95.39085388183594,86.93733978271484,85.29789733886719,90.22187805175781,80.3739013671875,86.93440246582031,80.41358947753906,92.32083892822266,80.12374877929688
LUX,2014,14.9377341632639,1.3392888702331,29.1675208764229,13.22909714971347,5.601528284924045,0.628544,44.659257564253245,85.33773040771484,88.38996887207031,82.41883850097656,95.83587646484375,88.73260498046875,91.24271392822266,95.57862091064453,86.90682220458984,86.26631927490234,91.84010314941406,80.6925277709961,88.68438720703125,84.32189178466797,92.24880981445312,79.2963638305664
LUX,2015,14.660199905789,1.3312838564659,29.1286655094431,13.252696661527155,5.584728913473974,0.4747432,44.4196253128098,82.63681030273438,88.2530288696289,82.34644317626953,95.60533142089844,90.20361328125,91.14530181884766,95.42524719238281,86.86534881591797,87.04417419433594,93.1134033203125,80.97496032714844,92.65780639648438,98.47941589355469,87.95802307128906,70.24897003173828
LUX,2016,14.4855183423134,1.89482276898108,27.0826092329266,13.274249781407077,5.595376325762377,0.2908333,44.07998970174674,82.50712585449219,87.65454864501953,81.24464416503906,95.63453674316406,90.53562927246094,90.57749938964844,95.43396759033203,85.72103118896484,88.36373901367188,94.95123291015625,81.7762451171875,92.90998077392578,98.78790283203125,88.24151611328125,70.11293029785156
LUX,2017,14.8090769784701,1.36403581669696,28.7079203837335,13.298559545584688,5.565479728636019,1.7308,43.862857253140405,82.46501159667969,87.52923583984375,80.78062438964844,95.92239379882812,90.51026916503906,90.69495391845703,95.62458801269531,85.76531219482422,88.64066314697266,95.17566680908203,82.10565948486328,92.41110229492188,98.24504852294922,87.90257263183594,70.15634155273438
LUX,2018,14.9955513170038,3.18133411371731,29.2875348873348,13.317847920724564,5.54444439461415,1.528195,43.827005696765525,82.2466049194336,87.30376434326172,80.30917358398438,96.00386810302734,89.8672866821289,90.46437072753906,95.63928985595703,85.2894515991211,88.59321594238281,94.68152618408203,82.50492095947266,90.63056182861328,99.12674713134766,84.05595397949219,70.35166931152344
LUX,2019,15.2735487224732,2.68740050817144,30.9486734519298,13.3374763699232,5.539848815488396,1.743321,43.86308896757517,82.2611083984375,87.78306579589844,80.88134765625,96.36023712158203,89.47613525390625,90.32096862792969,95.41769409179688,85.2242431640625,88.96609497070312,94.93231201171875,82.9998550415039,89.09841918945312,91.8530502319336,86.96968078613281,70.3366928100586
LUX,2020,17.2499906120592,-3.0917087261442,32.9809234267959,13.354139956665527,5.563811339901842,0.8199573,44.00854339657122,85.08454132080078,86.18693542480469,77.93423461914062,96.42643737792969,89.8120346069336,90.33096313476562,95.49983215332031,85.16207885742188,89.61022186279297,95.8095474243164,83.4109115600586,89.45413970947266,92.1380386352539,87.38153839111328,79.54103088378906
LUX,2021,15.0931594787569,1.01635425644382,31.4935988517825,13.369323450336188,5.557591048543311,2.52692,44.19753086419753,85.47389221191406,86.73978424072266,78.82101440429688,96.54707336425781,90.15081787109375,90.07402038574219,95.04936981201172,85.09866333007812,90.23802947998047,96.7398452758789,83.7362060546875,90.13905334472656,92.89289093017578,88.01964569091797,79.83258819580078
LUX,2022,15.5573914277238,0.191793689098941,29.4640530938638,13.38949012935746,5.499094954024305,6.336008,44.34437443227151,85.0493392944336,87.37434387207031,79.90851593017578,96.60462188720703,90.34736633300781,90.18353271484375,95.21598052978516,85.15108489990234,90.40519714355469,96.77081298828125,84.03956604003906,90.46733856201172,92.95838928222656,88.55645751953125,77.85417938232422
LUX,2023,16.5747858437656,-0.693093282627196,31.2583739669515,13.409690386828693,5.470474835227701,3.741404,44.77254311590188,84.7935791015625,86.60584259033203,78.45697021484375,96.6649169921875,90.44049072265625,90.14591979980469,95.2083740234375,85.08345794677734,90.5312728881836,96.76384735107422,84.29869842529297,90.67122650146484,92.84693145751953,89.00386047363281,77.7263412475586
LVA,1980,,,,14.736470770823333,,,,,,,,,,,,,,,,,,
LVA,1981,,,,14.739539671183534,,,,,,,,,,,,,,,,,,
LVA,1982,,,,14.744156647087792,,,,,,,,,,,,,,,,,,
LVA,1983,,,,14.750038378592905,,,,,,,,,,,,,,,,,,
LVA,1984,,,,14.756317106313483,,,,,,,,,,,,,,,,,,
LVA,1985,,,,14.76286303975798,,,,,,,,,,,,,,,,,,
LVA,1986,,,,14.770980463667426,,,,,,,,,,,,,,,,,,
LVA,1987,,,,14.781194319866763,,,,,,,,,,,,,,,,,,
LVA,1988,,,,14.791365208131257,,,,,,,,,,,,,,,,,,
LVA,1989,,,,14.796447930130913,,,,,,,,,,,,,,,,,,
LVA,1990,,,,14.795020566155095,,,49.68308665782745,43.18119430541992,51.70024490356445,52.99396896362305,50.4065055847168,52.670616149902344,43.31948471069336,45.76640701293945,40.8725700378418,55.6406135559082,61.117286682128906,50.1639404296875,59.05176544189453,44.34996795654297,73.7535629272461,25.172710418701172
LVA,1991,,,,14.79028941921469,,,50.410445389710326,41.82626724243164,51.71031951904297,53.007781982421875,50.41286087036133,49.060611724853516,43.24348831176758,45.60272216796875,40.88425064086914,55.633018493652344,61.101627349853516,50.16441345214844,48.30534744262695,30.234359741210938,66.3763427734375,24.707870483398438
LVA,1992,,,,14.77652146855634,,951.6962,51.502778157676964,46.63576126098633,56.777854919433594,61.05532455444336,52.50039291381836,52.32454299926758,43.479244232177734,45.63601303100586,41.322479248046875,55.634368896484375,61.10691833496094,50.16181564331055,57.86001205444336,44.060035705566406,71.66000366210938,30.80491065979004
LVA,1993,,,,14.756802147599304,,108.9896,52.0374148852879,47.843711853027344,57.64095687866211,61.38286590576172,53.899051666259766,53.445472717285156,43.35602569580078,45.254146575927734,41.45790481567383,58.73881912231445,67.31746673583984,50.1601676940918,58.24156951904297,44.097434997558594,72.38571166992188,32.444705963134766
LVA,1994,,,,14.740063860591793,,35.92471,52.24896733710985,49.679351806640625,58.186649322509766,61.564876556396484,54.808433532714844,54.07817459106445,46.211910247802734,47.29050827026367,45.133304595947266,56.611351013183594,63.05995559692383,50.16275405883789,59.4112548828125,44.281551361083984,74.54096984863281,36.77326202392578
LVA,1995,12.0,-1.5,14.3,14.725805752470219,3.406905028677434,24.97593,52.22879993727212,50.460262298583984,59.18503952026367,62.625099182128906,55.74498748779297,52.646915435791016,45.651180267333984,45.201927185058594,46.100433349609375,56.80522537231445,63.439231872558594,50.17121887207031,55.48433303833008,45.33702087402344,65.63164520263672,39.548805236816406
LVA,1996,12.6,-0.4,13.6,14.714542001511985,3.416199550926483,17.61046,51.954357208274914,54.297584533691406,66.5909194946289,71.3868637084961,61.79497146606445,55.29570770263672,49.47722244262695,52.300689697265625,46.653751373291016,60.4514045715332,70.71882629394531,50.18397903442383,55.958526611328125,46.224098205566406,65.69295501708984,41.00607681274414
LVA,1997,12.3,1.5,10.9,14.70457437862441,3.484214921669488,8.447392,51.46540705474817,55.911231994628906,69.01481628417969,71.9688949584961,66.06075286865234,54.275413513183594,51.093910217285156,52.378482818603516,49.80933380126953,54.89151382446289,57.641048431396484,52.1419792175293,56.8408088684082,47.6255989074707,66.05601501464844,44.44345474243164
LVA,1998,13.0,0.0,9.3,14.695145189253187,3.535455276986338,4.644212,50.58552940706009,57.52290344238281,69.78369903564453,72.73307037353516,66.83432006835938,57.046993255615234,52.32318115234375,53.158084869384766,51.488277435302734,58.52573776245117,63.70765686035156,53.343814849853516,60.292057037353516,52.89521026611328,67.68889617919922,45.73804473876953
LVA,1999,14.9,-3.8,12.4,14.687005577214466,3.5460287714880794,2.364815,49.43314371444646,58.53883743286133,69.71880340576172,71.53910827636719,67.89850616455078,57.56055450439453,52.66516876220703,52.71547317504883,52.61486053466797,58.90819549560547,63.65334701538086,54.16304016113281,61.10832595825195,54.20269012451172,68.01395416259766,48.33711242675781
LVA,2000,12.5,-2.8,12.4,14.677366223143542,3.578756867774613,2.654253,48.493272001314615,58.98179244995117,68.0137939453125,70.76493835449219,65.26264190673828,59.75385665893555,57.40422439575195,60.20948028564453,54.59897232055664,59.5269889831543,64.07726287841797,54.97671890258789,62.330345153808594,55.31581497192383,69.3448715209961,49.17768478393555
LVA,2001,11.3,-2.0,14.1,14.664451353708055,3.647317107475673,2.487044,47.77830188082739,60.18208312988281,69.89421081542969,72.95267486572266,66.83572387695312,60.617313385009766,59.251564025878906,61.919158935546875,56.58396530151367,59.42487716674805,63.11832046508789,55.7314338684082,63.17552185058594,57.28280258178711,69.0682373046875,50.034725189208984
LVA,2002,10.2,-2.4,13.4,14.65283297146862,3.7243240563412106,1.938879,47.174399433261726,61.12849426269531,68.57624053955078,73.17790985107422,63.97457504272461,64.16578674316406,58.96330261230469,60.481689453125,57.44491958618164,62.20730209350586,64.443359375,59.97124481201172,71.32677459716797,73.8716049194336,68.78193664550781,50.64348602294922
LVA,2003,9.4,-1.6,14.8,14.643168963456244,3.8011513982308793,2.942643,46.73103377509564,62.657440185546875,71.46554565429688,75.40608978271484,67.52500915527344,64.5240707397461,61.17823791503906,62.343666076660156,60.01280975341797,59.87512969970703,58.613739013671875,61.13652420043945,72.51885223388672,76.5087890625,68.52892303466797,51.98273849487305
LVA,2004,9.4,-1.2,15.2,14.632255833900501,3.8699770329857652,6.192384,46.41989494312708,67.02859497070312,76.97395324707031,80.54537963867188,73.40254211425781,69.24839782714844,62.73320388793945,62.697845458984375,62.768558502197266,69.69308471679688,65.23921966552734,74.14694213867188,75.31893920898438,81.1322021484375,69.50566101074219,54.863433837890625
LVA,2005,8.8,-0.5,12.4,14.621450119331383,3.9690184048708588,6.748452,46.19350330907441,68.80760192871094,77.12615966796875,80.75728607177734,73.49503326416016,72.62001037597656,68.09135437011719,69.46308135986328,66.7196273803711,71.07282257080078,67.11534881591797,75.0302963256836,78.6958236694336,81.71253204345703,75.67912292480469,56.67665100097656
LVA,2006,8.4,-0.6,10.6,14.612277389756501,4.074409404144105,6.536199,46.16551865913071,70.60936737060547,78.23483276367188,78.83866882324219,77.6310043334961,73.65631866455078,69.41365814208984,70.84561157226562,67.9817123413086,71.80577850341797,66.02754974365234,77.5840072631836,79.7494888305664,83.3430404663086,76.15593719482422,59.93698501586914
LVA,2007,7.4,-0.6,8.9,14.604115634690672,4.162246592291165,10.09298,46.23830930948494,71.48426818847656,78.95269012451172,78.94898223876953,78.9563980102539,73.86040496826172,73.7344970703125,71.7343978881836,75.7345962524414,68.644775390625,58.79005432128906,78.4994888305664,79.20195007324219,84.60494995117188,73.79894256591797,61.639705657958984
LVA,2008,8.4,-4.5,19.5,14.59360623924693,4.141855909053086,15.40232,46.55738521476208,70.28025817871094,77.36913299560547,78.54871368408203,76.1895523071289,71.23347473144531,73.85858917236328,72.03094482421875,75.68624114990234,69.60138702392578,59.72422790527344,79.47854614257812,70.24044799804688,66.29498291015625,74.18589782714844,62.23818588256836
LVA,2009,13.2,-9.8,38.0,14.577095989571017,4.025479789672987,3.534107,47.28069698880645,69.44883728027344,74.1938705444336,77.79222869873047,70.59551239013672,70.72872924804688,73.84194946289062,71.59013366699219,76.09376525878906,68.40543365478516,56.748008728027344,80.0628662109375,69.93883514404297,64.15348815917969,75.72418212890625,63.42390823364258
LVA,2010,13.4,-8.8,48.6,14.556282938672206,3.9853846877483,-1.084636,47.998526756514764,70.48062896728516,77.17448425292969,80.4680404663086,73.88090515136719,70.95333862304688,71.70973205566406,71.39659118652344,72.02286529541016,71.7218017578125,63.177764892578125,80.26583099365234,69.42849731445312,65.25011444091797,73.60687255859375,63.31405258178711
LVA,2011,11.9,-4.5,46.6,14.538075268651406,4.019097387577403,4.370736,48.62434507655596,71.35231018066406,78.24699401855469,81.16863250732422,75.32533264160156,72.72101593017578,73.00081634521484,72.68151092529297,73.32010650634766,73.5557632446289,66.26004028320312,80.85150146484375,71.60649108886719,68.20303344726562,75.00996398925781,63.088871002197266
LVA,2012,10.7,-1.5,44.0,14.52567167711848,4.094205435877813,2.257789,49.340369974225574,72.58528900146484,79.39755249023438,81.19915008544922,77.59593963623047,74.0361557006836,74.61894226074219,73.38780975341797,75.85006713867188,74.7278060913086,67.99815368652344,81.45745086669922,72.7617416381836,68.58605194091797,76.93742370605469,64.32215881347656
LVA,2013,10.8,-1.3,41.8,14.51496132908557,4.11429299588148,-0.02945478,50.38158641919962,73.07284545898438,79.73181915283203,81.444580078125,78.01907348632812,75.00823974609375,75.18019104003906,74.3077392578125,76.05264282226562,75.90335083007812,69.75294494628906,82.05375671386719,73.94119262695312,68.96886444091797,78.91352844238281,64.47844696044922
LVA,2014,10.6,-1.7,43.1,14.505543895543228,4.128711576108993,0.6204923,51.71704796654859,73.36170959472656,79.82290649414062,82.5965347290039,77.04928588867188,75.1192855834961,74.71295928955078,74.2530746459961,75.17285919189453,75.69132232666016,69.1329574584961,82.24967956542969,74.95356750488281,68.54013061523438,81.36699676513672,65.1429443359375
LVA,2015,10.8,-1.5,38.3,14.49735763213377,4.154775298577298,0.1742414,53.00224451694916,73.8193359375,80.7053451538086,82.64287567138672,78.7677993774414,74.77562713623047,74.90167236328125,73.61407470703125,76.18927764892578,74.10646057128906,65.37040710449219,82.84251403808594,75.31873321533203,68.47557830810547,82.16190338134766,65.97702026367188
LVA,2016,10.9,0.0,41.7,14.488218778811504,4.176700530705085,0.1406308,54.27578746480736,77.4188003540039,80.42605590820312,82.58271789550781,78.2693862915039,77.1258316040039,75.51081085205078,74.15727996826172,76.86434173583984,79.1760025024414,74.85316467285156,83.49882507324219,76.69068908691406,70.52003479003906,82.86134338378906,74.70453643798828
LVA,2017,10.7,-0.3,40.3,14.47935662307858,4.198224462309466,2.930369,55.47984463606992,78.22327423095703,81.44540405273438,83.63682556152344,79.25395202636719,78.03266143798828,75.82132720947266,76.15194702148438,75.49072265625,77.77469635009766,71.84425354003906,83.70513153076172,80.501953125,77.45863342285156,83.54527282714844,75.19181060791016
LVA,2018,10.6,-1.4,38.3,14.471565239116659,4.230731671320776,2.53446,56.32563104622508,78.76203918457031,81.03411865234375,83.896728515625,78.17151641845703,78.85595703125,74.35639190673828,76.11882781982422,72.59395599365234,80.8493423461914,77.32475280761719,84.37391662597656,81.36213684082031,77.83102416992188,84.89324951171875,76.39603424072266
LVA,2019,11.1,-0.2,37.9,14.464612847715298,4.233230555848756,2.811403,57.10283312140811,78.26934051513672,80.8991470336914,83.7186508178711,78.07966613769531,77.59980773925781,74.00732421875,75.19114685058594,72.82350158691406,77.81719970703125,70.52896118164062,85.10543060302734,80.97490692138672,77.99605560302734,83.95376586914062,76.30908203125
LVA,2020,12.3,-4.1,44.0,14.457600732007965,4.248818075647271,0.2190611,57.90309367091132,74.90699005126953,80.70393371582031,83.0108413696289,78.39701080322266,77.02554321289062,73.75233459472656,74.7153549194336,72.78929138183594,76.22991943359375,66.67337799072266,85.78646850585938,81.0943603515625,77.98590087890625,84.20281982421875,66.99150085449219
LVA,2021,12.6,-7.2,45.9,14.449167785227914,4.266937364446383,3.275814,58.35371761378294,75.67924499511719,81.04460144042969,83.71087646484375,78.37831115722656,78.42679595947266,74.52112579345703,75.9028091430664,73.13943481445312,78.38329315185547,70.35200500488281,86.4145736694336,82.37600708007812,80.09981536865234,84.65220642089844,67.56641387939453
LVA,2022,12.7,-4.9,44.4,14.446454089450157,4.259414184269389,17.31029,58.573500587673955,75.49090576171875,81.49366760253906,84.45072937011719,78.53661346435547,78.55487060546875,74.86531066894531,76.61920166015625,73.11141967773438,78.37788391113281,70.14955139160156,86.6062240600586,82.42145538330078,80.1800308227539,84.66287231445312,66.4241714477539
LVA,2023,12.1,-2.4,45.0,14.44875379445718,4.241690743871831,8.938056,58.79103047080672,75.74237060546875,81.9543685913086,84.44319915771484,79.46553039550781,78.87066650390625,75.2142562866211,76.99896240234375,73.42955017089844,78.65637969970703,70.54328155517578,86.76947784423828,82.7413558959961,80.38839721679688,85.09432220458984,66.40206146240234
NLD,1980,18.33393627,-3.63918899872135,56.8218525875658,16.46521104767801,4.9446042463614575,6.513452,,78.80352783203125,74.68355560302734,75.83746337890625,73.52963256835938,70.541015625,58.3812255859375,56.298118591308594,60.464324951171875,65.52506256103516,87.86189270019531,43.18821716308594,89.04566192626953,89.54309844970703,88.61966705322266,90.98823547363281
NLD,1981,18.86403374,-4.40942536080985,62.0196612457005,16.472071515657618,4.9163263435612485,6.73893,,79.40277099609375,76.70887756347656,77.2706527709961,76.1470718383789,70.33765411376953,57.627845764160156,55.48334884643555,59.7723388671875,65.33264923095703,87.47267150878906,43.19263458251953,89.41319274902344,89.94284057617188,88.95909881591797,90.94622802734375
NLD,1982,20.12278078,-5.52275084287532,68.9143188496152,16.47665711429979,4.9062749077719445,5.911094,,79.36318969726562,76.95293426513672,77.190185546875,76.71569061279297,70.11946868896484,57.36379623413086,55.27695083618164,59.45063781738281,64.95619201660156,86.70921325683594,43.20317459106445,89.40724182128906,89.93090057373047,88.95791625976562,90.79849243164062
NLD,1983,20.48217642,-4.69278073063068,75.6397710125601,16.48044934025773,4.901783684246934,2.740841,,79.18598937988281,76.70343017578125,76.72110748291016,76.68572235107422,70.06006622314453,57.32435607910156,55.287017822265625,59.361690521240234,64.38226318359375,85.54551696777344,43.21902084350586,89.87979888916016,90.12799835205078,89.66682434082031,90.5786361694336
NLD,1984,19.57288956,-4.51405118263329,80.5457341146409,16.484418672155414,4.888923864896048,3.301638,,79.38257598876953,77.74764251708984,77.99202728271484,77.50326538085938,69.94639587402344,57.18596267700195,55.284934997558594,59.08698272705078,63.85009002685547,84.77627563476562,42.923912048339844,90.24600982666016,90.1070556640625,90.3652114868164,90.23008728027344
NLD,1985,18.56473482,-2.68018469635955,84.669050641898,16.489081937354236,4.881344383619607,2.258587,,79.79192352294922,79.19601440429688,79.0176773071289,79.37435150146484,69.67082214355469,57.21867370605469,55.46739959716797,58.96994400024414,62.92520523071289,83.22174835205078,42.628662109375,90.33672332763672,90.28157043457031,90.38402557373047,90.26925659179688
NLD,1986,18.0923422,-3.8003256951697,82.8220660363845,16.494631514611843,4.881525153317808,0.08334722,,78.17340087890625,76.74794006347656,75.24529266357422,78.25056457519531,69.65464782714844,58.034934997558594,56.765193939208984,59.3046760559082,62.22756576538086,82.44573974609375,42.009403228759766,90.15274810791016,90.25849151611328,90.06197357177734,87.91659545898438
NLD,1987,18.16608914,-4.60050159406288,82.3251530622154,16.500976783404486,4.865537103238848,-0.6912059,,77.91455841064453,76.39620208740234,74.2774429321289,78.51497650146484,69.61873626708984,58.544273376464844,57.848968505859375,59.23958206176758,61.455196380615234,80.88158416748047,42.0288200378418,90.32400512695312,90.24633026123047,90.39065551757812,87.53276824951172
NLD,1988,17.78984908,-3.61592679099379,83.9507801467948,16.507437745680008,4.856625307704546,0.7379455,,77.549072265625,76.88506317138672,75.0918197631836,78.67830657958984,69.6725845336914,58.89574432373047,58.493141174316406,59.2983512878418,60.91936492919922,80.1113052368164,41.7274284362793,90.69189453125,90.23176574707031,91.08682250976562,85.90354919433594
NLD,1989,17.16932216,-4.38587843366597,84.6769689767446,16.513436817810568,4.865046064682456,1.082161,,77.44847869873047,78.80571746826172,76.6661605834961,80.94527435302734,69.70260620117188,58.75700378417969,58.26039505004883,59.253604888916016,60.900489807128906,79.73115539550781,42.06982421875,90.9551773071289,90.42321014404297,91.41179656982422,83.6542739868164
NLD,1990,18.24651552,-4.72510089595212,84.3016475505992,16.520322856044956,4.877544924206909,2.454089,45.18209676734943,76.94700622558594,78.44300842285156,76.1719741821289,80.71405792236328,69.40535736083984,58.30827331542969,58.06723403930664,58.549312591552734,60.290809631347656,78.17327117919922,42.40834426879883,91.1510009765625,90.4153060913086,91.78290557861328,82.81529998779297
NLD,1991,17.78416707,-2.28746750944323,85.1316965017634,16.528203166398708,4.8874653651485245,3.158203,45.42751682016859,78.87602996826172,79.02781677246094,76.83863067626953,81.21696472167969,69.47898864746094,58.30653762817383,58.58575439453125,58.027320861816406,60.497928619384766,75.82209777832031,45.173770904541016,91.14629364013672,90.41773223876953,91.77306365966797,87.9024429321289
NLD,1992,17.72090094,-3.76394903926266,88.5908649191011,16.535763732332676,4.882464145849261,3.183581,45.69261573724033,80.49281311035156,79.1429443359375,77.18617248535156,81.09970092773438,70.30963134765625,58.592403411865234,58.73808670043945,58.44671630859375,62.92890930175781,75.8310775756836,50.0267448425293,90.82132720947266,90.4293441772461,91.15926361083984,91.79191589355469
NLD,1993,17.65605243,-2.57452815677211,92.9942197477547,16.542733645633927,4.881141476626841,2.584182,45.94116278805625,81.32388305664062,80.66699981689453,78.80115509033203,82.53287506103516,70.3516616821289,57.97331619262695,58.671268463134766,57.27536392211914,63.30603790283203,75.84214782714844,50.76992416381836,91.19046783447266,90.12474822998047,92.11148071289062,92.70469665527344
NLD,1994,16.36694616,-3.26257926752767,83.27756093016,16.54876303037667,4.881531555405508,2.801527,46.21267357769537,80.83807373046875,80.96858215332031,79.30016326904297,82.6369857788086,67.91353607177734,57.73244094848633,58.67361831665039,56.79125213623047,63.14935302734375,74.6985855102539,51.60012435913086,83.9322738647461,90.14307403564453,78.55387115478516,93.34339141845703
NLD,1995,14.6104014156203,-8.72293303359077,86.0189480126401,16.55370230410182,4.888717685360309,1.92322,46.479337931463164,81.14491271972656,80.888427734375,78.6858139038086,83.09103393554688,68.57585144042969,58.2653694152832,59.27486801147461,57.25587463378906,64.20899200439453,75.87487030029297,52.54310989379883,84.29814910888672,90.47186279296875,78.94508361816406,93.69200134277344
NLD,1996,13.9994207935129,-1.90678702620021,84.781336547041,16.558316261577897,4.893158614008213,1.949368,46.67835648441104,80.94218444824219,81.90518188476562,79.36632537841797,84.44403076171875,68.8658676147461,58.6978759765625,59.65506362915039,57.74068832397461,65.0389633178711,76.26892852783203,53.80898666381836,83.843994140625,90.20842742919922,78.31513214111328,91.79126739501953
NLD,1997,12.9602878320619,-1.60009946564246,79.4300726801936,16.56346393159907,4.90013140356378,2.109246,46.90142186374289,81.69522094726562,84.116455078125,82.26301574707031,85.96990966796875,69.33810424804688,59.07963943481445,59.48773956298828,58.67152786254883,65.69216918945312,76.24523162841797,55.13909912109375,84.21025848388672,90.5715103149414,78.67691040039062,91.36304473876953
NLD,1998,12.2961510894314,-1.33464975570238,77.2737399053188,16.569630336905867,4.917578977765675,1.959136,47.16116795712436,82.41352081298828,85.09527587890625,82.65746307373047,87.5330810546875,69.64777374267578,59.86411666870117,59.697532653808594,60.03070068359375,65.99656677246094,75.45936584472656,56.53377151489258,84.00836181640625,89.73983764648438,79.01579284667969,92.22319793701172
NLD,1999,11.6522231716344,0.28287061288633,68.7335111195771,16.576285268776598,4.934663634560698,2.157179,47.39849002227278,83.57244873046875,85.55899047851562,82.81082916259766,88.3071517944336,71.34308624267578,61.00528335571289,59.76457595825195,62.24599838256836,69.67298126220703,74.68814849853516,64.65782165527344,84.17320251464844,90.84841918945312,78.35350036621094,93.55403900146484
NLD,2000,11.0267563927632,1.135338744761,62.5680849558774,16.58343297240444,4.935312983906817,2.360522,47.59972577456775,84.90629577636719,87.57869720458984,85.01080322265625,90.14659881591797,72.5218505859375,62.96631622314453,60.028656005859375,65.90397644042969,71.04137420654297,77.7636489868164,64.31909942626953,84.31306457519531,90.79429626464844,78.66206359863281,94.35385131835938
NLD,2001,10.8247177191417,-0.467623442031461,58.5160666637686,16.59098137298179,4.944017635271321,4.155841,47.72345845404891,85.29139709472656,87.3379898071289,83.90319061279297,90.77275848388672,73.15143585205078,63.07057571411133,60.50687026977539,65.63427734375,72.8338394165039,79.439453125,66.22822570800781,84.26460266113281,90.34300994873047,78.96804809570312,95.12451934814453
NLD,2002,10.8528318694932,-2.22952918466625,58.9607590935567,16.597364289644478,4.931464300813749,3.287531,47.778007873293035,83.70565795898438,84.87556457519531,83.93605041503906,85.8150863647461,73.39391326904297,63.94199752807617,61.21522903442383,66.66876220703125,72.86283111572266,78.40892791748047,67.3167495727539,84.06572723388672,89.93061065673828,78.95794677734375,92.62566375732422
NLD,2003,11.3116890431364,-3.18940423054531,59.9173297108481,16.602082433632358,4.913954430667519,2.091998,47.88372080729428,84.9618148803711,86.47648620605469,84.04047393798828,88.91251373291016,74.9328384399414,65.10356903076172,62.982704162597656,67.22441864013672,74.53819274902344,80.61373901367188,68.46263885498047,85.8612289428711,94.07138061523438,78.70957946777344,93.26063537597656
NLD,2004,11.2048580345503,-1.82693032015066,60.2911487758945,16.605557187752847,4.904557580572773,1.263647,48.04868960309828,85.2898178100586,87.9277572631836,85.37157440185547,90.48392486572266,75.54484558105469,66.23014831542969,62.81794738769531,69.64234161376953,75.14797973632812,80.6574935913086,69.63845825195312,85.92692565917969,94.66913604736328,78.31385040283203,92.1871109008789
NLD,2005,10.7883974963932,-0.515096469770875,59.4897523484202,16.60789381923223,4.900741541048977,1.68813,48.16872595927089,85.42536163330078,88.20447540283203,85.43019104003906,90.97876739501953,76.42190551757812,65.99031066894531,63.4921760559082,68.48843383789062,77.30431365966797,81.48479461669922,73.12383270263672,86.63301086425781,94.96141815185547,79.3843002319336,91.4551010131836
NLD,2006,10.4078005733312,0.0290978641146762,53.03366503764,16.609499955920807,4.9096218569273935,1.101501,48.21366282878527,85.935546875,87.83831787109375,84.21927642822266,91.45735931396484,76.87821197509766,66.8756332397461,63.966922760009766,69.78436279296875,77.61076354980469,81.52461242675781,73.6969223022461,86.78682708740234,94.6941909790039,79.89874267578125,92.8956069946289
NLD,2007,10.0159768776846,-0.259738591889348,50.3610334321132,16.61167517193275,4.926323607841824,1.613859,48.25413523342045,87.06523132324219,88.401611328125,85.11760711669922,91.68560791015625,77.53958129882812,67.74750518798828,64.40592956542969,71.08908081054688,78.07198333740234,80.5108413696289,75.63311767578125,87.43804931640625,94.4205551147461,81.35673522949219,95.04959106445312
NLD,2008,10.1084141078061,-0.00353067233211697,62.4800056490757,16.615568096547744,4.946813280650175,2.486502,48.38349031761584,84.7198486328125,87.31481170654297,84.51583862304688,90.1137924194336,72.17096710205078,67.13147735595703,64.44159698486328,69.82135772705078,78.70446014404297,80.07398223876953,77.33495330810547,70.5745620727539,56.7528190612793,82.62315368652344,94.40548706054688
NLD,2009,11.0347476010556,-5.10109200308465,64.9914791389646,16.620710941996023,4.946284581099409,1.189777,48.63787331800592,85.33003997802734,86.81047821044922,84.543701171875,89.07725524902344,75.11396026611328,67.07801818847656,63.263465881347656,70.89256286621094,78.68988037109375,79.74620819091797,77.633544921875,79.90747833251953,74.34153747558594,84.69903564453125,93.82884216308594
NLD,2010,11.3593314070125,-5.2803000241202,69.2746045454899,16.625840173001556,4.930377778353118,1.275306,48.9390840593512,85.75994110107422,86.95189666748047,85.39686584472656,88.50691223144531,76.00939178466797,67.81327819824219,63.885684967041016,71.74087524414062,78.6989974975586,79.01517486572266,78.38282775878906,81.9585189819336,74.50785064697266,88.30052947998047,94.07666015625
NLD,2011,11.5080036523666,-4.42204571658644,73.5856164174643,16.630504460823566,4.928563717993703,2.34107,49.63220919194662,86.10075378417969,87.16825866699219,85.3403549194336,88.99613952636719,77.23240661621094,68.74153137207031,65.40025329589844,72.08280944824219,80.02238464355469,81.37019348144531,78.67457580566406,83.42001342773438,75.69288635253906,89.93151092529297,93.66905975341797
NLD,2012,11.8295676904192,-3.83905051294252,79.2241944089343,16.634205011171268,4.907327078436763,2.455548,50.646035141110836,86.50481414794922,87.08452606201172,85.5287857055664,88.64024353027344,77.97763061523438,69.72010803222656,67.07539367675781,72.36482238769531,80.69123077392578,82.40544891357422,78.97699737548828,84.02456665039062,76.37387084960938,90.40248107910156,94.21589660644531
NLD,2013,12.2729943041046,-2.86076565518776,78.631093136386,16.637153219105684,4.893148327107219,2.506899,51.42895916984028,87.05829620361328,87.30416870117188,85.46483612060547,89.14350891113281,79.25007629394531,71.407470703125,68.98640441894531,73.82853698730469,81.67031860351562,83.65898132324219,79.68165588378906,85.18901824951172,78.12010955810547,91.02820587158203,94.39421081542969
NLD,2014,12.183423294387,-2.24150429647437,82.9654219267536,16.64075150083295,4.889942970562927,0.9760351,52.014961185501605,87.86239624023438,88.38960266113281,87.03657531738281,89.74264526367188,78.89480590820312,70.62287902832031,69.10530853271484,72.14045715332031,80.42645263671875,81.27445220947266,79.57843780517578,86.31371307373047,80.3018569946289,91.22575378417969,96.02934265136719
NLD,2015,11.9086065720313,-1.77828501472373,79.0062541743361,16.645183701723305,4.886888575983242,0.6002482,52.4272622166642,88.56541442871094,89.2390365600586,88.84550476074219,89.6325454711914,79.32694244384766,71.70134735107422,70.5503158569336,72.85237884521484,80.7164306640625,81.57869720458984,79.85417938232422,86.22795104980469,79.67994689941406,91.51416778564453,96.83353424072266
NLD,2016,11.7177075016489,0.226979616258641,76.5607104531402,16.650505490519393,4.893140244467915,0.3166667,52.697267244520575,88.64459991455078,88.9964599609375,88.44561004638672,89.54729461669922,79.86309814453125,71.1215591430664,70.27008819580078,71.9730224609375,81.29596710205078,82.36333465576172,80.22860717773438,88.00994873046875,82.75481414794922,92.18376922607422,96.77312469482422
NLD,2017,11.2604063868013,1.31591209856293,69.94011561494,16.656417524181034,4.8934421219361885,1.381459,52.984089250934765,89.08133697509766,89.59001159667969,89.4250717163086,89.75492858886719,80.80884552001953,71.30328369140625,71.28765869140625,71.31890106201172,82.0064926147461,83.04469299316406,80.96829986572266,90.18144226074219,87.70002746582031,92.09911346435547,96.53192138671875
NLD,2018,10.8498576732595,1.47347166840221,65.2569019378762,16.66225685827024,4.892501029266127,1.703498,53.259576442194124,89.17036437988281,89.8157958984375,89.71881103515625,89.91278839111328,80.97544860839844,71.42436218261719,71.7186279296875,71.13009643554688,82.2486572265625,83.55868530273438,80.93863677978516,90.30878448486328,87.90946197509766,92.16545104980469,96.41090393066406
NLD,2019,10.5181334037145,1.78179973221782,61.4285249445938,16.66880757401829,4.897668964463838,2.633699,53.51250129218725,89.19427490234375,89.9870834350586,89.9573974609375,90.01678466796875,81.50914001464844,71.47457122802734,71.93670654296875,71.01244354248047,83.047119140625,84.25155639648438,81.8426742553711,91.09467315673828,88.68644714355469,92.95572662353516,95.79550170898438
NLD,2020,11.1796860359869,-3.60683679054344,68.9137613735294,16.674362981920844,4.897077068846976,1.27246,53.82237353452465,88.78343963623047,89.766357421875,89.47158813476562,90.06111145019531,81.74331665039062,70.29495239257812,70.44547271728516,70.1444091796875,84.89314270019531,87.96482849121094,81.82146453857422,91.10835266113281,89.71601867675781,92.18356323242188,94.57342529296875
NLD,2021,10.4943076664236,-2.19887851473891,64.4380569000067,16.67959788700253,4.8952359576701445,2.67572,54.199125236843194,88.97515869140625,89.50409698486328,89.03109741210938,89.97708129882812,82.33714294433594,70.59716033935547,70.74938201904297,70.44493865966797,86.06853485107422,89.9986343383789,82.13843536376953,91.38837432861328,90.18887329101562,92.31151580810547,94.82939147949219
NLD,2022,9.73043408263066,0.0115730607324275,52.714486553613,16.689130676231077,4.908912317526983,10.00121,54.445596372108426,88.82909393310547,89.77598571777344,89.3874282836914,90.16452026367188,82.39859008789062,70.36613464355469,71.50248718261719,69.22978210449219,86.17821502685547,89.9223861694336,82.43402862548828,91.7391128540039,90.35604095458984,92.8000717163086,94.06306457519531
NLD,2023,10.297780346366,-0.357805546735306,49.7913581530491,16.699032073098078,4.882268825970162,3.838393,54.62649085532618,88.89884185791016,89.7968978881836,89.37147521972656,90.22230529785156,82.59593963623047,70.56929779052734,72.0241928100586,69.1144027709961,86.74039459228516,89.94688415527344,83.53389739990234,91.52074432373047,89.83226013183594,92.81472778320312,94.05821228027344
NOR,1980,11.3261,6.07774630319176,37.1599699434384,15.222984049545415,4.960393846324046,10.87866,,73.90914916992188,63.51339340209961,74.96698760986328,52.05979919433594,73.09664916992188,67.99500274658203,60.988800048828125,75.00120544433594,64.7996826171875,82.89130401611328,46.70803451538086,86.49525451660156,85.32878112792969,87.66173553466797,85.11742401123047
NOR,1981,11.6296,5.38907966069179,33.2964692345262,15.226424846106175,4.959392587902785,13.64296,,74.03273010253906,64.60389709472656,74.9561538696289,54.25162887573242,72.6218490600586,68.07525634765625,61.17866516113281,74.97183990478516,63.630863189697266,83.66975402832031,43.591976165771484,86.159423828125,85.68060302734375,86.63824462890625,84.87242126464844
NOR,1982,12.02859,4.41568183293919,29.9388723268305,15.230097628906716,4.965076927040227,11.341,,74.41020965576172,65.11180114746094,74.59428405761719,55.62932586669922,73.10990905761719,68.70463562011719,61.79205322265625,75.61722564697266,64.10679626464844,83.68144226074219,44.532142639160156,86.51830291748047,86.03248596191406,87.00411987304688,85.00891876220703
NOR,1983,12.37458,6.48464612774937,27.634141928898,15.233408231830776,4.979809552092025,8.465244,,74.3238525390625,64.4076919555664,73.84129333496094,54.974090576171875,73.23014068603516,68.95127868652344,62.01671600341797,75.8858413696289,64.11092376708984,83.681640625,44.540218353271484,86.62822723388672,86.20154571533203,87.0549087524414,85.33370208740234
NOR,1984,12.09072,7.12899498724606,28.0208453991603,15.236230258559063,4.9964731155188185,6.218274,,74.95758056640625,65.12336730957031,74.41126251220703,55.835479736328125,73.47241973876953,68.98171997070312,61.403934478759766,76.55949401855469,64.27803802490234,83.68965148925781,44.866424560546875,87.15750885009766,86.18629455566406,88.12872314453125,86.27693176269531
NOR,1985,11.84593,9.81426651231421,30.347413595452,15.239224973562706,5.018827320962668,5.714855,,76.04522705078125,68.08092498779297,74.84263610839844,61.3192138671875,73.41307067871094,69.04606628417969,61.81890106201172,76.27323150634766,64.24746704101562,83.2975845336914,45.19734573364258,86.94566345214844,86.36073303222656,87.53058624267578,86.6417007446289
NOR,1986,12.73346,5.67766490547792,37.8707810078187,15.242791860000015,5.033217772976528,7.176493,,76.02335357666016,67.44451141357422,72.52753448486328,62.361473083496094,74.04830169677734,69.95800018310547,63.30094909667969,76.61505126953125,65.04768371582031,83.29898834228516,46.796390533447266,87.13921356201172,86.3482437133789,87.93018341064453,86.5772705078125
NOR,1987,13.18194,4.61645809243251,31.3520121199725,15.247472355467544,5.017333643314348,8.717048,,75.53462219238281,66.5422592163086,71.01068115234375,62.0738410949707,74.70802307128906,70.57975769042969,64.19527435302734,76.96424102783203,65.28353881835938,84.06429290771484,46.50278854370117,88.26078033447266,86.52943420410156,89.99212646484375,85.35356903076172
NOR,1988,14.49473,2.54338242818119,30.6284761172061,15.252851583060936,4.973318088123126,6.676366,,74.64945983886719,66.3836898803711,71.29486846923828,61.47251510620117,74.45198059082031,71.18670654296875,65.06172943115234,77.31168365478516,65.29707336425781,84.06835174560547,46.52579116821289,86.87214660644531,86.31922912597656,87.425048828125,83.11276245117188
NOR,1989,15.39979,1.82853587172566,30.5420052583768,15.256979658408792,4.95035659369211,4.546144,,73.06877136230469,68.17743682861328,73.6267318725586,62.7281494140625,74.36685943603516,70.9853515625,64.7081069946289,77.26258087158203,64.7988052368164,83.6877212524414,45.90987777709961,87.31645202636719,86.51026153564453,88.12262725830078,76.66204833984375
NOR,1990,15.94759,2.24557703279876,27.3366356544575,15.260421172537145,4.944487621190369,4.131033,54.44700229259581,73.16757202148438,68.4854507446289,73.91073608398438,63.060157775878906,74.8714370727539,71.6156997680664,65.60449981689453,77.62690734863281,64.99855041503906,84.07091522216797,45.926177978515625,88.00005340576172,86.49569702148438,89.5044174194336,76.1458740234375
NOR,1991,16.36923,0.169095183624071,25.811676480285,15.265186208387194,4.96381186862773,3.438196,54.54788094350488,75.1662368774414,67.66404724121094,73.16609191894531,62.1619987487793,74.68954467773438,71.8032455444336,65.72755432128906,77.87893676757812,64.90945434570312,83.66818237304688,46.15074157714844,87.3559341430664,86.48716735839844,88.22471618652344,83.14511108398438
NOR,1992,17.0571,-1.51894682875444,30.1035534605001,15.27095801106846,4.978936225517842,2.328085,54.69278706794009,75.6462173461914,66.59839630126953,71.80915069580078,61.38764953613281,75.71979522705078,73.49231719970703,68.71977233886719,78.26486206054688,65.62655639648438,83.665283203125,47.587833404541016,88.04048919677734,86.4952621459961,89.5857162475586,84.62051391601562
NOR,1993,16.92938,-0.947896850692775,37.8409651176287,15.276910304370276,4.994210970301313,2.288269,54.770379787635356,76.96587371826172,69.05500030517578,72.45222473144531,65.65777587890625,76.04312896728516,73.38011169433594,68.6401596069336,78.12005615234375,65.61100769042969,83.26447296142578,47.95753860473633,89.13827514648438,87.40147399902344,90.8750991821289,85.79948425292969
NOR,1994,16.36181,0.590553726554026,34.6057563746656,15.282604186647927,5.014889512064931,1.375675,54.798595729719025,78.04415130615234,70.4055404663086,72.62018585205078,68.19091796875,76.48710632324219,73.85126495361328,68.64747619628906,79.05503845214844,66.70726776123047,83.64850616455078,49.766029357910156,88.90277099609375,87.90824890136719,89.89730072021484,87.23985290527344
NOR,1995,15.1537993517025,3.142329404167,37.9645097955747,15.287795441846052,5.032149534178557,2.460368,54.84123852104654,78.19998168945312,70.60984802246094,71.79115295410156,69.42855834960938,76.85225677490234,74.4552993774414,68.62333679199219,80.28726959228516,67.2629165649414,83.6008529663086,50.924991607666016,88.83853912353516,88.68680572509766,88.99026489257812,87.13782501220703
NOR,1996,14.4995790160353,6.16560772865143,33.5869980553214,15.292864258673672,5.051560611278541,1.262532,54.88780068412665,78.86965942382812,71.5664291381836,72.9350814819336,70.19776916503906,77.83341217041016,74.50265502929688,68.57486724853516,80.43045043945312,69.46729278564453,83.52659606933594,55.407981872558594,89.53031158447266,89.1004409790039,89.9601821899414,87.20914459228516
NOR,1997,14.0225524383619,7.46000315418718,29.7716718944399,15.298286458033965,5.068162247794825,2.566923,54.87672006353762,79.70004272460938,73.73680114746094,74.9464340209961,72.52718353271484,78.35108184814453,74.53082275390625,68.87984466552734,80.18179321289062,70.21818542480469,83.81046295166016,56.62590408325195,90.30421447753906,89.31643676757812,91.2919921875,87.01225280761719
NOR,1998,14.7202459776417,3.1817084205922,28.1951356168303,15.304240561467433,5.066762369252212,2.252413,54.72905877620795,79.84175872802734,75.49568176269531,75.14331817626953,75.8480453491211,78.12413787841797,74.86437225341797,69.2752456665039,80.45350646972656,69.14161682128906,83.69425964355469,54.58898162841797,90.36640930175781,89.77416229248047,90.95864868164062,85.90547943115234
NOR,1999,14.5021212621293,5.80663958864997,29.3495906713495,15.31108815580156,5.054843944219102,2.365967,54.502919926659885,80.04716491699219,75.31880950927734,74.8696060180664,75.76800537109375,79.5675277709961,76.0589370727539,70.25883483886719,81.85903930664062,72.8073501586914,83.56210327148438,62.05258560180664,89.83633422851562,90.68069458007812,88.99198150634766,85.25511932373047
NOR,2000,13.065192441748,15.0463975318262,32.7764569302089,15.317578604013486,5.047517923496614,3.085506,54.24902241280712,81.48638916015625,77.49151611328125,76.6085205078125,78.37450408935547,81.3145980834961,76.24765014648438,70.07359313964844,82.42171478271484,76.7767333984375,86.80901336669922,66.74446105957031,90.9194107055664,90.21465301513672,91.62416076660156,85.65299987792969
NOR,2001,13.4958141529883,13.1731546828415,31.832714307507,15.322639073119058,5.056111528817695,3.004197,53.94260086627332,82.34336853027344,77.53337860107422,75.58067321777344,79.48609161376953,82.96976470947266,77.03227233886719,70.51132202148438,83.55323028564453,81.00814056396484,89.19416809082031,72.82211303710938,90.86890411376953,90.46455383300781,91.27324676513672,86.52692413330078
NOR,2002,14.5350335167136,9.02691246655522,39.1110159224368,15.328031981169563,5.055880725976089,1.286725,53.5644614689625,80.55176544189453,73.07013702392578,73.60699462890625,72.53326416015625,83.1414566040039,76.1002426147461,71.74847412109375,80.45201110839844,81.83383178710938,89.1169204711914,74.5507583618164,91.49030303955078,91.01596069335938,91.96463775634766,85.4437484741211
NOR,2003,15.3169611383571,7.20457067140203,48.3992921591977,15.333897308089432,5.045560750957625,2.487826,53.15501024141558,81.06806182861328,75.15593719482422,74.52552032470703,75.786376953125,82.73504638671875,76.68193817138672,72.56383514404297,80.80004119873047,79.88536071777344,89.32865905761719,70.44204711914062,91.63784790039062,92.27435302734375,91.00135040283203,85.313232421875
NOR,2004,14.3414630872708,10.8347691965262,50.2183015374222,15.339806617486335,5.053172150200528,0.4544985,52.7570832006829,81.75636291503906,76.14690399169922,73.00475311279297,79.28904724121094,84.00834655761719,76.84346771240234,72.71194458007812,80.97498321533203,82.58100891113281,89.6081314086914,75.55387878417969,92.60059356689453,93.57805633544922,91.62311553955078,85.11387634277344
NOR,2005,13.0573444558113,14.7208515811917,47.2129724121424,15.346617347128209,5.051320588073417,1.532134,52.32209862457486,81.10655212402344,74.77201843261719,69.25277709960938,80.29127502441406,83.1407241821289,77.1114501953125,73.17752838134766,81.04537200927734,79.54464721679688,89.56804656982422,69.52124786376953,92.76604461669922,92.87057495117188,92.66151428222656,85.40687561035156
NOR,2006,12.0911279800042,17.8814781254832,58.0447774074194,15.354671274519818,5.043160798119143,2.32935,51.79583234403534,81.90653991699219,75.6953125,70.07284545898438,81.31777954101562,84.02837371826172,77.884033203125,74.77140045166016,80.9966812133789,80.44931030273438,90.53570556640625,70.36292266845703,93.75175476074219,93.81836700439453,93.68513488769531,85.99596405029297
NOR,2007,11.8917079842418,17.0377268794589,55.8464333561848,15.3650186196726,5.042423557461462,0.7125891,51.26844216876372,82.60875701904297,76.41322326660156,71.0739517211914,81.75251770019531,84.23949432373047,78.3253402709961,75.1252670288086,81.52542114257812,81.22846984863281,91.49919128417969,70.9577407836914,93.16466522216797,94.09384155273438,92.23548126220703,87.17346954345703
NOR,2008,11.478051282638,18.5309003429664,54.4622429992796,15.377481949826118,5.038221375103122,3.753931,50.92175904619683,80.76829528808594,75.39096069335938,71.10454559326172,79.6773910522461,79.49671173095703,79.0836410522461,76.41940307617188,81.74787139892578,82.73600006103516,93.42857360839844,72.0434341430664,76.67050170898438,60.3663215637207,92.97467041015625,87.4172134399414
NOR,2009,13.4985194973833,10.1945229600871,48.6123771986202,15.390093222719885,5.047821959206468,2.197386,50.8957069938457,81.50828552246094,76.53510284423828,71.01206970214844,82.05813598632812,79.54605865478516,78.95352172851562,76.78075408935547,81.12628936767578,82.1978530883789,92.07757568359375,72.31812286376953,77.48683166503906,61.185482025146484,93.7881851196289,88.4437484741211
NOR,2010,13.3670664720416,10.8714334460117,48.9697933215141,15.402549884515507,5.019428539943102,2.418906,51.03827692368525,80.96665954589844,75.17066192626953,70.14384460449219,80.19746398925781,79.90242767333984,80.2908935546875,77.00431823730469,83.57746887207031,80.89058685302734,88.74403381347656,73.03714752197266,78.5257568359375,63.131893157958984,93.91962432861328,87.82686614990234
NOR,2011,13.1680195478249,13.2728976426095,34.5074199383686,15.415521778422436,5.002710213438735,1.284952,51.22307464968651,80.67176818847656,73.97076416015625,68.57459259033203,79.36692810058594,80.2499008178711,80.58486938476562,78.5489730834961,82.62076568603516,81.06800842285156,88.82901763916016,73.30699920654297,79.09680938720703,64.70577239990234,93.48786163330078,87.79463195800781
NOR,2012,13.0689669274931,13.6795389199697,35.8068481500515,15.428656188309334,5.008587251621612,0.6968641,51.44406156895395,81.34780883789062,74.9810791015625,69.42880249023438,80.53334045410156,80.9180908203125,81.57272338867188,79.2369384765625,83.90850830078125,80.75023651123047,87.94921875,73.5512466430664,80.43132781982422,66.36219787597656,94.50043487548828,88.14427185058594
NOR,2013,13.1870493004804,10.6083968242925,36.3903589740273,15.440747604202349,4.995661179547309,2.120486,51.671601833690495,81.23839569091797,74.79114532470703,68.71760559082031,80.86470794677734,80.65611267089844,81.25419616699219,78.89485168457031,83.61354064941406,80.85717010498047,87.91680908203125,73.79752349853516,79.85700225830078,67.15409851074219,92.55992126464844,88.26793670654297
NOR,2014,13.6614674790371,8.57198341312495,34.8583723646543,15.452024970975842,4.989198294741381,2.041703,51.888856793045775,81.44380187988281,75.0231704711914,68.7712631225586,81.27509307861328,80.73082733154297,80.88262176513672,78.97246551513672,82.79280090332031,80.30416870117188,86.54297637939453,74.06535339355469,81.00566101074219,68.97581481933594,93.0354995727539,88.5774154663086
NOR,2015,14.7158488816788,5.98747740946776,40.2791466185842,15.461975818345426,4.977735357877674,2.171137,52.10445668446971,82.77238464355469,78.35114288330078,73.49519348144531,83.20706176757812,81.08829498291016,80.18395233154297,78.25485229492188,82.11306762695312,81.59601593017578,88.4857177734375,74.70632934570312,81.48489379882812,70.3905258178711,92.57926940917969,88.87769317626953
NOR,2016,15.3550265000233,4.0362511974352,44.2531614696239,15.470785516499024,4.968087950906516,3.55,52.416185960757154,82.82533264160156,77.64550018310547,73.4751968383789,81.81581115722656,82.0285873413086,79.8288803100586,77.94859313964844,81.70916748046875,82.23664093017578,89.45135498046875,75.02192687988281,84.020263671875,74.99278259277344,93.04773712158203,88.80189514160156
NOR,2017,14.8467862717466,4.95744489412456,44.53984724518,15.478862248317874,4.963406332615458,1.875101,52.81872178251943,82.90167236328125,77.54814910888672,73.287841796875,81.80844116210938,82.72744750976562,78.94447326660156,76.85466003417969,81.03428649902344,82.31463623046875,89.76947021484375,74.85980224609375,86.92318725585938,79.89912414550781,93.94725799560547,88.42941284179688
NOR,2018,14.1268714451036,7.81371930343531,45.2645976702334,15.485463156760364,4.947652071299388,2.764831,53.19602768415971,82.90497589111328,77.4323959350586,73.06372833251953,81.80105590820312,82.66651916503906,78.7817153930664,76.92695617675781,80.63648223876953,81.74160766601562,88.29967498779297,75.18354797363281,87.4761962890625,80.66345977783203,94.28893280029297,88.61599731445312
NOR,2019,14.5747340028474,6.52249399975594,46.5231667944144,15.492213770492821,4.941036338977721,2.16773,53.45068464496337,83.21625518798828,78.29257202148438,74.08121490478516,82.50392150878906,82.62120056152344,78.62364196777344,76.61271667480469,80.63457489013672,81.98546600341797,87.95773315429688,76.01318359375,87.25450897216797,80.11355590820312,94.39546203613281,88.73497772216797
NOR,2020,16.7359944533919,-2.55949964972591,53.2608422466647,15.498101343733252,4.966824775884305,1.286585,53.702403677331745,82.64905548095703,77.22977447509766,72.42495727539062,82.03457641601562,82.41226959228516,77.32754516601562,74.02430725097656,80.63078308105469,81.74923706054688,87.58191680908203,75.91656494140625,88.1600112915039,80.70512390136719,95.61489868164062,88.30514526367188
NOR,2021,13.7501269099808,10.2857769271117,47.8564880298767,15.503449066552001,4.9422757434478894,3.483881,53.99426029469592,82.7022476196289,76.67095184326172,71.34033203125,82.00155639648438,82.63716888427734,76.70346069335938,73.4509506225586,79.95596313476562,82.380615234375,88.16609191894531,76.59513854980469,88.82743072509766,81.94673156738281,95.7081298828125,88.7986831665039
NOR,2022,10.7803524409664,25.4528724965789,42.0743584622458,15.512433018758106,4.939556019010812,5.764123,54.12189436981101,82.5889663696289,77.74420928955078,74.2874984741211,81.20091247558594,83.40630340576172,78.29523468017578,76.06446838378906,80.52600860595703,82.6501693725586,88.46702575683594,76.83331298828125,89.27354431152344,82.37188720703125,96.17520141601562,86.61634063720703
NOR,2023,13.1353750121916,16.5862446344437,50.9200366813933,15.523816133032069,4.918047561733269,5.51785,53.942338290988225,83.8358154296875,79.88846588134766,76.82518005371094,82.95174407958984,84.8183364868164,78.53437042236328,76.82566833496094,80.24307250976562,82.75527954101562,88.47745513916016,77.0331039428711,93.16533660888672,90.14156341552734,96.18912506103516,86.80062866210938
NZL,1980,15.15,,,14.9510653255541,4.646120796236989,17.15056,,59.4332275390625,56.0325813293457,66.4820785522461,45.58308792114258,64.35826110839844,64.62245178222656,68.58988952636719,60.65501403808594,52.99430847167969,61.63619613647461,44.35240936279297,75.45801544189453,71.7918472290039,79.12419128417969,57.908851623535156
NZL,1981,15.42,,,14.954912840640628,4.6740524406905655,15.37015,,59.755226135253906,57.75328826904297,65.39442443847656,50.112144470214844,64.2937240600586,64.82498168945312,68.5748519897461,61.07509994506836,52.99835205078125,61.63619613647461,44.36050796508789,75.05784606933594,71.9882583618164,78.12743377685547,57.218650817871094
NZL,1982,14.79,,,14.964847646123994,4.682094439410523,16.16369,,59.74977111816406,58.63167953491211,65.18557739257812,52.077781677246094,64.46278381347656,64.84290313720703,68.55581665039062,61.12998962402344,53.686302185058594,62.0584831237793,45.31412887573242,74.85913848876953,72.20033264160156,77.5179443359375,56.15484619140625
NZL,1983,,,,14.978442593840684,4.681927150746497,7.341074,,59.78147506713867,58.19715118408203,63.87290954589844,52.52138900756836,64.4532470703125,64.84941864013672,68.5265884399414,61.172245025634766,53.54275131225586,62.059776306152344,45.02573013305664,74.9675521850586,72.31846618652344,77.61665344238281,56.69401931762695
NZL,1984,,,,14.987094459088206,4.679676875072224,6.17125,,61.34103012084961,62.454654693603516,65.341796875,59.56751251220703,65.14684295654297,65.05744171142578,68.50008392333984,61.61478805541992,54.23568344116211,62.471004486083984,46.000370025634766,76.14739227294922,72.5059585571289,79.78882598876953,56.421566009521484
NZL,1985,,,,14.993272848270122,4.662849146542309,15.41766,,61.80035400390625,63.38411331176758,64.16607666015625,62.60216522216797,65.08998107910156,65.0794906616211,68.4720687866211,61.68691635131836,53.61716842651367,62.462562561035156,44.77177047729492,76.57324981689453,72.55880737304688,80.58769226074219,56.92696762084961
NZL,1986,11.2382234185734,-6.80241491667622,,14.99302644422785,4.601361190968228,13.2134,,61.79436492919922,63.481544494628906,61.30265426635742,65.66043090820312,65.25125122070312,65.08731079101562,68.44627380371094,61.72834777832031,52.997249603271484,62.466453552246094,43.52805709838867,77.66920471191406,72.96754455566406,82.3708724975586,56.650299072265625
NZL,1987,12.0475087083954,-2.62516089830297,,15.00164520416033,4.582444635711486,15.74429,,61.276145935058594,62.3387451171875,60.365360260009766,64.31212615966797,65.27815246582031,65.2965316772461,68.41943359375,62.17361831665039,52.357337951660156,62.433204650878906,42.2814826965332,78.18058013916016,72.8984603881836,83.46270751953125,56.21153259277344
NZL,1988,12.7300787223198,-4.85188312709451,,15.004390028842554,4.564874146879037,6.375257,,62.96247100830078,61.967491149902344,61.09271240234375,62.842281341552734,66.08131408691406,65.5853042602539,68.39735412597656,62.773250579833984,53.049034118652344,62.833534240722656,43.264522552490234,79.6095962524414,73.03874206542969,86.18045043945312,60.838626861572266
NZL,1989,13.3623635023782,-3.6154969730379,,15.009190572804778,4.534648875604716,5.715991,,62.68922424316406,60.387638092041016,54.232295989990234,66.54299926757812,66.1336669921875,65.79286193847656,68.37648010253906,63.209224700927734,54.119422912597656,67.19435119628906,41.044490814208984,78.4887466430664,73.03075408935547,83.94672393798828,61.546348571777344
NZL,1990,14.7738915803432,-4.89231639420596,,15.018422800092889,4.508868988287707,6.098439,52.2165060145131,62.51426315307617,61.87067413330078,54.6151123046875,69.12623596191406,65.13017272949219,65.79376220703125,68.36141204833984,63.22611999511719,52.24944305419922,66.02464294433594,38.474239349365234,77.34732818603516,73.61144256591797,81.08322143554688,60.54191589355469
NZL,1991,14.5737135788172,-3.58108630445999,,15.066872545544014,4.448111720981522,2.602399,52.312380049261506,64.02864074707031,62.38691711425781,55.04106140136719,69.73277282714844,65.49455261230469,65.78129577636719,68.34857940673828,63.21400451660156,52.0363883972168,65.60243225097656,38.47035598754883,78.66598510742188,73.27926635742188,84.05270385742188,64.20443725585938
NZL,1992,14.3122746079583,-2.98576856179103,,15.077289899386232,4.436411855376978,1.014557,52.37793628577001,65.404052734375,63.200462341308594,56.537986755371094,69.8629379272461,65.81329345703125,66.06206512451172,68.49834442138672,63.625789642333984,52.7680778503418,66.75568389892578,38.78047180175781,78.60973358154297,73.12081909179688,84.09864807128906,67.19841003417969
NZL,1993,13.5045666587734,-0.408302452730615,63.0948152200391,15.08869221045252,4.480253896563246,1.28821,52.61044519852987,66.43844604492188,63.355857849121094,56.56614303588867,70.14559173583984,66.70772552490234,66.12178802490234,68.50504302978516,63.7385139465332,54.5169677734375,66.0458755493164,42.98805236816406,79.48442077636719,73.25094604492188,85.71790313720703,69.25176239013672
NZL,1994,12.9022039451836,2.57477872918913,55.6103409729744,15.101984583801954,4.500172237928022,1.745376,52.777190443573076,67.32616424560547,63.98357009887695,57.25617218017578,70.7109603881836,68.4752197265625,66.58914947509766,68.51158142089844,64.66669464111328,58.83226776123047,67.68441009521484,49.980125427246094,80.00423431396484,73.33379364013672,86.6746826171875,69.51972961425781
NZL,1995,12.4652777056165,2.37102233244137,49.7708840630762,15.11662822167657,4.505126146127866,3.754941,52.831992610945036,68.30769348144531,64.41299438476562,57.6767578125,71.14923858642578,69.24617767333984,66.79063415527344,68.52164459228516,65.05963134765625,60.067012786865234,68.94295501708984,51.19106674194336,80.8808822631836,73.73605346679688,88.02570343017578,71.26387023925781
NZL,1996,12.270900386742,2.41875829894047,43.5403460937578,15.132454840949372,4.498790896000328,2.285714,52.78932636365088,68.49756622314453,65.70426940917969,57.79227828979492,73.61625671386719,70.23539733886719,67.39824676513672,68.5416488647461,66.25484466552734,62.60905075073242,73.08602905273438,52.1320686340332,80.69892120361328,73.68497467041016,87.7128677368164,69.55302429199219
NZL,1997,12.3876209285019,0.859701212845195,41.0579672472056,15.14557842381436,4.48860968398282,1.187151,52.74986517793483,68.90032196044922,66.42399597167969,59.431095123291016,73.41691589355469,70.80732727050781,67.45842742919922,68.72113800048828,66.1957015991211,65.09932708740234,75.38299560546875,54.81565475463867,79.8642349243164,73.62916564941406,86.09929656982422,69.46961975097656
NZL,1998,12.3445467906054,-0.0188909144147121,40.8459351474908,15.154451222700695,4.471413693744836,1.26524,52.77801694534472,69.55016326904297,67.67446899414062,60.17662048339844,75.17231750488281,72.52552795410156,67.87115478515625,68.76177978515625,66.98053741455078,69.96735382080078,75.3567886352539,64.57792663574219,79.73807525634766,72.11188507080078,87.36425018310547,68.45050811767578
NZL,1999,11.6116676087187,-0.219377112853341,38.2795080198519,15.159706068062826,4.490950095497514,-0.1142663,52.78028974514443,71.77995300292969,69.06013488769531,61.940792083740234,76.17947387695312,74.0861587524414,69.04206085205078,69.21086883544922,68.87325286865234,72.48843383789062,78.29854583740234,66.6783218383789,80.72798919677734,72.83353424072266,88.62244415283203,72.19354248046875
NZL,2000,11.055636682243,1.68407354829987,36.2396910701007,15.16558170892664,4.473968865207951,2.615233,52.71729663821634,73.66001892089844,71.13545989990234,64.60919952392578,77.6617202758789,74.82830810546875,69.8623046875,69.66693115234375,70.05767059326172,73.18605041503906,78.38140869140625,67.99069213867188,81.43656158447266,72.31057739257812,90.56253814697266,75.01626586914062
NZL,2001,10.4521256759277,1.37131636870358,34.2813216168889,15.17147456927633,4.496524201305005,2.625821,52.48488806578637,74.05256652832031,70.48793029785156,63.79800796508789,77.17784881591797,75.55731964111328,71.79390716552734,71.08090209960938,72.50691986083984,75.61309051513672,81.9614028930664,69.26478576660156,79.26493072509766,72.2258529663086,86.30400848388672,76.1124267578125
NZL,2002,10.0200321046285,3.34210998743343,32.4209975977783,15.188846317919772,4.519271052044959,2.677091,51.96515558483974,73.21504974365234,68.52481842041016,61.63139343261719,75.41825103759766,76.33252716064453,73.0706787109375,73.58955383300781,72.55181121826172,76.20745086669922,82.16460418701172,70.25030517578125,79.7194595336914,72.49073791503906,86.94818115234375,74.78778076171875
NZL,2003,9.74217785467128,3.50455733766693,30.4149482466404,15.20858190336319,4.532417401306724,1.753576,51.34933615547431,72.61367797851562,67.56017303466797,60.091312408447266,75.0290298461914,77.01978302001953,73.89912414550781,75.35667419433594,72.44158935546875,76.71372985839844,82.70184326171875,70.72561645507812,80.44647216796875,73.9272689819336,86.96569061279297,73.2611312866211
NZL,2004,9.08096442759352,4.11740485853774,27.6779203060184,15.223444094187647,4.524640181271301,2.290249,50.84773660121505,72.798828125,68.44773864746094,60.775840759277344,76.11962127685547,77.40123748779297,74.98206329345703,76.7670669555664,73.19705200195312,76.56175231933594,82.94789123535156,70.17561340332031,80.6599349975586,75.6999740600586,85.61988830566406,72.5475082397461
NZL,2005,9.06618059519207,4.79951246206656,26.5280596918721,15.234731829284446,4.523048815223917,3.037021,50.50374830387929,72.55694580078125,67.85675048828125,60.99164962768555,74.72185516357422,77.55656433105469,75.77791595458984,77.50969696044922,74.04615020751953,76.59967041015625,82.86740112304688,70.33192443847656,80.29207611083984,75.2611312866211,85.32303619384766,72.25750732421875
NZL,2006,9.64102079614891,5.36050379384227,26.1567269748237,15.246921677887288,4.509687281267677,3.365404,50.36864501486582,73.49388885498047,69.75343322753906,62.57527542114258,76.93157958984375,77.94828033447266,75.84388732910156,76.94078826904297,74.74698638916016,77.8641357421875,83.77204132080078,71.95623779296875,80.13679504394531,74.8814926147461,85.39209747314453,72.77999114990234
NZL,2007,9.76907067936617,4.46500204666394,25.0780280624452,15.25624575476241,4.517736879998939,2.376143,50.442997960873704,74.08553314208984,68.55964660644531,60.82813262939453,76.29115295410156,79.17735290527344,76.61187744140625,77.3031997680664,75.92054748535156,78.9600830078125,85.04133605957031,72.87881469726562,81.9601058959961,76.19872283935547,87.72148132324219,74.51959991455078
NZL,2008,10.4442309113756,0.57694540924591,28.1713613993263,15.264732768786637,4.498816265956379,3.958944,50.604709835444254,73.64769744873047,69.76077270507812,64.4655532836914,75.0560073852539,76.70936584472656,77.29421997070312,77.57784271240234,77.01058959960938,79.42876434326172,86.64038848876953,72.21714782714844,73.40509033203125,58.6382942199707,88.17186737060547,74.47296905517578
NZL,2009,11.0248215452866,-2.72519752340053,33.3626601085022,15.274730049098721,4.549971697298275,2.115656,50.8301336353722,73.74828338623047,68.66161346435547,61.613685607910156,75.70952606201172,77.27340698242188,77.20124053955078,77.02279663085938,77.37968444824219,80.14026641845703,87.57612609863281,72.70441436767578,74.4787368774414,59.23076629638672,89.72669982910156,75.30985260009766
NZL,2010,10.9628653345857,-6.84775165487332,38.661669321542,15.285847309658937,4.5250023421520185,2.302026,51.162390733255904,73.68246459960938,67.77925872802734,61.03620529174805,74.52230072021484,77.73052978515625,77.18477630615234,76.68572998046875,77.68383026123047,80.25670623779297,87.49950408935547,73.01390838623047,75.7501220703125,61.165931701660156,90.33431243896484,75.53755950927734
NZL,2011,10.6172341114673,-4.05656443113319,43.5155866420149,15.293472107609988,4.527921233809556,4.027903,51.638047175897015,73.92039489746094,68.34683990478516,62.655147552490234,74.03850555419922,78.55479431152344,77.4842300415039,77.31501770019531,77.65342712402344,80.841552734375,88.40266418457031,73.28043365478516,77.33863067626953,62.6971321105957,91.9801254272461,74.85954284667969
NZL,2012,10.6554663576926,-2.10895820983993,44.6140862679921,15.298954315582971,4.540869865811752,1.059918,52.24257411209676,73.77432250976562,67.29654693603516,61.727081298828125,72.86601257324219,78.97686004638672,77.60442352294922,77.15519714355469,78.05364990234375,81.10362243652344,88.6644287109375,73.54279327392578,78.2225570678711,64.24547576904297,92.19963073730469,75.04954528808594
NZL,2013,10.1217374868984,-0.639738316773499,43.5316276021689,15.306637795564919,4.538629341538513,1.134418,52.703009302229646,73.38101959228516,66.39141845703125,60.48422622680664,72.2986068725586,78.991943359375,76.44941711425781,76.48310089111328,76.41573333740234,81.1893081665039,88.16464233398438,74.21395874023438,79.33716583251953,65.9413070678711,92.7330322265625,74.75965118408203
NZL,2014,9.94359268064557,0.476951495402732,43.7175117043193,15.323247915572034,4.541224171950182,1.227513,52.75434706437024,74.0685806274414,67.68900299072266,61.49112319946289,73.88689422607422,79.54338073730469,77.24685668945312,77.28266143798828,77.21106719970703,81.29528045654297,88.09835815429688,74.4921875,80.0879898071289,68.08451080322266,92.09146881103516,74.97332763671875
NZL,2015,9.63868158716983,0.188246881416358,43.3196320357924,15.343608254658527,4.541936615698342,0.2927033,52.51747809798852,74.23220825195312,67.25633239746094,61.74945068359375,72.76321411132812,80.07919311523438,76.62651062011719,75.53857421875,77.71443939208984,81.97846221923828,88.80747985839844,75.14945983886719,81.63260650634766,70.16213989257812,93.10308074951172,75.36107635498047
NZL,2016,9.5232830672622,1.23233232107373,40.8810766059914,15.366068575660085,4.545460732777092,0.6462373,52.30755263367903,74.74855041503906,66.8199691772461,61.213016510009766,72.42691040039062,81.34278869628906,77.5835952758789,77.65434265136719,77.51284790039062,82.50643920898438,89.53133392333984,75.48155975341797,83.9383544921875,73.75594329833984,94.12076568603516,76.08287811279297
NZL,2017,9.08556195717603,1.68717599622977,38.8535234270291,15.386955802888279,4.546351329670325,1.850787,52.257834938066985,75.27098083496094,67.0216293334961,61.381404876708984,72.66182708740234,82.15445709228516,77.24183654785156,76.93748474121094,77.54619598388672,83.06903076171875,89.9597396850586,76.17831420898438,86.15248107910156,78.79681396484375,93.50814819335938,76.63688659667969
NZL,2018,9.38521685452342,0.839758255418775,36.7427818099196,15.404868204564183,4.549892120831034,1.598298,52.37108574736795,75.346923828125,67.21883392333984,61.92066192626953,72.51701354980469,82.06824493408203,76.30743408203125,77.15321350097656,75.4616470336914,83.42872619628906,90.33431243896484,76.52314758300781,86.46853637695312,78.46930694580078,94.46776580810547,76.7536849975586
NZL,2019,9.60489050530063,-0.408721050228589,39.5851569575624,15.418990758424128,4.546302043158857,1.619632,52.596595182905304,75.12689971923828,67.03406524658203,61.763614654541016,72.30453491210938,81.7189712524414,75.56192779541016,76.9271011352539,74.19674682617188,83.50554656982422,90.05680847167969,76.95427703857422,86.08946990966797,78.77206420898438,93.40687561035156,76.62765502929688
NZL,2020,10.7372175980975,-7.92182757137593,45.902000594505,15.439324636342882,4.577489424323837,1.714562,52.998129298586505,74.23307800292969,64.29435729980469,56.2426872253418,72.34601593017578,81.71073913574219,74.60570526123047,75.0938491821289,74.1175537109375,84.13560485839844,90.12145233154297,78.14977264404297,86.39088439941406,79.05502319335938,93.72673797607422,76.69413757324219
NZL,2021,10.2163401208024,-4.17064755462441,48.5106514360943,15.441726921637192,4.563684367018466,3.941121,53.627031299475725,73.80486297607422,63.160282135009766,54.7922248840332,71.52832794189453,81.27069854736328,72.58363342285156,73.7129898071289,71.45427703857422,84.44214630126953,90.45711517333984,78.42716979980469,86.78633117675781,79.75495147705078,93.81770324707031,76.9836196899414
NZL,2022,10.3629932841992,-2.69591373915965,52.9041076558827,15.441156409242582,4.572535304161124,7.172225,54.051472367009815,73.97014617919922,65.02796936035156,58.21348190307617,71.84246826171875,81.665283203125,73.2103042602539,75.02088165283203,71.39973449707031,84.76673889160156,90.8479995727539,78.68547821044922,87.0188217163086,80.16895294189453,93.86869049072266,75.21717071533203
NZL,2023,,-3.03966456927228,56.6790424048698,15.464169183551656,4.550206447966741,5.733163,54.2574461849167,74.94490051269531,66.06830596923828,59.147865295410156,72.9887466430664,83.55084228515625,74.72135925292969,76.96961212158203,72.47310638427734,84.70663452148438,90.50946044921875,78.90381622314453,91.22452545166016,88.9926528930664,93.4563980102539,75.21553039550781
POL,1980,,,,17.38712980847133,,,,52.74355697631836,41.64430618286133,48.28016662597656,35.008453369140625,41.017601013183594,26.95976448059082,25.76736068725586,28.15216827392578,43.752784729003906,60.37324905395508,27.13231658935547,52.34024429321289,59.142791748046875,45.53770065307617,75.56877136230469
POL,1981,,,,17.396208493352432,,,,53.34164810180664,41.594112396240234,48.171485900878906,35.01673126220703,41.715171813964844,27.60940170288086,27.03325080871582,28.185550689697266,42.55595016479492,57.64866638183594,27.463241577148438,54.98014831542969,59.56089782714844,50.39939880371094,76.71562194824219
POL,1982,,,,17.4054113390735,,,,53.20011901855469,41.45293426513672,47.954410552978516,34.95145797729492,40.514156341552734,25.926870346069336,23.627635955810547,28.226104736328125,41.95695877075195,56.111915588378906,27.802003860473633,53.658634185791016,60.33426284790039,46.98300552368164,77.63327026367188
POL,1983,,,,17.414788228334704,,,,53.1363525390625,41.56513977050781,48.254920959472656,34.8753547668457,40.04969787597656,24.595653533935547,24.035480499267578,25.155826568603516,41.35612106323242,54.561378479003906,28.150869369506836,54.19731140136719,60.70453643798828,47.690093994140625,77.79419708251953
POL,1984,,,,17.423834135255905,,,,53.5063591003418,41.169517517089844,47.70811462402344,34.630924224853516,40.53245544433594,25.058067321777344,24.87289047241211,25.243240356445312,41.5399055480957,54.57243347167969,28.50737953186035,54.999385833740234,60.893455505371094,49.105316162109375,78.81707000732422
POL,1985,,,,17.4318699900026,,,,53.53759765625,41.06337356567383,46.690086364746094,35.43666458129883,41.1805534362793,25.6208553314209,25.500568389892578,25.741138458251953,42.31789779663086,54.18540573120117,30.45039176940918,55.60291290283203,61.08284378051758,50.12297821044922,78.36886596679688
POL,1986,,,,17.438680645768866,,,,53.38872528076172,40.7142333984375,46.27992630004883,35.148536682128906,41.34275817871094,25.749713897705078,25.70061683654785,25.798810958862305,42.4657096862793,53.79860305786133,31.132816314697266,55.81287384033203,61.115028381347656,50.51071548461914,78.10916900634766
POL,1987,,,,17.444322680259354,,,,52.90763854980469,40.45772171020508,46.01822280883789,34.897216796875,41.99652862548828,26.731246948242188,27.205034255981445,26.25745964050293,42.84096145629883,54.1751823425293,31.50674057006836,56.41736602783203,61.28232955932617,51.55240249633789,76.26866912841797
POL,1988,,,,17.44846725508803,,,,51.23322677612305,40.239620208740234,45.80216598510742,34.67708206176758,42.23256301879883,27.5009708404541,28.276081085205078,26.725860595703125,42.520626068115234,53.794979095458984,31.246267318725586,56.67607879638672,61.10547637939453,52.2466926574707,71.22748565673828
POL,1989,,,,17.45208381013612,,,,50.90397644042969,39.78212356567383,45.17729568481445,34.3869514465332,43.22229766845703,29.359413146972656,30.434492111206055,28.28432846069336,43.10866165161133,54.582969665527344,31.63435173034668,57.198848724365234,61.08957290649414,53.3081169128418,69.70751953125
POL,1990,,,,17.456007792188196,3.6905001400926394,812.15,54.03155282408094,51.73286819458008,39.46330642700195,43.718833923339844,35.20777130126953,45.75020217895508,30.356548309326172,32.38624954223633,28.326847076416016,44.724021911621094,58.07453918457031,31.373497009277344,62.17005157470703,61.082984924316406,63.25711441040039,69.98509979248047
POL,1991,,,,17.459554583871675,3.609598502064233,71.56667,53.67517925733869,52.08993148803711,35.1822395324707,40.036808013916016,30.327674865722656,46.838783264160156,31.21906280517578,31.50465965270996,30.93346405029297,43.799495697021484,56.49774932861328,31.10124969482422,65.49781036376953,61.110538482666016,69.88507843017578,74.24879455566406
POL,1992,,,,17.462621397779795,3.6183783923080863,42.85,53.18873847755251,54.59723663330078,38.16408920288086,43.963111877441406,32.36506652832031,49.16532516479492,34.76021194458008,31.09246063232422,38.42795944213867,47.618255615234375,58.44392013549805,36.79258728027344,65.1175308227539,61.19979476928711,69.03526306152344,76.46232604980469
POL,1993,,,,17.465165906919175,3.647091133475952,35.475,52.65956488298077,57.556880950927734,38.60700225830078,42.41718673706055,34.79682922363281,50.259918212890625,36.31459426879883,30.62669563293457,42.00249099731445,47.95880126953125,56.113319396972656,39.804283142089844,66.50634765625,61.66929626464844,71.3434066772461,83.80371856689453
POL,1994,,,,17.46727603020737,3.6749984066060644,32.19167,52.07997672634113,59.845619201660156,41.88380813598633,43.05607223510742,40.711544036865234,50.930908203125,35.52730941772461,28.18196678161621,42.87263870239258,50.099327087402344,58.060890197753906,42.13776397705078,67.16609191894531,61.93446731567383,72.3977279663086,86.72218322753906
POL,1995,16.6975093899492,-4.25441906581015,51.1162598210469,17.468633240545905,3.7232226424204695,28.125,51.408429928867264,61.45176696777344,43.80375289916992,45.32063674926758,42.286869049072266,52.711669921875,36.25169372558594,28.36128044128418,44.1421012878418,53.42720031738281,57.64838409423828,49.206016540527344,68.45611572265625,62.521484375,74.3907470703125,87.83984375
POL,1996,16.754234629862,-4.66553413234348,51.0052139077266,17.469393982369553,3.7574006277022574,19.90833,50.651997375784674,60.894508361816406,40.04423522949219,45.40092468261719,34.68754196166992,53.833473205566406,37.13119125366211,28.9472599029541,45.315120697021484,55.01447296142578,57.60181427001953,52.427127838134766,69.35478210449219,63.29782485961914,75.41173553466797,88.8058090209961
POL,1997,16.9319848418676,-4.60157776471244,47.9598371180707,17.4700485360638,3.7895392084853436,14.95,49.74619250005579,62.136566162109375,41.621707916259766,46.48217010498047,36.76125717163086,55.27168273925781,37.546268463134766,27.871253967285156,47.22127914428711,59.410850524902344,65.16594696044922,53.655757904052734,68.85791015625,66.43704986572266,71.27877807617188,89.51629638671875
POL,1998,16.2401342140859,-4.19692091731361,43.4927421511711,17.470406069077423,3.8130761890696543,11.86667,48.598670818855624,63.564666748046875,44.97271728515625,48.95233154296875,40.99310302734375,56.375999450683594,39.02873611450195,29.47202491760254,48.58544921875,61.384403228759766,65.40930938720703,57.3595085144043,68.71485900878906,66.7767333984375,70.65296173095703,89.34532165527344
POL,1999,16.6353368192403,-2.27367286492781,46.3180626670267,17.47032304154917,3.8339077656609692,7.258333,47.458211661772594,64.38677215576172,46.08235168457031,49.66017532348633,42.5045280456543,57.182899475097656,39.83059310913086,28.56159782409668,51.099586486816406,62.128658294677734,66.00833892822266,58.24897766113281,69.5894546508789,66.58917999267578,72.58972930908203,89.89503479003906
POL,2000,15.9869570249671,-3.99064810779222,45.8846483212091,17.459879687565387,3.8462885908282898,10.09167,46.383522119109415,66.23114013671875,50.26051712036133,54.06982421875,46.451194763183594,58.348514556884766,41.766441345214844,29.723569869995117,53.80931091308594,62.74580764770508,70.21443176269531,55.27718734741211,70.53329467773438,67.19493865966797,73.87164306640625,90.08434295654297
POL,2001,16.9830830059658,-4.70797885010926,44.2591430333876,17.459603816318104,3.8519266565509875,5.475,45.355877790179996,66.41188049316406,49.301387786865234,52.003604888916016,46.59916305541992,58.97608184814453,42.287227630615234,30.155778884887695,54.41868209838867,63.55437088012695,70.87882232666016,56.229915618896484,71.08663940429688,66.65548706054688,75.5177993774414,90.95817565917969
POL,2002,17.042810152683,-4.79722563229942,53.7944463359424,17.459140626945604,3.862633959965106,1.941667,44.48361300075586,68.50990295410156,54.610382080078125,53.34743118286133,55.873329162597656,60.48125457763672,43.04568099975586,30.51083755493164,55.58052444458008,65.53878784179688,73.00164031982422,58.0759391784668,72.85931396484375,68.53080749511719,77.18782806396484,90.43802642822266
POL,2003,16.9418624213383,-6.01728615465405,56.0150745658345,17.45846569992914,3.884440069875733,0.8416666,43.660924664837225,69.68683624267578,56.951053619384766,58.778602600097656,55.123512268066406,60.94626998901367,43.68818283081055,31.091800689697266,56.284568786621094,65.08967590332031,72.24443054199219,57.93492126464844,74.06094360351562,69.94502258300781,78.1768798828125,91.16321563720703
POL,2004,15.9544199057118,-4.99463967219473,53.60541470562,17.457880572577867,3.9086331062067394,3.491667,42.9286318913617,73.80043029785156,66.01393127441406,66.57706451416016,65.45079040527344,64.72872924804688,45.41816711425781,32.530479431152344,58.305850982666016,71.39253234863281,76.24771118164062,66.53734588623047,77.37553405761719,70.76210021972656,83.98896026611328,90.65863037109375
POL,2005,15.6536892940955,-3.92701776378558,55.1172419515934,17.457441083044543,3.9195966131210067,2.133333,42.282987328555,73.1994857788086,62.03843307495117,64.26111602783203,59.81574630737305,66.03585052490234,48.60621643066406,34.5014533996582,62.71097946166992,71.51850128173828,75.49697875976562,67.5400161743164,77.98280334472656,71.59970092773438,84.36590576171875,91.524169921875
POL,2006,15.1375800628858,-3.53100382340429,54.8256010741683,17.45680737730162,3.9562412294266225,1.033333,41.67015692104442,74.0203628540039,64.2367172241211,64.7452621459961,63.728172302246094,65.74807739257812,51.26255798339844,36.42723083496094,66.09789276123047,66.61786651611328,64.7550277709961,68.48070526123047,79.36377716064453,73.8982162475586,84.82933807373047,92.07635498046875
POL,2007,14.1508117333513,-1.88108715106309,51.5240146824604,17.456264327093578,4.002870825516601,2.491667,41.11824198572513,75.11233520507812,66.84741973876953,67.11878204345703,66.5760498046875,65.77113342285156,51.65248107910156,38.40946960449219,64.89550018310547,65.36399841308594,61.674781799316406,69.05321502685547,80.2968978881836,75.91609954833984,84.67769622802734,92.71842956542969
POL,2008,13.9952217070579,-3.59819134172557,53.7221329212753,17.456400700890406,4.0492179166659374,4.216667,40.708941938907365,73.14166259765625,65.30184173583984,66.52986907958984,64.07383728027344,61.03553009033203,52.77824783325195,40.17085647583008,65.38563537597656,66.77357482910156,63.837528228759766,69.70963287353516,63.55475997924805,42.799171447753906,84.31034088134766,93.08763122558594
POL,2009,14.4844887194652,-7.24996238316386,57.1939049218262,17.457078333160617,4.115957706405741,3.45,40.24614351257238,73.28500366210938,65.25181579589844,65.6246109008789,64.8790054321289,61.46881866455078,54.60211181640625,41.00148391723633,68.2027359008789,67.6592788696289,64.53517150878906,70.78338623046875,62.14509582519531,39.98587417602539,84.30431365966797,93.13441467285156
POL,2010,14.7626677765061,-7.44138688577139,62.0508790725305,17.45422224194527,4.12618362676603,2.583333,40.142725841061676,72.99881744384766,66.1471176147461,68.34595489501953,63.94826126098633,62.80585861206055,55.37361145019531,40.86550521850586,69.8817138671875,68.14434051513672,64.7972640991211,71.49141693115234,64.89959716796875,44.35014343261719,85.44904327392578,90.04346466064453
POL,2011,13.956718150051,-4.98431981089338,62.4021489761797,17.45475993903405,4.162468491843952,4.266667,40.60388674811982,73.3399887084961,66.03517150878906,68.69754028320312,63.37278366088867,64.20689392089844,56.29830551147461,42.22096252441406,70.37564086914062,69.14168548583984,66.536376953125,71.74699401855469,67.18070220947266,46.14204788208008,88.2193603515625,89.77791595458984
POL,2012,14.1308140215825,-3.79814216130886,65.7029860232441,17.454757548274017,4.169557795968182,3.7,41.18129769619138,74.43596649169922,67.98460388183594,69.82158660888672,66.14761352539062,65.66556549072266,58.11688232421875,42.45600891113281,73.77775573730469,69.63091278076172,67.24227905273438,72.01953125,69.24891662597656,46.861209869384766,91.63661193847656,89.65771484375
POL,2013,14.7409156852497,-4.24735393166537,66.8840518367618,17.454153948099272,4.166143599407281,0.9,41.91879943581972,74.76154327392578,68.69454956054688,70.71614837646484,66.6729507446289,65.82172393798828,59.15079116821289,42.92770767211914,75.37387084960938,68.68296813964844,65.08810424804688,72.27783203125,69.63145446777344,47.440826416015625,91.82209014892578,89.76832580566406
POL,2014,14.5595301093157,-3.66350926139972,71.5943964577287,17.453405485806353,4.189690544415815,-0.025,42.80603568966062,75.53472900390625,69.9986343383789,72.70209503173828,67.295166015625,67.02141571044922,60.626365661621094,45.294803619384766,75.95794677734375,69.67261505126953,65.956787109375,73.38843536376953,70.76526641845703,49.1243896484375,92.40614318847656,89.5841064453125
POL,2015,14.2907683839864,-2.59914844438667,70.108876684758,17.452739074796696,4.2140993268168385,-0.9333333,43.83625215850488,76.14747619628906,70.71644592285156,73.03524780273438,68.39762878417969,67.55680847167969,60.61384963989258,45.91901779174805,75.30867767333984,70.14692687988281,66.6561279296875,73.63774108886719,71.90962982177734,51.30403518676758,92.51524353027344,90.16914367675781
POL,2016,15.2959334605243,-2.38247064632518,72.9612515205105,17.45230922348795,4.232210970075851,-0.5833333,45.028041683187745,76.55449676513672,71.40898895263672,74.2784423828125,68.53953552246094,67.98963165283203,59.880638122558594,44.632041931152344,75.12923431396484,73.53656005859375,66.60673522949219,80.46638488769531,70.55170440673828,54.50779724121094,86.5956039428711,90.26488494873047
POL,2017,15.0752490439876,-1.48624777488621,68.6161575520822,17.452434024473796,4.2610855645467725,1.975,46.355225695431365,77.0285415649414,71.98454284667969,75.24555969238281,68.7235107421875,68.93701934814453,59.792327880859375,45.47511291503906,74.10955047607422,73.92802429199219,66.78495788574219,81.07108306884766,73.0906982421875,59.35643768310547,86.82496643066406,90.16407012939453
POL,2018,14.7227562841459,-0.245064008640344,66.1900269575071,17.452432023145967,4.304431890790574,1.666667,47.76125344079762,76.61056518554688,71.44078063964844,75.78580474853516,67.09575653076172,68.21778869628906,59.21635055541992,46.11779022216797,72.31491088867188,74.34703063964844,66.97611236572266,81.71793365478516,71.08998107910156,59.71647262573242,82.4635009765625,90.17306518554688
POL,2019,15.2747124047453,-0.734474220949994,63.2640397830179,17.452187752074973,4.33839624718216,2.308333,49.21084894155355,76.7723159790039,71.32630920410156,75.84845733642578,66.80416107177734,68.08294677734375,59.191898345947266,45.707454681396484,72.67633819580078,74.56947326660156,66.71559143066406,82.42334747314453,70.48748779296875,58.84400177001953,82.1309814453125,90.90770721435547
POL,2020,16.5424059919362,-6.85897969431448,76.9481684982848,17.440271349454385,4.3830928285870945,3.4,50.52270640809509,76.63887023925781,70.99080657958984,75.13243865966797,66.84917449951172,66.91043090820312,58.87945556640625,45.321571350097656,72.43733978271484,74.31126403808594,65.54212188720703,83.0804214477539,67.54054260253906,57.218841552734375,77.86224365234375,92.015380859375
POL,2021,15.8219106539952,-1.74611692229233,67.458551381831,17.425929940957836,4.397766288869777,5.1,51.509034748307116,77.16348266601562,71.62295532226562,77.30084991455078,65.94503021240234,67.77692413330078,59.726806640625,45.844810485839844,73.60880279541016,75.13414001464844,66.57901000976562,83.68925476074219,68.4698257446289,58.81169891357422,78.1279525756836,92.0905990600586
POL,2022,14.8246448554429,-3.43970603605636,58.9200452852478,17.42159923399901,4.401761661645995,14.3,52.30661794575603,77.21105194091797,73.07118225097656,79.79439544677734,66.34797668457031,68.35428619384766,60.328556060791016,46.714088439941406,73.9430160522461,75.28924560546875,66.71562957763672,83.86285400390625,69.44511413574219,60.220272064208984,78.66996002197266,90.20767211914062
POL,2023,15.6618483600413,-5.29069445370655,62.4347462199118,17.417942648730254,4.397449279423867,11.56667,53.04017108364096,77.70082092285156,72.80735778808594,78.8184814453125,66.79623413085938,69.90345001220703,60.47037124633789,46.9073600769043,74.03337860107422,75.55618286132812,67.10227966308594,84.01009368896484,73.68379974365234,68.22412109375,79.14347076416016,90.39163208007812
PRT,1980,10.57147,-6.29566804642455,31.96812602765974,16.094449470666643,4.351968210266967,15.86748,,55.5779914855957,47.07294464111328,57.04225540161133,37.103633880615234,52.32820510864258,56.50302505493164,59.98312759399414,53.02292251586914,51.247562408447266,72.18110656738281,30.314010620117188,49.234012603759766,52.854984283447266,45.61304473876953,67.33282470703125
PRT,1981,11.60785,-7.93406833677036,40.25671923178071,16.103120277700963,4.3460182703987,19.04041,,56.40943908691406,49.945186614990234,58.1755485534668,41.71482467651367,52.612430572509766,56.22896957397461,59.41264724731445,53.04529571533203,51.75126647949219,72.57032775878906,30.932212829589844,49.85704803466797,53.41351318359375,46.30058670043945,66.67068481445312
PRT,1982,11.46818,-5.97180427475654,43.16953279581291,16.10923359871511,4.367959796493608,21.67928,,57.85289764404297,51.40176773071289,57.09297561645508,45.71056365966797,55.38640594482422,56.196617126464844,59.02762222290039,53.36560821533203,51.36831283569336,71.80785369873047,30.92877197265625,58.59429168701172,53.993316650390625,63.19527053833008,66.77051544189453
PRT,1983,10.9402,-3.67517407023598,48.17110894591624,16.113873249153226,4.340824059929659,24.00276,,59.039302825927734,53.02370834350586,58.47404861450195,47.5733642578125,55.50223922729492,55.94339370727539,58.194339752197266,53.69245147705078,51.56173324584961,72.19805908203125,30.925413131713867,59.0015869140625,54.462440490722656,63.54073715209961,68.59194946289062
PRT,1984,10.87594,-4.05681128951315,53.62577114612668,16.117718779951364,4.279239125438608,28.38464,,60.71526336669922,56.019859313964844,62.1628303527832,49.876895904541016,55.76799011230469,56.21798324584961,58.984642028808594,53.451324462890625,51.56547164916992,72.20845794677734,30.922489166259766,59.5205078125,54.815181732177734,64.22583770751953,70.35791015625
PRT,1985,10.81495,-6.37349091003145,56.62919778159271,16.12045416747038,4.276169190011731,19.46141,,59.95719909667969,56.41649627685547,61.23799514770508,51.595001220703125,53.259429931640625,56.53028869628906,59.37498092651367,53.68559646606445,51.9151611328125,72.59393310546875,31.236391067504883,51.332828521728516,55.23026657104492,47.435386657714844,70.19567108154297
PRT,1986,10.22162,-6.39427161894676,54.77782659794555,16.121363705047568,4.294874611430394,12.33133,,58.59059524536133,51.648216247558594,57.377986907958984,45.918434143066406,53.90561294555664,57.4992561340332,60.941524505615234,54.05698776245117,52.30376434326172,73.37332153320312,31.234209060668945,51.91384506225586,55.63200759887695,48.195682525634766,70.21796417236328
PRT,1987,11.00979,-6.46166742848642,61.63936166606581,16.12109425066116,4.329955090159826,9.634831,,58.104862213134766,51.409217834472656,58.457603454589844,44.360843658447266,54.22920227050781,58.36994171142578,62.026702880859375,54.71317672729492,52.296207427978516,73.35789489746094,31.234521865844727,52.0214729309082,55.738555908203125,48.30438995361328,68.67616271972656
PRT,1988,10.51222,-3.25346393445907,61.87537324802078,16.120054730707817,4.368559559317278,10.10163,,59.16780090332031,53.959564208984375,58.37911605834961,49.54001235961914,56.63959503173828,58.98957824707031,62.484432220458984,55.49472427368164,52.77876663208008,73.36343383789062,32.19409942626953,58.150428771972656,70.50643157958984,45.794429779052734,66.90425872802734
PRT,1989,10.42396,-2.56466811214774,59.53764499347266,16.11859552599997,4.405068556355041,12.6863,,59.02791213989258,55.761749267578125,59.448944091796875,52.074554443359375,57.482200622558594,59.91468811035156,62.720115661621094,57.109256744384766,53.36902618408203,74.53954315185547,32.19851303100586,59.16291046142578,70.768310546875,47.557518005371094,63.83980178833008
PRT,1990,10.84111,-5.51722998828672,56.06066904221447,16.116416041203244,4.425943838089077,13.63057,51.49836395052001,59.82796859741211,56.55479049682617,60.22438049316406,52.88519287109375,58.254661560058594,59.719181060791016,63.577884674072266,55.860477447509766,53.36609649658203,74.5325927734375,32.19960021972656,61.6787223815918,72.4132080078125,50.944236755371094,64.6744384765625
PRT,1991,11.8946,-6.66401099508573,57.67322094891606,16.114111223659947,4.465416768076599,11.84948,50.534922900280066,62.10935592651367,55.66439437866211,57.96034622192383,53.36843490600586,60.185203552246094,60.504058837890625,64.33415985107422,56.6739616394043,58.05647277832031,74.51422882080078,41.59872817993164,61.99510192871094,73.30582427978516,50.68438720703125,70.47848510742188
PRT,1992,12.53859,-4.0920666961785,55.25075274196848,16.113333730992824,4.4622742482758415,9.55926,49.788196878624305,65.77861022949219,54.80970001220703,57.028892517089844,52.59050750732422,62.09065246582031,61.112449645996094,64.73255157470703,57.49235153198242,59.159664154052734,69.84973907470703,48.46958541870117,65.99984741210938,74.37789154052734,57.621803283691406,80.43550109863281
PRT,1993,13.90451,-7.69537344191836,61.439104440257,16.114556896947654,4.4337843911822,6.78378,49.33152301376247,68.9747314453125,61.752105712890625,60.40068054199219,63.10354995727539,60.2990608215332,61.52694320678711,65.42438507080078,57.62949752807617,53.63217544555664,56.65172576904297,50.61261749267578,65.73806762695312,74.16484069824219,57.31129455566406,84.87303161621094
PRT,1994,13.8895,-7.30608606648832,62.2264607942561,16.117247791627157,4.418126244265983,5.42044,48.97857153294488,69.9174575805664,63.64549255371094,61.16733169555664,66.12364196777344,60.207767486572266,62.010459899902344,65.16365814208984,58.85725402832031,52.210723876953125,52.0198860168457,52.40155792236328,66.40213775634766,75.84105682373047,56.963226318359375,85.89916229248047
PRT,1995,10.8003547670665,-5.17867542208956,76.3211291855489,16.120709831010178,4.438831771535533,4.222816,48.64878168256911,71.2623291015625,65.84610748291016,62.24345397949219,69.44876098632812,61.580101013183594,62.85280227661133,65.74398803710938,59.961612701416016,54.12887954711914,53.96719741821289,54.29056167602539,67.75859832763672,77.86122131347656,57.65597915649414,86.36075592041016
PRT,1996,10.9646269769844,-4.73770495295623,77.5078609962179,16.124469792883577,4.4449037060553716,3.068977,48.398142122963215,72.16946411132812,67.60392761230469,62.278724670410156,72.92912292480469,61.523826599121094,62.94038391113281,65.08038330078125,60.800384521484375,53.784542083740234,51.281089782714844,56.287986755371094,67.84657287597656,77.61785888671875,58.07528305053711,87.38063049316406
PRT,1997,10.7470896393428,-3.70523251223286,74.075138159556,16.12893439893329,4.454074759118637,2.336863,48.25125014408664,73.4781723022461,70.11809539794922,64.4390640258789,75.7971420288086,62.226070404052734,63.643043518066406,64.80326080322266,62.482818603515625,55.384971618652344,53.17024230957031,57.599700927734375,67.65018463134766,76.5301513671875,58.77021789550781,88.0903549194336
PRT,1998,10.9193810648641,-4.38738362151752,72.6136910023415,16.133988291267116,4.47412859409285,2.572752,48.18722102397728,74.60482025146484,72.6352767944336,66.36293029785156,78.90760803222656,63.063079833984375,64.85047912597656,65.52336120605469,64.1775894165039,55.35093307495117,50.09395217895508,60.60791778564453,68.98783874511719,78.51982116699219,59.455841064453125,88.1161117553711
PRT,1999,10.8772913925748,-3.03143796904275,69.5448173443033,16.13964459569147,4.481338965631243,2.340095,48.16362018371266,74.9518051147461,72.86737060546875,66.25505065917969,79.47970581054688,64.46562957763672,65.29237365722656,64.70848846435547,65.87625122070312,58.56833267211914,53.862491607666016,63.274169921875,69.53619384765625,79.29582977294922,59.77655029296875,87.52236938476562
PRT,2000,11.268514223614,-3.17098282829474,67.5820387651872,16.14667319522466,4.478263691613033,2.85303,48.187116261373006,77.26353454589844,75.90679931640625,69.17034912109375,82.64324951171875,65.55680084228516,66.559326171875,64.83282470703125,68.28582000732422,60.026344299316406,54.220863342285156,65.83182525634766,70.08473205566406,79.643310546875,60.526145935058594,90.32696533203125
PRT,2001,11.5664879094208,-4.74144693299192,70.1246869370489,16.153725501597897,4.483702973328262,4.369903,48.379338419098225,78.36154174804688,76.20333862304688,68.2767105102539,84.12996673583984,67.53900146484375,67.68772888183594,65.81643676757812,69.55902099609375,61.53672790527344,56.615867614746094,66.45758819580078,73.39252471923828,80.20877838134766,66.57627868652344,91.3423080444336
PRT,2002,12.0539362614501,-3.28752006525403,72.3724410823126,16.159202180994505,4.477296325022156,3.600347,48.700366997510535,76.44977569580078,71.68460845947266,66.49744415283203,76.87178039550781,66.92831420898438,69.49882507324219,66.06465148925781,72.93299102783203,60.8549919128418,56.37439727783203,65.33558654785156,70.43115234375,80.21480560302734,60.647499084472656,90.73640441894531
PRT,2003,13.2409691391518,-5.69933735866791,76.2416191521067,16.162956295143065,4.450400856503257,3.218991,49.01732229568968,77.44038391113281,73.16950225830078,66.2144775390625,80.1245346069336,67.67908477783203,70.57089233398438,66.49015045166016,74.65162658691406,62.044429779052734,57.05323791503906,67.0356216430664,70.42192077636719,81.80823516845703,59.03561019897461,91.47259521484375
PRT,2004,13.6755470934773,-6.20229883813285,81.1016797103954,16.165347585039182,4.439886402507609,2.365362,49.37349639633799,77.47220611572266,73.02140045166016,65.46458435058594,80.57821655273438,68.67533874511719,70.55490112304688,67.42144775390625,73.68834686279297,64.11453247070312,59.36180877685547,68.86725616455078,71.3565902709961,83.81526947021484,58.89789962768555,90.71991729736328
PRT,2005,14.1694839843286,-6.13001213779362,84.4310419329083,16.16720290770573,4.424198709425547,2.277164,49.680355653144694,77.32853698730469,74.1941909790039,65.7264175415039,82.66195678710938,68.95380401611328,72.07344055175781,68.80802917480469,75.33885192871094,63.73747253417969,57.731536865234375,69.743408203125,71.05049133300781,82.93059539794922,59.170379638671875,88.8376235961914
PRT,2006,14.2576886391437,-4.16695564596297,83.4339039426143,16.169006232120505,4.414224826872823,3.107666,49.84858188191964,78.35362243652344,75.55597686767578,66.35738372802734,84.75458526611328,69.69788360595703,72.5860824584961,69.27253723144531,75.8996353149414,64.77255249023438,58.866294860839844,70.67881774902344,71.7349853515625,83.83782196044922,59.63214874267578,89.80705261230469
PRT,2007,14.2390105603207,-2.87497277306587,80.8988195983277,16.17096927596538,4.4178030094365885,2.453965,49.95015630113531,79.4323959350586,76.12577056884766,67.88741302490234,84.3641128540039,70.1181411743164,73.30577087402344,70.26895141601562,76.34258270263672,65.3113784790039,59.704681396484375,70.91807556152344,71.73727416992188,83.67787170410156,59.79668045043945,92.05323791503906
PRT,2008,14.7231661355387,-3.81071693130214,85.0069994167204,16.172411188763913,4.422990035195837,2.588506,50.13349399632507,77.93930053710938,74.24830627441406,68.034912109375,80.46171569824219,67.5134506225586,72.76731872558594,69.0650634765625,76.46957397460938,66.61943817138672,61.660213470458984,71.57866668701172,63.15357971191406,66.18971252441406,60.1174430847168,92.05615997314453
PRT,2009,16.5481071765242,-9.87427421068871,97.9788456198093,16.173364497356285,4.4322256155187185,-0.83553,50.45682681895746,77.86430358886719,73.23209381103516,65.33098602294922,81.1332015991211,67.97765350341797,71.73992919921875,69.07324981689453,74.4066162109375,67.75315856933594,63.254756927490234,72.25154876708984,64.43990325927734,65.4127197265625,63.467079162597656,92.3831787109375
PRT,2010,16.6118879641239,-11.4183586798404,105.775674817848,16.17382359772347,4.425108777134453,1.402573,50.840593529993505,78.40299987792969,73.8245849609375,67.96749114990234,79.68167114257812,69.0072250366211,73.17143249511719,69.84107971191406,76.50177764892578,68.43452453613281,63.90160369873047,72.96743774414062,65.41571044921875,65.4895248413086,65.34190368652344,92.37715148925781
PRT,2011,17.1538355859649,-7.72689114142123,110.45366831263,16.172352748937715,4.392980644840729,3.653011,51.31816266450338,79.0443115234375,74.18789672851562,70.01091003417969,78.36486053466797,70.25422668457031,74.36370849609375,70.81673431396484,77.9106674194336,70.45501708984375,67.26935577392578,73.64067840576172,65.9439697265625,65.97987365722656,65.90807342529297,92.6907958984375
PRT,2012,17.7888467785598,-6.20243119163989,138.329315958496,16.168298531060238,4.34801146016406,2.773339,51.84756386826397,78.82162475585938,74.16183471679688,71.07623291015625,77.2474365234375,70.06348419189453,74.9749984741211,71.56378173828125,78.38622283935547,69.63876342773438,64.5099105834961,74.7676010131836,65.5766830444336,64.51192474365234,66.64143371582031,92.23957824707031
PRT,2013,18.6626505811617,-5.21351467074256,141.697132201911,16.162810378950716,4.332633533774625,0.2744167,52.45202204274426,77.89541625976562,74.44822692871094,71.63959503173828,77.2568588256836,69.96541595458984,75.8284912109375,71.55729675292969,80.09970092773438,68.87447357177734,62.70210647583008,75.04682922363281,65.19329833984375,64.9300537109375,65.45655059814453,89.2725830078125
PRT,2014,18.001905943542,-7.3627494477606,151.784437071719,16.157418474282796,4.329646618439035,-0.2781534,53.068451851416896,79.46965789794922,77.82046508789062,74.12796020507812,81.51296997070312,70.25296783447266,75.42669677734375,72.13867950439453,78.7147216796875,69.53372955322266,63.30510330200195,75.76233673095703,65.79850006103516,65.98487091064453,65.61212158203125,90.33551788330078
PRT,2015,17.6822124917017,-4.4739833880317,149.658590639824,16.153277063262863,4.3294494374883845,0.4879386,53.54617461887607,79.90449523925781,78.2361068725586,74.2423095703125,82.22989654541016,70.62806701660156,75.47960662841797,72.30780029296875,78.65142059326172,70.24063110351562,64.02851104736328,76.45276641845703,66.16390991210938,65.86378479003906,66.46404266357422,90.84927368164062
PRT,2016,17.2519963421759,-1.9433337506332,145.377138708677,16.150122473092885,4.339331519770962,0.6073971,54.1064166804349,80.421142578125,78.56348419189453,74.28496551513672,82.84200286865234,72.14675903320312,76.6825942993164,72.91331481933594,80.45186614990234,71.5646743774414,65.89188385009766,77.23746490478516,68.19302368164062,68.82428741455078,67.56175994873047,90.55317687988281
PRT,2017,16.6632110736759,-3.00211034639321,144.752877430751,16.147683578989298,4.352304655369684,1.368614,54.778705955470706,81.93508911132812,79.49130249023438,75.71885681152344,83.26372528076172,73.46602630615234,77.7513198852539,74.32785034179688,81.17478942871094,72.61396026611328,67.25000762939453,77.9779052734375,70.03279876708984,71.23643493652344,68.82917022705078,92.8479232788086
PRT,2018,16.37950515783,-0.425760986543224,137.330942814826,16.14608253877783,4.364474238707092,0.9937157,55.400095683628706,82.31653594970703,79.55644989013672,76.09988403320312,83.01301574707031,74.35393524169922,78.8425064086914,76.19833374023438,81.48668670654297,73.03475189208984,67.28707122802734,78.78243255615234,71.18450164794922,71.84741973876953,70.52159118652344,93.03922271728516
PRT,2019,16.2241675767523,0.115996140517478,135.543541573369,16.146319873724327,4.378609302239078,0.3381784,56.05976909024457,82.7966537475586,79.82979583740234,76.81180572509766,82.8477783203125,75.52251434326172,78.83341979980469,76.25001525878906,81.41682434082031,75.86176300048828,72.46532440185547,79.25819396972656,71.87234497070312,71.90206146240234,71.8426284790039,93.03765106201172
PRT,2020,18.0621854538544,-5.75224812301062,156.594122334473,16.147371014976795,4.334501691649512,-0.01243833,56.74080629625165,82.45668029785156,77.8006362915039,72.7088394165039,82.89242553710938,76.4092025756836,77.99700927734375,74.64073181152344,81.35327911376953,78.78324127197266,77.48542785644531,80.08106231689453,72.44734191894531,70.61038970947266,74.2843017578125,93.16018676757812
PRT,2021,17.3554205919437,-2.82548578943928,142.302818032918,16.153639516631124,4.328885779333052,1.265657,57.322620483125874,82.74542999267578,79.16313171386719,75.67462921142578,82.65160369873047,75.91182708740234,78.6053237915039,75.14987182617188,82.06077575683594,75.43841552734375,69.63166809082031,81.24516296386719,73.69174194335938,72.120361328125,75.26311492919922,93.16134643554688
PRT,2022,16.5178232741952,-0.310300478915349,114.239027385653,16.160612081111356,4.364906302056784,7.832691,57.953494061113375,82.92451477050781,81.32990264892578,79.51631164550781,83.14350128173828,76.40388488769531,79.17876434326172,76.25027465820312,82.10724639892578,75.87899017333984,69.79165649414062,81.96631622314453,74.15396118164062,72.51573944091797,75.79218292236328,91.03971862792969
PRT,2023,15.7893694384456,1.21420727075361,104.959889721586,16.174303379707034,4.374297743595304,4.311282,58.74315545828567,82.97767639160156,81.06754302978516,78.24549102783203,83.88958740234375,76.63593292236328,79.2041244506836,76.38138580322266,82.02685546875,76.03691864013672,69.85230255126953,82.22154235839844,74.6667709350586,72.71977996826172,76.61376190185547,91.22953796386719
SVK,1980,,,,15.420903299716432,,,,,,,,,,,,,,,,,,
SVK,1981,,,,15.428164294090156,,,,,,,,,,,,,,,,,,
SVK,1982,,,,15.435907994814666,,,,,,,,,,,,,,,,,,
SVK,1983,,,,15.443175543435046,,,,,,,,,,,,,,,,,,
SVK,1984,,,,15.450050170032936,,,,,,,,,,,,,,,,,,
SVK,1985,,,,15.456789714430467,,,,,,,,,,,,,,,,,,
SVK,1986,,,,15.462983480883993,,,,,,,,,,,,,,,,,,
SVK,1987,,,,15.468551873213812,,,,,,,,,,,,,,,,,,
SVK,1988,,,,15.47385215193399,,,,,,,,,,,,,,,,,,
SVK,1989,,,,15.478667799582269,,,,,,,,,,,,,,,,,,
SVK,1990,,,,15.48306397052953,,,55.05593550087971,,,,,,,,,,,,,,,
SVK,1991,,,,15.483838694899312,,,54.27023866490772,,,,,,,,,,,,,,,
SVK,1992,,,,15.484163346048293,3.7384828113617576,9.893497,53.44825092661638,,,,,,,,,,,,,,,
SVK,1993,,,,15.487980544914803,3.747199681675764,23.28703,52.546274016426494,57.00876998901367,50.19915771484375,69.75741577148438,33.15315246582031,60.3724250793457,50.90515899658203,47.1845703125,54.62574768066406,57.661624908447266,71.03115844726562,44.29208755493164,72.55050659179688,74.00692749023438,71.09408569335938,60.01740264892578
SVK,1994,,,,15.491921089215124,3.7804445616997513,13.41552,51.537503068260214,58.3701286315918,49.93317413330078,68.05982971191406,34.136600494384766,61.77872848510742,50.92118835449219,46.831783294677734,55.010589599609375,58.600433349609375,70.258056640625,46.942806243896484,75.81455993652344,74.2205581665039,77.4085693359375,62.85625076293945
SVK,1995,13.6870318269426,-3.42924740602,36.9805137060548,15.494847411280448,3.815766411915618,9.841098,50.46634191897097,59.75639343261719,48.9566650390625,66.5211181640625,33.667354583740234,63.29191970825195,51.67829895019531,48.224525451660156,55.1320686340332,61.25621032714844,74.0687484741211,48.44367599487305,76.94125366210938,75.445068359375,78.43743133544922,66.32112884521484
SVK,1996,13.758055366363,-9.72039940386704,36.6368757505431,15.496964155244767,3.8486353098367574,5.775833,49.44056027684556,60.29829406738281,49.22764587402344,64.68621826171875,35.79841232299805,63.3532829284668,53.37993621826172,50.81742477416992,55.94245529174805,61.62105178833008,73.9682846069336,49.2738151550293,75.05888366699219,75.63060760498047,74.4871597290039,67.58727264404297
SVK,1997,13.2551054675774,-6.23513611698832,38.1523320446572,15.498810455156821,3.870783194468091,6.141988,48.42187250139233,62.29872131347656,53.01520919799805,67.25282287597656,40.668704986572266,64.51338958740234,54.389381408691406,51.3344841003418,57.444271087646484,63.351951599121094,74.21150970458984,52.49239730834961,75.79881286621094,76.42667388916016,75.17095184326172,68.75104522705078
SVK,1998,13.3058503496005,-5.36913863745166,44.9450979730653,15.500151671141674,3.885111312499233,6.665648,47.330968246246016,62.89837646484375,54.621315002441406,66.55194091796875,44.29112243652344,66.56922912597656,55.3259162902832,51.27459716796875,59.37723159790039,66.41500854492188,74.048583984375,58.781436920166016,77.9667739868164,77.06202697753906,78.87150573730469,66.94945526123047
SVK,1999,14.0329241463031,-7.25200998555399,57.235172154071,15.501172202752135,3.8540276814766075,10.57045,46.16959077000425,62.81749725341797,52.757144927978516,62.1937141418457,44.5921745300293,65.31612396240234,55.16023254394531,50.12336349487305,60.197113037109375,65.67774200439453,75.3860855102539,55.969398498535156,75.11040496826172,73.33357238769531,76.88725280761719,69.70138549804688
SVK,2000,13.3592501141644,-12.6896753178702,62.6416559299178,15.499818437874191,3.8274466178078272,12.03578,44.97049459056284,65.68400573730469,56.94403076171875,66.79388427734375,48.42877197265625,66.82502746582031,56.071876525878906,50.14949417114258,61.994258880615234,68.85765075683594,78.04561614990234,59.669681549072266,75.54556274414062,73.57770538330078,77.513427734375,72.6908187866211
SVK,2001,13.42016336333,-7.74295104781243,62.1744569885394,15.49798831516423,3.853448573036384,7.329631,43.7473693099929,68.08309173583984,58.75909423828125,69.18558502197266,49.75607681274414,69.36831665039062,59.421653747558594,55.049537658691406,63.79376983642578,69.57402801513672,83.45188903808594,55.69617462158203,79.10926818847656,77.04803466796875,81.17049407958984,75.4853744506836
SVK,2002,13.5629061064414,-8.35313179929475,55.0181679409302,15.497624789654543,3.8882248421986527,3.127133,42.610836850479494,68.2689437866211,57.560401916503906,64.6144790649414,51.47954177856445,70.03001403808594,59.94068145751953,54.559112548828125,65.32225799560547,71.96980285644531,83.37559509277344,60.56401062011719,78.17955017089844,73.51353454589844,82.84556579589844,76.47771453857422
SVK,2003,11.9339757360369,-2.28191995076255,52.273818940814,15.49696657458422,3.9217321586854843,8.554143,41.60069591120544,71.01974487304688,64.3058090209961,64.38858795166016,64.23460388183594,70.37294006347656,61.10673904418945,55.3759651184082,66.83751678466797,72.35052490234375,83.26669311523438,61.43434143066406,77.66155242919922,75.65945434570312,79.66365814208984,77.91219329833984
SVK,2004,12.6434995126504,-2.35929666261921,49.2666450694928,15.496762957381623,3.947808883977642,7.548501,40.75052379154603,75.8691635131836,76.25779724121094,76.85548400878906,75.74385070800781,71.89408874511719,61.92890167236328,59.009029388427734,64.84877014160156,68.43115234375,74.53490447998047,62.327392578125,85.3222427368164,85.16278839111328,85.481689453125,79.48287200927734
SVK,2005,12.7721244391149,-2.85703510883227,42.1753438267913,15.496861048723355,3.9881424147137507,2.709085,40.06094811068677,76.7406997680664,76.47467803955078,76.68255615234375,76.29607391357422,73.68718719482422,66.36160278320312,61.36939239501953,71.35380554199219,69.66572570800781,68.12994384765625,71.20149993896484,85.03422546386719,84.48816680908203,85.58028411865234,80.04148864746094
SVK,2006,12.2369388238242,-3.57042335755025,39.5030919770445,15.496907019911712,4.048638786432527,4.483331,39.45038465910654,77.46390533447266,76.57101440429688,75.79145812988281,77.24072265625,74.14664459228516,67.15573120117188,62.87925338745117,71.43221282958984,69.62364959716797,67.8958511352539,71.35145568847656,85.66051483154297,85.24458312988281,86.07644653320312,81.61115264892578
SVK,2007,11.8726146885605,-2.25812665230469,37.930851973918,15.497198803923645,4.131100782673148,2.756724,38.95003263939608,78.84304809570312,77.42445373535156,77.390380859375,77.45370483398438,76.45579528808594,70.23747253417969,66.17121887207031,74.30372619628906,71.3660659790039,70.39556884765625,72.33655548095703,87.76384735107422,87.06878662109375,88.45890808105469,82.5483169555664
SVK,2008,11.6513869662087,-2.54096448272811,36.6763017647669,15.498056356918841,4.185066915845842,4.59818,38.60069603960319,76.87246704101562,75.5743637084961,77.04383850097656,74.31473541259766,71.37368774414062,70.9615249633789,68.88806915283203,73.03498077392578,71.11437225341797,68.81287384033203,73.41587829589844,72.045166015625,55.350128173828125,88.74019622802734,83.57667541503906
SVK,2009,14.1272033106601,-8.18404243019241,45.9971503927038,15.499388930129118,4.168148975211163,1.615105,38.54366754495256,76.97843170166016,75.86864471435547,74.69151306152344,76.87694549560547,71.28977966308594,70.90280151367188,68.59642791748047,73.20916748046875,71.26094818115234,68.42109680175781,74.10079956054688,71.70561218261719,54.44294357299805,88.9682846069336,83.69730377197266
SVK,2010,14.1962248686908,-7.44455700942641,50.147081072774,15.500320842861019,4.207711684290402,0.9570181,38.714261272051075,77.17557525634766,75.96870422363281,74.78221130371094,76.98490905761719,71.13851928710938,70.81002044677734,66.30738067626953,75.31266021728516,71.60431671142578,67.96907806396484,75.23956298828125,71.00123596191406,53.66001510620117,88.34246063232422,84.33285522460938
SVK,2011,13.718503511673,-4.35560566896338,52.943571473515,15.501610207488255,4.22419023968558,3.919286,38.99014033195117,77.38340759277344,75.81399536132812,73.83851623535156,77.50546264648438,71.5953140258789,70.9734878540039,66.65331268310547,75.29364776611328,71.43869018554688,67.36320495605469,75.51417541503906,72.37379455566406,55.70832824707031,89.03925323486328,84.62809753417969
SVK,2012,13.8975078900906,-4.3660714500065,62.41433144575,15.503312046041517,4.2305515555658495,3.606103,39.461206624200926,77.40526580810547,75.21327209472656,74.31581115722656,75.98139953613281,72.21119689941406,71.92240905761719,66.6278305053711,77.21699523925781,72.47265625,68.72481536865234,76.2204818725586,72.23853302001953,55.63178253173828,88.84528350830078,84.6333999633789
SVK,2013,13.9870396652874,-2.86136598729164,66.9264421151274,15.50438662613644,4.225354578848017,1.400474,40.114371408907814,77.33377838134766,75.79088592529297,76.1279067993164,75.50263977050781,71.50365447998047,72.86933898925781,68.54006958007812,77.19860076904297,72.424560546875,68.35018920898438,76.4989242553711,69.21707916259766,50.48997497558594,87.9441909790039,84.59510040283203
SVK,2014,13.940411925974,-3.24480847623436,69.3838325128685,15.505357080352276,4.2354687502322514,-0.07616533,40.89094921773027,78.37999725341797,78.80697631835938,78.511474609375,79.05955505371094,73.2528305053711,73.8751449584961,68.83780670166016,78.91249084472656,75.82403564453125,68.56541442871094,83.0826644897461,70.0593032836914,50.25068664550781,89.867919921875,83.1112060546875
SVK,2015,13.6479273674517,-2.78203874183968,67.7669652077943,15.506307419138757,4.265642456098059,-0.3252198,41.80809867946821,78.64218139648438,77.85193634033203,77.67266845703125,78.0052719116211,73.86376190185547,72.95631408691406,68.24545288085938,77.66717529296875,77.08340454101562,71.32430267333984,82.84251403808594,71.55154418945312,52.112728118896484,90.99036407470703,84.1536636352539
SVK,2016,13.8250214805343,-2.59355449332554,69.3076416291604,15.507596642438328,4.270971002024185,-0.5200102,42.997471186162194,78.84090423583984,78.9806137084961,79.0629653930664,78.91006469726562,73.42259216308594,73.51170349121094,68.63529205322266,78.38811492919922,77.03191375732422,70.56499481201172,83.49882507324219,69.72421264648438,49.37550735473633,90.07291412353516,84.12956237792969
SVK,2017,13.5035899678874,-0.984576691462156,67.1229951093669,15.509148432395202,4.27669661855094,1.311946,44.39361636890564,80.44452667236328,80.60533142089844,80.15042114257812,80.99549102783203,76.813232421875,75.2023696899414,70.46417999267578,79.94055938720703,78.3539047241211,73.0026626586914,83.70513153076172,76.8834228515625,61.51655578613281,92.25029754638672,83.92649841308594
SVK,2018,13.138951190834,-1.00591685366668,64.6153022694852,15.510533513991314,4.297715177799332,2.514037,45.80201304644259,80.36479187011719,80.45020294189453,80.3860855102539,80.5052719116211,76.61597442626953,74.96976470947266,71.7585678100586,78.18096923828125,80.62965393066406,72.1006851196289,89.15862274169922,74.24847412109375,61.1919059753418,87.30504608154297,84.03418731689453
SVK,2019,13.3315022957142,-1.20500296755642,64.1887597538951,15.511886794719723,4.307855508602916,2.664561,47.17437669796444,80.78033447265625,80.92545318603516,80.81396484375,81.02134704589844,77.10968780517578,75.13282775878906,71.75255584716797,78.51309967041016,81.265380859375,72.79417419433594,89.73657989501953,74.93085479736328,62.94220733642578,86.91950988769531,84.31600189208984
SVK,2020,14.5188882049213,-5.2959808359115,78.367875440295,15.512744489475873,4.32476110774459,1.936941,48.40938137790993,80.11993408203125,79.39285278320312,78.86827850341797,79.84449005126953,76.60726165771484,73.92412567138672,69.7769546508789,78.0712890625,77.69013977050781,69.59381866455078,85.78646850585938,78.20750427246094,62.808170318603516,93.6068344116211,84.30915832519531
SVK,2021,14.6839919948224,-5.0877788726841,78.2566730351438,15.510620901399763,4.325905256455977,3.149606,49.45682712632274,80.31269073486328,79.8662338256836,79.4243392944336,80.24717712402344,76.55482482910156,73.08679962158203,70.43159484863281,75.74198913574219,77.53791809082031,69.08430480957031,85.99153137207031,79.03976440429688,64.31945037841797,93.76007843017578,84.48625946044922
SVK,2022,14.4282920859529,-1.66911065342511,65.1459865037575,15.507772291802878,4.302659673632153,12.77415,50.46412768095716,79.93507385253906,80.2103271484375,81.56379699707031,79.04267120361328,77.03544616699219,74.37474822998047,70.7651138305664,77.9843978881836,77.53009033203125,68.87744903564453,86.18273162841797,79.20150756835938,64.56520080566406,93.83782196044922,82.57835388183594
SVK,2023,16.3765719746551,-5.20644158782891,65.1807835290665,15.506849143292765,4.312757153505428,10.53195,51.41882075165035,80.16569519042969,78.99359893798828,80.11576080322266,78.0255355834961,78.65697479248047,74.5609359741211,70.82097625732422,78.30088806152344,77.807861328125,69.26994323730469,86.34578704833984,83.60211944580078,73.34398651123047,93.86026000976562,82.7659912109375
SVN,1980,,,,14.45805631000543,,,,,,,,,,,,,,,,,,
SVN,1981,,,,14.460795918310161,,42.62295,,,,,,,,,,,,,,,,
SVN,1982,,,,14.462788653844939,,30.11255,,,,,,,,,,,,,,,,
SVN,1983,,,,14.469043868094744,,40.21349,,,,,,,,,,,,,,,,
SVN,1984,,,,14.474146000722843,,53.67198,,,,,,,,,,,,,,,,
SVN,1985,,,,14.479044049776439,,79.40636,,,,,,,,,,,,,,,,
SVN,1986,,,,14.491493268229632,,95.8865,,,,,,,,,,,,,,,,
SVN,1987,,,,14.503532627550936,,132.0727,,,,,,,,,,,,,,,,
SVN,1988,,,,14.506252849094352,,198.7537,,,,,,,,,,,,,,,,
SVN,1989,,,,14.506831572096855,,1281.444,,,,,,,,,,,,,,,,
SVN,1990,,,,14.507737815524775,,552.0835,45.89206025630542,,,,,,,,,,,,,,,
SVN,1991,,,,14.508372197761336,,114.8329,45.44983021157355,43.38359069824219,43.14163589477539,52.028079986572266,34.255184173583984,55.78054428100586,55.05088806152344,58.8294563293457,51.27231216430664,44.73321533203125,43.79065704345703,45.675785064697266,67.55752563476562,60.77520751953125,74.33984375,31.22859001159668
SVN,1992,,,,14.506905203731844,,209.9338,45.00714686220791,46.8748664855957,43.299468994140625,52.0645637512207,34.53438949584961,61.27461242675781,55.395198822021484,58.69475173950195,52.09564971923828,60.86087417602539,76.04649353027344,45.675262451171875,67.5677490234375,60.77244186401367,74.36305236816406,36.050514221191406
SVN,1993,,,,14.504522198956424,,31.76213,44.64680472805547,49.72260665893555,48.9610595703125,62.44096755981445,35.481163024902344,62.7240104675293,56.57406234741211,61.04969024658203,52.09843063354492,61.79281234741211,77.58562469482422,46.0,69.80513000488281,59.92131423950195,79.68895721435547,37.48278045654297
SVN,1994,,,,14.503365258024012,,20.99182,44.229006991628026,52.906646728515625,50.7852783203125,62.873260498046875,38.697303771972656,64.05387878417969,57.87372589111328,62.2702522277832,53.47719955444336,62.34325408935547,76.03385162353516,48.65265655517578,71.94467163085938,60.59943771362305,83.28990936279297,43.880794525146484
SVN,1995,16.4464060058828,-8.13553539177495,33.1462106763136,14.503580873023912,4.271685262899336,13.46372,43.98724147562407,53.563236236572266,50.665061950683594,62.26775360107422,39.062374114990234,63.97848129272461,58.96445083618164,62.66590881347656,55.262996673583984,59.63998794555664,68.64838409423828,50.631591796875,73.33100891113281,64.00536346435547,82.65664672851562,46.046138763427734
SVN,1996,16.355628621613,-1.09923176745926,34.8488630853924,14.502955511686451,4.275207834012933,9.864456,43.765732966465734,56.215633392333984,52.236785888671875,63.42552947998047,41.04804611206055,67.73572540283203,59.472599029541016,63.1057014465332,55.83949661254883,68.24425506591797,72.05902862548828,64.42945861816406,75.49034881591797,66.6601333618164,84.320556640625,48.674381256103516
SVN,1997,16.7488011599829,-2.3321812033601,33.7378214002361,14.501610968256228,4.29797141575839,8.359679,43.40116514164241,61.72418212890625,57.13477325439453,64.49189758300781,49.77766036987305,67.8514633178711,60.0111083984375,63.047706604003906,56.97450256347656,69.54461669921875,73.10694122314453,65.98228454589844,73.99864959716797,67.21707153320312,80.78023529052734,60.1862678527832
SVN,1998,16.766085986065,-2.38917591821584,32.123373690297,14.499429791688877,4.3083005299841135,7.891166,43.195046922861806,63.42721939086914,58.123958587646484,65.33363342285156,50.9142951965332,67.84120178222656,60.83235168457031,63.822757720947266,57.841941833496094,68.1122817993164,68.8034896850586,67.42108154296875,74.57896423339844,66.7401351928711,82.41778564453125,64.31652069091797
SVN,1999,16.7463831799781,-3.04359891643946,32.6249826375178,14.500144100134015,4.333498238115319,6.155588,42.88663359380911,64.1427001953125,58.011112213134766,64.87039947509766,51.15182876586914,68.06787109375,62.62372589111328,64.4273452758789,60.820106506347656,68.1918716430664,69.37979888916016,67.00393676757812,73.38805389404297,66.32601928710938,80.45008850097656,66.34910583496094
SVN,2000,17.0331711985992,-3.77259779291412,34.9190045897029,14.50310484973452,4.3315215032884655,8.911745,42.5645686629814,67.1181411743164,62.099308013916016,66.87870788574219,57.31990432739258,70.82466125488281,66.60603332519531,69.26053619384766,63.95153045654297,67.94290161132812,71.66585540771484,64.21994018554688,77.92506408691406,66.65702056884766,89.193115234375,68.43043518066406
SVN,2001,16.9712195102575,-4.58018891582805,35.5063267539388,14.504679837154995,4.351373039740456,8.379666,42.42445907888801,67.92677307128906,62.67869186401367,67.21179962158203,58.145572662353516,70.63642883300781,65.73003387451172,66.2164077758789,65.24365234375,72.0483627319336,72.34434509277344,71.75237274169922,74.13089752197266,67.13607025146484,81.12572479248047,70.46520233154297
SVN,2002,17.0942859656619,-2.47406498101165,36.5788045322953,14.505918991578229,4.37351643795457,7.480778,42.25568693235878,68.45745849609375,60.75688934326172,68.38082122802734,53.132957458496094,72.1830825805664,68.11815643310547,67.34484100341797,68.89147186279297,72.50440979003906,73.53890991210938,71.46991729736328,75.92668151855469,66.85761260986328,84.99574279785156,72.43236541748047
SVN,2003,16.9857797266553,-2.66397706248269,35.2713920530265,14.5065219593708,4.390550019706119,5.544164,42.01624581490587,70.25418090820312,64.77008056640625,73.5107650756836,56.02940368652344,72.4877700805664,68.77010345458984,68.19003295898438,69.35016632080078,71.55404663085938,71.20909118652344,71.89900970458984,77.13914489746094,68.6112060546875,85.6670913696289,73.50469970703125
SVN,2004,16.666532154214,-1.98170144101562,35.4461619638708,14.507162621393418,4.408657477438089,3.592976,41.93139150847852,72.73515319824219,68.54732513427734,76.92179870605469,60.172855377197266,73.68612670898438,70.2820816040039,69.50511932373047,71.05904388427734,71.64141082763672,68.73876190185547,74.54405212402344,79.13493347167969,70.69577026367188,87.57408905029297,75.97199249267578
SVN,2005,16.6348645419221,-1.37886128325556,34.7355281285707,14.508894710444157,4.423082285894283,2.451501,42.04512130264276,74.05732727050781,69.42155456542969,76.823974609375,62.019142150878906,76.21585083007812,73.00676727294922,70.73837280273438,75.27516174316406,69.88554382324219,66.34266662597656,73.42842864990234,85.7552261352539,87.16007232666016,84.35039520263672,76.53453063964844
SVN,2006,16.0739094029978,-1.25849829810791,33.257856228279,14.512085855809866,4.452690086630569,2.457924,42.22091826755449,75.24567413330078,71.2669448852539,75.49114990234375,67.0427474975586,76.55553436279297,73.56969451904297,71.16898345947266,75.97040557861328,69.09513092041016,62.87221145629883,75.31805419921875,87.00177001953125,87.53115844726562,86.47237396240234,77.91455078125
SVN,2007,15.0949814942822,-0.0771390500935268,30.4653164800564,14.517677933965235,4.496961585049726,3.657496,42.465220592543545,77.2864761352539,74.2589111328125,77.22095489501953,71.29685974121094,77.9145278930664,74.4183120727539,72.48548889160156,76.35112762451172,71.96247100830078,65.42546081542969,78.4994888305664,87.36280059814453,88.43678283691406,86.28881072998047,79.68596649169922
SVN,2008,15.3697519130907,-1.44051515122054,30.574647931705,14.519259342401579,4.532031589991293,5.647424,43.00522973477774,76.78136444091797,74.31108093261719,78.00981903076172,70.61234283447266,75.37287902832031,75.64431762695312,72.21017456054688,79.07847595214844,72.46377563476562,66.26119995117188,78.6663589477539,78.01053619384766,67.60562133789062,88.41543579101562,80.66016387939453
SVN,2009,17.2273509417668,-5.87194947047136,44.7103931682983,14.528298097753687,4.485307757391936,0.8392622,43.57139538779699,76.12982940673828,71.74907684326172,77.38884735107422,66.10929870605469,75.48212432861328,73.50874328613281,73.11585998535156,73.90162658691406,74.2326889038086,68.81098937988281,79.65438842773438,78.7049789428711,67.610595703125,89.79936218261719,81.15827178955078
SVN,2010,17.8441916324645,-5.55569139851509,48.766769355482,14.532658892600047,4.4689816892441,1.80117,43.89636224046483,76.42549133300781,70.9952621459961,79.06661224365234,62.92390060424805,77.16259002685547,77.29854583740234,73.07770538330078,81.5193862915039,74.73178100585938,68.7867202758789,80.67682647705078,79.45747375488281,67.95162963867188,90.96331024169922,81.11859130859375
SVN,2011,18.1856376133642,-6.68584020803835,52.3765111457013,14.534736219623344,4.458846948315768,1.802852,44.450308273205636,76.9510726928711,71.34774017333984,78.92161560058594,63.77385330200195,77.7240982055664,76.63475036621094,73.6805648803711,79.58892822265625,75.1699447631836,69.90177154541016,80.43811798095703,81.36763000488281,69.59879302978516,93.136474609375,81.7813720703125
SVN,2012,18.1278912689389,-4.19646490011098,63.3705049373639,14.536836462682349,4.41964350225803,2.597414,45.374042456963565,76.88014221191406,70.54275512695312,79.48394775390625,61.60154724121094,77.67597198486328,75.05850982666016,73.23973083496094,76.8772964477539,75.98454284667969,71.33942413330078,80.62965393066406,81.98487091064453,69.73298645019531,94.23674011230469,82.42166900634766
SVN,2013,18.0935649046184,-11.2270471041305,81.4953874042928,14.538193724971505,4.399065224948562,1.769201,46.446461248405754,77.20404815673828,70.37650299072266,79.76921844482422,60.98377227783203,78.67445373535156,76.7598876953125,73.23181915283203,80.28795623779297,76.9030532836914,72.16743469238281,81.63867950439453,82.36042022705078,70.33903503417969,94.3818130493164,82.56114959716797
SVN,2014,17.5111249946754,-4.52612740666873,100.976028864879,14.539177244190956,4.409646154810221,0.1993438,47.60553862585212,78.11248016357422,73.95246124267578,82.10977172851562,65.79515838623047,79.06584167480469,76.6591796875,73.06365203857422,80.25470733642578,77.55994415283203,73.28669738769531,81.83319091796875,82.97840881347656,71.9571762084961,93.9996337890625,81.31909942626953
SVN,2015,17.0972845335939,-2.83767107877805,104.125016721352,14.539929151081072,4.412969515044999,-0.5255523,48.90260393440447,78.42823028564453,74.06554412841797,81.91798400878906,66.21310424804688,79.57869720458984,76.22509002685547,72.23751831054688,80.21265411376953,78.14612579345703,74.2838134765625,82.0084457397461,84.3648681640625,73.47319793701172,95.25655364990234,81.64039611816406
SVN,2016,16.4865028587641,-1.99901755580983,99.0541227185727,14.540661123153487,4.429812389831516,-0.05499954,50.21633622169589,78.95207214355469,74.71360778808594,82.2099609375,67.21725463867188,80.52278900146484,76.98158264160156,73.82103729248047,80.14213562011719,79.09159088134766,75.52100372314453,82.66216278076172,85.49522399902344,75.62493133544922,95.36551666259766,81.61980438232422
SVN,2017,15.9728414442956,0.0536298972485248,91.1096177975965,14.541312713545977,4.4584673205412795,1.429107,51.54860782609653,79.13145446777344,75.07296752929688,82.7979507446289,67.34799194335938,80.71540832519531,75.78563690185547,76.40254211425781,75.1687240600586,79.76069641113281,76.2349624633789,83.28641510009766,86.59989166259766,78.67668914794922,94.52310180664062,81.60597229003906
SVN,2018,15.4879515967774,0.89610245425103,85.6009133662369,14.544938557497325,4.480961362859365,1.738609,52.78249261832776,79.869384765625,75.48408508300781,83.66248321533203,67.30567932128906,82.4107894897461,79.77323913574219,79.17479705810547,80.3716812133789,80.68165588378906,77.40928649902344,83.95401000976562,86.7774429321289,79.22125244140625,94.3336410522461,81.71324157714844
SVN,2019,15.3781256769546,0.681009446383162,87.4390379751692,14.551901597960658,4.496178139853891,1.630523,53.749455202958984,79.39075469970703,76.161376953125,84.32967376708984,67.99309539794922,80.98458099365234,76.70465087890625,78.76045989990234,74.64884185791016,80.19601440429688,75.70832824707031,84.6836929321289,86.05304718017578,78.8036880493164,93.30240631103516,81.02632904052734
SVN,2020,17.4107327034207,-7.67672197895847,110.52631074508,14.558599144522308,4.492325108523962,-0.05485681,54.463108894626025,79.07275390625,76.30488586425781,84.22615814208984,68.38360595703125,80.38458251953125,75.40048217773438,76.2301254272461,74.5708236694336,80.01044464111328,74.65694427490234,85.36394500732422,85.74280548095703,78.05126953125,93.43434143066406,80.52879333496094
SVN,2021,16.2041930113081,-4.61126100877562,95.5510217760598,14.561287664222007,4.513282316393992,1.917065,55.26313463637529,79.25725555419922,76.96492004394531,84.8162841796875,69.11354064941406,80.61210632324219,75.75753021240234,77.02500915527344,74.49003601074219,83.24284362792969,75.66742706298828,90.81825256347656,82.83596801757812,78.3262710571289,87.3456802368164,80.19474792480469
SVN,2022,16.2671588419483,-3.01354255600538,74.5024888969868,14.563181908009335,4.51318246569745,8.833699,56.194955646518096,79.580078125,77.8121566772461,86.57957458496094,69.04473876953125,82.00843048095703,76.22908782958984,77.64217376708984,74.81599426269531,83.53253936767578,76.14883422851562,90.91624450683594,86.26371765136719,78.47096252441406,94.05648040771484,78.91963958740234
SVN,2023,15.1953583922205,-2.5637188884518,72.216645905645,14.567144075838945,4.520639787007585,7.446877,56.89267618472612,79.4927978515625,78.01712799072266,86.64045715332031,69.39379119873047,81.35664367675781,76.36115264892578,78.0118179321289,74.71049499511719,81.48871612548828,76.20796203613281,86.76947784423828,86.22006225585938,78.3648910522461,94.07523345947266,79.10458374023438
SWE,1980,17.50538,-5.34125374084745,43.6218775384708,15.933034063707149,4.851794767442498,13.70632,,72.94249725341797,55.116172790527344,61.050270080566406,49.18207931518555,72.49174499511719,68.36773681640625,59.089141845703125,77.6463394165039,67.27363586425781,87.06761932373047,47.47962188720703,81.83387756347656,78.81147766113281,84.85627746582031,91.2195816040039
SWE,1981,17.99324,-4.38743940231445,51.4755226261607,15.934233267700726,4.841692284112176,12.10394,,74.00703430175781,57.76960372924805,62.05445098876953,53.48474884033203,72.67417907714844,68.33705139160156,58.42194366455078,78.25215911865234,67.39482879638672,86.67839050292969,48.111270904541016,82.2906723022461,79.02347564697266,85.55785369873047,91.5772933959961
SWE,1982,18.1763,-6.15860412683936,60.9279280356661,15.93480518492337,4.8604865724081545,8.589185,,75.34977722167969,61.93003463745117,66.03511810302734,57.82494354248047,72.48474884033203,68.02351379394531,58.189414978027344,77.85760498046875,67.0970458984375,86.69096374511719,47.50313186645508,82.33369445800781,79.41425323486328,85.25313568115234,91.63452911376953
SWE,1983,18.23841,-4.80363756276345,64.7549131176482,15.9352579209699,4.8577599118423604,8.873021,,75.99995422363281,63.50099563598633,67.16793823242188,59.834049224853516,72.59273529052734,67.96792602539062,58.16913604736328,77.76671600341797,66.75804901123047,86.3038101196289,47.21229553222656,83.05220794677734,79.77168273925781,86.33273315429688,91.9061279296875
SWE,1984,17.47965,-2.83984273621775,65.9493386749856,15.93616661711715,4.859028601144138,8.044243,,75.98014831542969,63.587528228759766,67.47593688964844,59.699127197265625,72.17518615722656,67.69184875488281,57.70785140991211,77.67583465576172,66.61796569824219,86.3115463256836,46.92438888549805,82.2157211303711,79.76203155517578,84.66941833496094,92.1777114868164
SWE,1985,18.20411,-3.43638065673296,65.6245589126743,15.937818323303489,4.850286721394842,7.372575,,76.65557861328125,64.82341003417969,67.33452606201172,62.312294006347656,73.00550079345703,68.0302734375,58.085514068603516,77.97502136230469,65.92671203613281,85.53277587890625,46.320655822753906,85.05951690673828,79.97106170654297,90.14796447753906,92.1377944946289
SWE,1986,18.32669,-0.324245842066222,65.2130386739731,15.940144012149434,4.852582103815469,4.23591,,75.71532440185547,62.67279052734375,64.4295425415039,60.91603088378906,72.26165771484375,68.634033203125,59.348209381103516,77.91986846923828,65.74359130859375,85.1453628540039,46.34183120727539,82.40735626220703,80.00750732421875,84.80719757080078,92.21153259277344
SWE,1987,18.66761,3.10650551535184,58.0637116656745,15.943480801063707,4.8537510793421115,4.188571,,75.85047149658203,63.17593002319336,64.5470199584961,61.80484390258789,72.56246948242188,69.4446029663086,60.618125915527344,78.27108764648438,65.7180404663086,84.7467041015625,46.68937683105469,82.5247573852539,79.82952880859375,85.21998596191406,91.81301879882812
SWE,1988,19.39297,3.11560477739204,52.0598501254987,15.948076784761444,4.83828501843106,5.824899,,75.13056182861328,63.30150604248047,64.62877655029297,61.97426223754883,72.60342407226562,69.83879089355469,61.462345123291016,78.2152328491211,64.99251556396484,83.58602142333984,46.39899444580078,82.97895050048828,79.99352264404297,85.96436309814453,89.48675537109375
SWE,1989,19.3803,3.05549507430135,47.3595524733258,15.954748613968281,4.828729706775003,6.443276,,74.18416595458984,65.55819702148438,65.1952133178711,65.92119598388672,72.87490844726562,70.2372817993164,61.89812469482422,78.57643127441406,64.81874084472656,83.20503234863281,46.432437896728516,83.56871795654297,79.78533935546875,87.35208129882812,84.11941528320312
SWE,1990,19.49835,3.15911949121906,43.3168177010491,15.962474640724892,4.80680604825415,10.36655,55.556098783571116,74.17383575439453,66.64215850830078,63.926170349121094,69.3581314086914,72.71195220947266,70.44351196289062,62.34846878051758,78.5385513305664,63.76176834106445,82.03532409667969,45.48820495605469,83.93058776855469,79.780517578125,88.0806655883789,83.16740417480469
SWE,1991,21.06635,-0.0719933710967775,51.8217573345851,15.969291071900967,4.782411937389826,9.444628,55.94168610197856,76.26068878173828,66.04182434082031,62.44779586791992,69.63583374023438,72.72413635253906,70.87245178222656,62.53537368774414,79.20952606201172,63.02167892456055,79.29894256591797,46.74442672729492,84.27828216552734,79.81175994873047,88.74481201171875,90.01611328125
SWE,1992,23.40068,-8.39930783860844,69.0267702083152,15.975156371188579,4.750476417305972,2.374367,56.358734817238656,76.454345703125,65.87570190429688,61.898048400878906,69.85336303710938,72.94976806640625,71.35974884033203,63.52873992919922,79.19075775146484,62.84733200073242,78.91529083251953,46.77937316894531,84.64221954345703,79.88026428222656,89.40418243408203,90.53756713867188
SWE,1993,22.21722677,-10.6949032205782,74.3086058493068,15.9809647593316,4.717833301638456,4.728173,56.72884903388221,78.05037689208984,69.14380645751953,63.84197998046875,74.4456558227539,73.0704116821289,70.51441192626953,62.65615463256836,78.37267303466797,62.67743682861328,78.5310287475586,46.82383728027344,86.01937866210938,79.69276428222656,92.34600830078125,91.93689727783203
SWE,1994,21.68221148,-8.71356334163229,78.5876778731049,15.988071813947796,4.726262849888946,2.158138,56.97011528280112,79.6650390625,71.54045867919922,66.47987365722656,76.6010513305664,73.53083801269531,71.12508392333984,63.05767059326172,79.19248962402344,63.28927993774414,78.54243469238281,48.036128997802734,86.17813110351562,80.02582550048828,92.3304443359375,93.9238510131836
SWE,1995,17.0266377177989,-7.01146890163211,76.9674627680803,15.993318853363334,4.742941888279144,2.455149,57.0179793657014,80.59032440185547,72.73543548583984,66.93614196777344,78.53473663330078,74.71528625488281,72.70616912841797,65.66415405273438,79.74818420410156,65.24568176269531,81.2420425415039,49.249324798583984,86.19400024414062,80.06080627441406,92.32719421386719,94.3202133178711
SWE,1996,16.2155812063644,-3.10735271282986,79.5106568161944,15.994910324169162,4.733820192760613,0.533132,56.90208728982773,80.55431365966797,72.73439025878906,66.58373260498047,78.88505554199219,75.40888214111328,73.34577178955078,66.51634979248047,80.17520141601562,66.6746597290039,80.83280944824219,52.51649475097656,86.20624542236328,80.08819580078125,92.32429504394531,93.51963806152344
SWE,1997,15.6298811031031,-1.5686069839325,77.9648740124566,15.995482946203392,4.734068849073362,0.6584103,56.68839258053872,81.85853576660156,75.73062133789062,70.84369659423828,80.61756896972656,76.25749969482422,73.25888061523438,66.72054290771484,79.79721069335938,69.44520568847656,81.16548156738281,57.72492218017578,86.06841278076172,79.81027221679688,92.3265609741211,93.58747100830078
SWE,1998,15.4490851131506,0.821403938394473,77.6960308788841,15.996038067425516,4.75323368791148,-0.2671327,56.38478863255404,82.8150863647461,76.5977554321289,71.31391906738281,81.88159942626953,78.01632690429688,74.28776550292969,67.92781066894531,80.64772033691406,70.8184814453125,79.58585357666016,62.051109313964844,88.94271087646484,83.25055694580078,94.63484954833984,93.83116912841797
SWE,1999,15.2342000710332,0.598480450757787,68.5829350679415,15.996817338934218,4.768281654899709,0.4621758,55.98102773201804,83.52875518798828,78.4860610961914,72.73403930664062,84.23809814453125,78.6756820678711,75.16324615478516,68.39954376220703,81.92695617675781,71.36705780029297,80.28929138183594,62.44481658935547,89.49674987792969,84.6778793334961,94.31561279296875,93.42449951171875
SWE,2000,14.6428704868419,3.10753297044533,58.7896417504973,15.998423093779971,4.778503048574779,0.8991438,55.51042092816425,85.11337280273438,81.31105041503906,75.97705078125,86.64505767822266,79.61666870117188,76.12207794189453,68.60774993896484,83.63642120361328,73.1886215209961,82.3860092163086,63.991241455078125,89.53929901123047,85.07972717285156,93.99885559082031,94.4123764038086
SWE,2001,14.7491275747076,1.37257286634541,60.6123584192803,16.001107799059515,4.782390361166468,2.405958,55.011155416806936,85.34425354003906,81.41780853271484,75.42862701416016,87.40697479248047,79.98528289794922,76.89433288574219,69.28665924072266,84.50200653076172,73.14508819580078,81.31986236572266,64.97032165527344,89.91642761230469,85.85562896728516,93.97722625732422,94.62967681884766
SWE,2002,14.9005873380653,-1.45439895637494,60.3281663661129,16.00436217973655,4.792936128514253,2.158482,54.52132439177171,85.00225830078125,80.20751953125,74.96471405029297,85.4503402709961,80.36134338378906,76.02581024169922,69.91666412353516,82.13495635986328,74.91783905029297,82.66742706298828,67.16825103759766,90.1404037475586,85.93855285644531,94.34225463867188,94.43790435791016
SWE,2003,15.4128768430564,-1.2425951128114,59.6537268618055,16.00808310916454,4.7943124040968845,1.925655,54.05066586782934,85.41078186035156,80.56058502197266,75.36434936523438,85.75685119628906,81.08827209472656,76.29402923583984,69.67129516601562,82.91676330566406,76.10633850097656,83.76476287841797,68.44790649414062,90.86439514160156,87.389404296875,94.33939361572266,94.58352661132812
SWE,2004,15.0851433422305,0.166496305774578,59.3031760872163,16.012016099078117,4.805422963225494,0.3736598,53.62337110404163,85.40748596191406,81.3371810913086,75.66238403320312,87.01197052001953,79.44518280029297,75.30443572998047,67.90399932861328,82.70486450195312,75.66117095947266,81.9639663696289,69.3583755493164,87.37000274658203,88.18989562988281,86.55010986328125,95.44012451171875
SWE,2005,14.8656316863451,2.086943184242,60.0843870588707,16.01601552670619,4.807660642861441,0.4531709,53.11070241973855,85.97346496582031,82.3290023803711,76.96961212158203,87.68840026855469,80.15546417236328,76.28227233886719,69.77827453613281,82.78627014160156,75.8025894165039,81.68508911132812,69.92008972167969,88.38148498535156,89.22189331054688,87.54107666015625,95.43589782714844
SWE,2006,14.3286926698645,2.19560205795581,53.6066686238744,16.02164036577101,4.822831087005133,1.360215,52.56604162872329,86.08736419677734,82.4901351928711,76.0570068359375,88.92326354980469,80.47693634033203,76.18203735351562,69.47573852539062,82.88833618164062,76.45314025878906,82.40766906738281,70.49861907958984,88.79559326171875,89.26223754882812,88.32894897460938,95.29503631591797
SWE,2007,13.5520089512827,3.36585577800414,48.4031556104838,16.029055890917263,4.828470541007958,2.212169,52.28023542940164,86.58222198486328,83.27178192138672,76.85565948486328,89.6878890991211,81.204833984375,77.91651916503906,72.30790710449219,83.52513122558594,76.51580810546875,83.1451644897461,69.88643646240234,89.18215942382812,90.25767517089844,88.10665130615234,95.27001953125
SWE,2008,13.6237654003418,1.87436693239893,48.8361292804811,16.036846223824966,4.814785781734922,3.437049,52.37376939288727,84.56231689453125,82.9985580444336,77.47218322753906,88.52494812011719,75.54175567626953,77.9945297241211,72.96627044677734,83.02278900146484,76.93182373046875,82.89662170410156,70.96703338623047,71.69892120361328,55.988365173339844,87.40946197509766,95.14665222167969
SWE,2009,14.6891642407339,-0.889036480094137,50.1027222756639,16.045365267954335,4.804735977632407,-0.4944606,52.822013302897716,84.51220703125,82.76703643798828,76.37162017822266,89.1624526977539,75.88524627685547,77.39933013916016,73.1304702758789,81.6681900024414,78.45113372802734,85.25753784179688,71.64472198486328,71.80529022216797,55.712162017822266,87.89842224121094,94.88435363769531
SWE,2010,13.847323872437,-0.144061472249538,47.8316264607957,16.053890514241985,4.828144194930806,1.157988,53.566802633755096,84.4526596069336,82.49612426757812,76.60303497314453,88.38917541503906,76.59458923339844,79.27456665039062,74.02184295654297,84.52729034423828,78.29315185546875,85.04841613769531,71.53788757324219,72.21603393554688,56.21540451049805,88.21665954589844,94.26727294921875
SWE,2011,13.2760298366864,-0.408156533992137,47.8767857693225,16.06144201557864,4.836956449237937,2.961151,54.559702880431324,85.00114440917969,80.8299789428711,75.90074157714844,85.75920867919922,79.82968139648438,80.32828521728516,75.09426879882812,85.56230163574219,78.76020050048828,85.30690002441406,72.21350860595703,80.40058135986328,71.77684020996094,89.02433776855469,94.34374237060547
SWE,2012,13.8519086527309,-1.1902239307592,48.2747466207608,16.068839648302987,4.817883175636773,0.8883775,55.67816198723813,84.85374450683594,80.5600357055664,75.50094604492188,85.61910247802734,79.48806762695312,80.92862701416016,74.48176574707031,87.37548828125,76.52373504638672,80.1832275390625,72.86422729492188,81.01181030273438,71.357421875,90.66617584228516,94.51313781738281
SWE,2013,14.1767109225402,-1.62865568484104,50.9068015367203,16.07731313482545,4.80969169843727,-0.04429297,56.842865026699805,84.63922882080078,79.73478698730469,74.72496032714844,84.74461364746094,79.63796997070312,80.12615203857422,73.56668090820312,86.68562316894531,75.42991638183594,77.75455474853516,73.10527801513672,83.35787963867188,69.71818542480469,96.9975814819336,94.544921875
SWE,2014,13.7502671126828,-1.83738442685745,58.1416830904726,16.08723533211137,4.806645139765984,-0.1796385,57.934910243126794,86.73416137695312,82.71158599853516,76.97708892822266,88.44609069824219,82.16631317138672,80.08609771728516,73.50492095947266,86.66730499267578,78.7430191040039,84.53475952148438,72.95126342773438,87.6698226928711,77.91667175292969,97.42296600341797,95.3245849609375
SWE,2015,13.2586202618542,-0.271656772979476,56.0598065707322,16.097809878966537,4.819510357009799,-0.04678474,58.836098148773395,86.74497985839844,82.54161071777344,77.21015167236328,87.873046875,81.60035705566406,79.26344299316406,71.8858642578125,86.64100646972656,78.3316879272461,83.49488067626953,73.16851043701172,87.20591735839844,77.22882080078125,97.18302917480469,96.09295654296875
SWE,2016,13.1279169388462,0.861724806157467,55.3247810294903,16.110374418817567,4.816401491391774,0.9842693,59.487308065989865,86.46275329589844,81.91221618652344,76.8128890991211,87.01153564453125,81.20398712158203,78.77206420898438,72.0214614868164,85.52265930175781,78.044189453125,83.03243255615234,73.05596160888672,86.79571533203125,77.11875915527344,96.47267150878906,96.27210235595703
SWE,2017,12.9063496160843,1.28708965576228,52.920110156774,16.12384886941319,4.799588687152865,1.794499,59.94377468782754,86.5277328491211,82.33477783203125,77.20413970947266,87.46539306640625,80.77982330322266,77.65184020996094,70.90388488769531,84.3998031616211,78.02140045166016,82.32035827636719,73.72244262695312,86.66618347167969,77.99858856201172,95.33378601074219,96.4686050415039
SWE,2018,12.6673154860699,0.670015842348847,51.6194725361061,16.135465321012795,4.788121177979477,1.953535,60.3159015203771,86.96053314208984,82.9127426147461,78.40425872802734,87.42121887207031,81.3763198852539,77.7155532836914,71.58313751220703,83.84796142578125,79.09624481201172,84.5752182006836,73.61726379394531,87.31713104248047,78.78511047363281,95.84915161132812,96.5925064086914
SWE,2019,12.3117714852438,0.438743530944587,47.8221119673332,16.145602543647346,4.792191125034583,1.784151,60.58412394687277,86.9822006225586,83.12840270996094,78.78068542480469,87.47612762451172,81.22662353515625,76.61334991455078,70.08317565917969,83.1435317993164,79.21202087402344,83.56802368164062,74.85600280761719,87.85450744628906,78.05103302001953,97.65797424316406,96.59159088134766
SWE,2020,12.8008328257961,-3.1759737197618,53.4953820518117,16.152829582776178,4.810373513535528,0.4973673,60.76106782529358,86.42469787597656,82.36470794677734,77.05424499511719,87.67516326904297,80.68476867675781,75.0450210571289,67.9301986694336,82.15983581542969,79.60245513916016,84.03276062011719,75.17215728759766,87.40679931640625,76.9222183227539,97.8913803100586,96.22465515136719
SWE,2021,11.9775636263293,-0.147612738128266,49.9950294418448,16.158835498104573,4.797792086630944,2.163197,60.89303122502896,86.6120376586914,82.58250427246094,78.085693359375,87.07929992675781,80.90275573730469,75.2462387084961,68.07330322265625,82.41917419433594,79.52893829345703,83.6374740600586,75.42040252685547,87.9330825805664,77.97174835205078,97.8944091796875,96.35089111328125
SWE,2022,11.5517242261191,0.996362591526707,44.9819632849455,16.165641326787558,4.773986531572327,8.369291,60.851065983665706,86.80767822265625,84.28022766113281,81.1072769165039,87.45317840576172,81.59840393066406,76.74174499511719,68.97555541992188,84.50794219970703,80.08527374267578,84.51927185058594,75.6512680053711,87.96821594238281,78.03662109375,97.8998031616211,94.54436492919922
SWE,2023,11.4565334384001,-0.62358604413177,42.0570367269778,16.170368505420207,4.754355320733816,8.548625,60.736055655034946,86.87359619140625,84.43862915039062,80.734375,88.14290618896484,81.6396484375,76.4595718383789,69.11214447021484,83.80699157714844,80.1978759765625,84.55113983154297,75.84461212158203,88.26148986816406,78.20692443847656,98.31605529785156,94.5424575805664
USA,1980,9.6258819930795,-4.44167999360237,40.8678656854869,19.24145127396911,4.895146871301008,13.5492,,62.67250061035156,42.92888641357422,42.06289291381836,43.79487609863281,65.35551452636719,46.84499740600586,49.301063537597656,44.3889274597168,66.51801300048828,79.16671752929688,53.869293212890625,82.70353698730469,69.98080444335938,95.42627716064453,79.73307800292969
USA,1981,9.73161864784392,-3.99311203122192,40.0395847730365,19.251265428341704,4.896798466907032,10.33471,,62.808475494384766,43.13636779785156,41.99432373046875,44.27839660644531,66.06331634521484,47.59111022949219,49.925086975097656,45.25712966918945,67.92998504638672,79.16671752929688,56.69326400756836,82.66886138916016,69.91167449951172,95.42603302001953,79.2257080078125
USA,1982,10.3828919827178,-6.55594547413537,44.6918417481006,19.26079860400334,4.876027047586941,6.131427,,63.893463134765625,43.47064208984375,41.40020751953125,45.541072845458984,66.30378723144531,48.48930358886719,51.595829010009766,45.38277053833008,68.30497741699219,79.5686264038086,57.04133224487305,82.11705780029297,70.17343139648438,94.0606918334961,81.90594482421875
USA,1983,10.2949941635173,-7.21140940659237,47.6101712242021,19.269942389137093,4.890704531224038,3.212435,,64.07716369628906,43.32567596435547,40.84258270263672,45.80876159667969,65.1338882446289,48.5389289855957,51.57093811035156,45.506919860839844,68.13623809814453,79.18106842041016,57.091426849365234,78.72647857666016,70.20033264160156,87.25263214111328,83.77188110351562
USA,1984,9.52498419239288,-6.07660241915151,49.2657049435632,19.27860056250019,4.912617230615342,4.300536,,64.87873840332031,43.72874450683594,40.4078369140625,47.04965591430664,66.3414535522461,48.99169921875,51.95754623413086,46.02584457397461,68.2071762084961,79.57805633544922,56.83628463745117,81.82548522949219,70.23050689697266,93.42047119140625,84.56597137451172
USA,1985,9.38331344770279,-6.24278560366888,53.910313724618,19.2874618529087,4.916015123514137,3.545644,,66.86465454101562,48.482364654541016,47.38885498046875,49.57588195800781,66.59732818603516,49.146263122558594,52.13405990600586,46.15846252441406,68.07997131347656,79.57611083984375,56.583839416503906,82.56575012207031,70.30614471435547,94.82535552978516,85.51425170898438
USA,1986,9.45501941095254,-6.44199070558609,57.3576373213353,19.29670349447929,4.91909969824507,1.898048,,67.23403930664062,48.814353942871094,47.292354583740234,50.33635330200195,66.71275329589844,49.28135299682617,52.329158782958984,46.23353576660156,68.30170440673828,79.96630096435547,56.63711166381836,82.55522155761719,70.60035705566406,94.51007843017578,86.17501831054688
USA,1987,9.31355254092764,-5.43644168269539,59.1504034449547,19.30564178648961,4.915648635286703,3.664563,,66.88654327392578,49.18293380737305,47.39393615722656,50.97193145751953,65.88462829589844,49.60904312133789,52.510372161865234,46.70771789550781,68.6823959350586,80.34364318847656,57.021156311035156,79.36244201660156,70.82145690917969,87.9034194946289,85.59205627441406
USA,1988,9.19411248638865,-4.70318754848238,59.7104367510892,19.314721776891286,4.911257822061605,4.077741,,67.02303314208984,50.10752868652344,47.73870086669922,52.47636795043945,65.98277282714844,49.872047424316406,52.956275939941406,46.78782272338867,68.5585708618164,80.34819793701172,56.768943786621094,79.51768493652344,71.06507873535156,87.97029113769531,84.97880554199219
USA,1989,9.32720975329606,-4.47676931611085,59.8355478284051,19.324165832445573,4.90885218669099,4.827003,,67.99161529541016,53.54469299316406,48.27150344848633,58.81789016723633,66.89147186279297,51.86634063720703,53.17720031738281,50.55546569824219,68.79542541503906,80.74474334716797,56.84609603881836,80.0126953125,72.32473754882812,87.70063781738281,83.53868103027344
USA,1990,9.74046576772253,-5.47275434965562,61.4257796369013,19.33546233765013,4.89460445245096,5.397956,51.23848208627398,67.8701400756836,53.82462692260742,48.61127471923828,59.03797912597656,67.17191314697266,52.88579177856445,54.078033447265625,51.693546295166016,68.0499496459961,81.12820434570312,54.9716911315918,80.58003997802734,73.0390625,88.12101745605469,82.61388397216797
USA,1991,10.665236145589,-6.29092024984698,66.0554502002374,19.34882494505751,4.87410867740618,4.234964,51.65413737563726,69.53845977783203,54.10421371459961,48.7843017578125,59.42412185668945,67.1954345703125,54.42939758300781,56.862510681152344,51.99628829956055,68.95442199707031,81.11361694335938,56.795230865478516,78.20248413085938,73.11101531982422,83.2939453125,87.31568908691406
USA,1992,11.3180673300588,-7.28187377405022,68.360142506651,19.362693801982303,4.881056202734077,3.02882,51.99772775503717,69.89051055908203,54.01202392578125,48.656158447265625,59.367889404296875,67.55045318603516,54.56696701049805,54.5231819152832,54.610748291015625,69.1678466796875,81.11173248291016,57.22394943237305,78.91654968261719,75.12137603759766,82.71172332763672,88.10906219482422
USA,1993,11.4475066847132,-6.44416753170509,70.2705240467075,19.375880601980075,4.888477317325888,2.951657,52.1602619489498,71.17347717285156,54.431697845458984,48.275962829589844,60.58744812011719,67.70191192626953,54.464786529541016,54.954612731933594,53.97496032714844,69.3681640625,81.10089111328125,57.63542938232422,79.27281188964844,75.81644439697266,82.72917938232422,91.38682556152344
USA,1994,11.2873248512879,-5.05307464633541,69.0936680866608,19.38814356286876,4.893003272036745,2.607442,52.14455500975757,71.89824676513672,55.53000259399414,48.46221923828125,62.5977897644043,68.82311248779297,54.918663024902344,55.38996505737305,54.44735336303711,70.3199691772461,81.09896087646484,59.54096984863281,81.230712890625,76.141357421875,86.32006072998047,91.34165954589844
USA,1995,11.4077046248509,-4.68901515321331,68.6730654150724,19.40005143377778,4.889275439242024,2.80542,51.96911024859059,72.98799133300781,57.18174743652344,48.87871170043945,65.48477935791016,69.27216339111328,55.08842849731445,55.265953063964844,54.91090774536133,71.09337615966797,81.0567855834961,61.129974365234375,81.63471221923828,76.92310333251953,86.34632110595703,92.5100326538086
USA,1996,11.3202674256626,-3.53895938705495,67.8466046916733,19.411685549977598,4.890040584386398,2.931204,51.675401915548726,73.24783325195312,58.520084381103516,49.55149841308594,67.48866271972656,69.38880920410156,55.76667404174805,56.157344818115234,55.376007080078125,71.07647705078125,80.99005126953125,61.16289520263672,81.32331085205078,77.2468032836914,85.39981842041016,91.83457946777344
USA,1997,10.9969371214538,-2.0973960812248,65.4841226562006,19.423725152947725,4.892163443761502,2.33769,51.29323877081886,74.54650115966797,60.389949798583984,50.515525817871094,70.26438903808594,71.28983306884766,56.47793197631836,56.409156799316406,56.546695709228516,71.34980773925781,80.89859008789062,61.8010139465332,86.04175567626953,78.01943969726562,94.06407165527344,91.95970153808594
USA,1998,10.6602946964503,-0.939738189012814,62.2527317459001,19.435382298211984,4.902526338267952,1.552279,50.86534307495677,75.40035247802734,61.38112258911133,51.398109436035156,71.36412811279297,72.79036712646484,57.06428527832031,57.090938568115234,57.03763961791992,73.49569702148438,80.79280853271484,66.1985855102539,87.81112670898438,78.29759216308594,97.32464599609375,92.02958679199219
USA,1999,10.3926500326232,-0.528378076115193,58.6996281111901,19.44686569868489,4.912416085166642,2.188027,50.44513704344822,75.89897155761719,62.937068939208984,51.920806884765625,73.95333862304688,73.24821472167969,58.49695587158203,59.05305862426758,57.940853118896484,73.96095275878906,81.05108642578125,66.8708267211914,87.2867431640625,76.9320297241211,97.64144897460938,91.51166534423828
USA,2000,10.2797463103915,0.305522843146666,52.8649144001455,19.45799338865284,4.907953535511027,3.376857,50.03583313852309,76.46928405761719,64.45516204833984,52.964908599853516,75.94541931152344,72.84931945800781,59.797428131103516,59.752342224121094,59.84252166748047,75.66393280029297,83.07450866699219,68.25335693359375,83.08660125732422,69.50586700439453,96.66732788085938,92.10335540771484
USA,2001,10.920768793667,-1.91076929357587,52.8540401282224,19.46789080247508,4.900743274815193,2.826171,49.638502780659785,76.20501708984375,63.69527053833008,52.520381927490234,74.87015533447266,73.52022552490234,60.37687301635742,60.42991638183594,60.32382583618164,76.68952178955078,84.5080795288086,68.8709716796875,83.4942626953125,70.98181915283203,96.00670623779297,91.39957427978516
USA,2002,11.537368328687,-5.35792341520636,55.2490913428367,19.47716877733218,4.899470842212339,1.586032,49.25236743932578,75.70349884033203,61.77434539794922,51.8115234375,71.7371597290039,73.74576568603516,61.29442596435547,61.77804183959961,60.81080627441406,77.64985656738281,85.0494155883789,70.25030517578125,82.29302978515625,69.88279724121094,94.70325469970703,91.59037780761719
USA,2003,11.6209941910452,-6.48776699971488,58.3618947563117,19.485763594460593,4.904016260911437,2.270095,48.87487974037998,75.99639892578125,62.65772247314453,51.99468994140625,73.32077026367188,73.66941833496094,61.3073844909668,62.086585998535156,60.5281867980957,78.17234802246094,85.61907196044922,70.72561645507812,81.52854919433594,70.29263305664062,92.76446533203125,91.66207885742188
USA,2004,11.5861352310301,-5.81569424391027,65.8569541214071,19.495018434150026,4.9068899178427134,2.677237,48.49791999663086,76.44282531738281,64.60433197021484,53.11896896362305,76.08967590332031,73.745849609375,61.44407272338867,62.337181091308594,60.55096435546875,78.90858459472656,86.57875061035156,71.23841094970703,80.8849105834961,72.61167907714844,89.15814208984375,90.97831726074219
USA,2005,11.5229371026452,-4.5083796187756,65.2091612696702,19.504235565821638,4.910244143996559,3.392747,48.095682939610455,76.65570831298828,64.20401000976562,52.7908935546875,75.61711883544922,74.79237365722656,61.88887023925781,62.79807662963867,60.97966766357422,79.99641418457031,87.1959457397461,72.796875,82.4918212890625,78.32782745361328,86.65582275390625,90.9707260131836
USA,2006,11.6204565887665,-3.44320431501153,63.9497080941137,19.513878104993,4.90392058786205,3.225944,47.80328113572911,77.63008117675781,65.5448989868164,52.95637512207031,78.13343811035156,75.97480010986328,61.93897247314453,63.02850341796875,60.84944534301758,80.39427185058594,87.83211517333984,72.9564437866211,85.59114074707031,84.02555847167969,87.15672302246094,91.37056732177734
USA,2007,11.8184169200596,-4.10124319592335,64.3452807531622,19.523388657420725,4.894958660915696,2.852673,47.77358207074821,78.43792724609375,66.80095672607422,53.66670227050781,79.93521118164062,76.5577163696289,62.0382080078125,63.07417297363281,61.00224304199219,81.57276916503906,88.7920150756836,74.35350799560547,86.06217193603516,84.78338623046875,87.34095001220703,91.95506286621094
USA,2008,13.099623077047,-7.49079117142041,73.1973337529717,19.53284731029355,4.890143573262194,3.8391,47.918742483039644,75.92924499511719,64.61676025390625,53.735416412353516,75.49811553955078,71.32493591308594,62.839210510253906,64.22216796875,61.45625305175781,82.02643585205078,89.41870880126953,74.63416290283203,69.10916900634766,50.6299934387207,87.58833312988281,91.84603881835938
USA,2009,14.6685523074316,-13.238196555552,86.3465183862853,19.54161382328158,4.897130929358525,-0.3555463,48.09797159411352,75.3000259399414,63.1937141418457,52.5628547668457,73.8245620727539,71.36660766601562,63.43110656738281,64.223876953125,62.63833236694336,81.4266357421875,88.75247192382812,74.10079956054688,69.24211883544922,50.32620620727539,88.15802764892578,91.33977508544922
USA,2010,15.2694822190833,-12.529908191065,94.9032329187158,19.5500751219399,4.891419044379086,1.640043,48.24611710512727,75.93219757080078,64.28430938720703,53.662017822265625,74.9065933227539,72.10944366455078,63.61115646362305,64.14326477050781,63.07904815673828,82.44099426269531,90.05342864990234,74.82855987548828,70.27616882324219,51.7066764831543,88.84566497802734,91.40281677246094
USA,2011,14.9181227215955,-11.0948063433015,99.2326438439021,19.557999065271545,4.8843365474773055,3.156842,48.511248360641865,76.40117645263672,64.95507049560547,54.903419494628906,75.0066909790039,72.64564514160156,64.26484680175781,64.91218566894531,63.61750411987305,82.51229095458984,90.33717346191406,74.68741607666016,71.15980529785156,52.877864837646484,89.44174194335938,91.60281372070312
USA,2012,14.3997865506089,-9.33238618011476,102.800909562402,19.56598289428526,4.891515094834962,2.069337,48.99353474083791,76.78946685791016,65.13270568847656,55.0147705078125,75.25065612792969,73.24009704589844,64.28296661376953,64.9867935180664,63.579132080078125,83.22122955322266,90.6358642578125,75.80657958984375,72.21610260009766,54.35277557373047,90.07941436767578,91.99559783935547
USA,2013,14.2457077714213,-5.9544509254387,104.074359667877,19.573548495119628,4.894002589055838,1.464833,49.500091606639316,77.0985107421875,65.35489654541016,54.97534942626953,75.73444366455078,74.00260162353516,65.31395721435547,65.64181518554688,64.98609924316406,83.47261810302734,91.27645111083984,75.66876983642578,73.22126770019531,55.96913146972656,90.47340393066406,91.9380111694336
USA,2014,14.3009799162183,-5.33269892971223,103.973331763226,19.581508733097717,4.895490430401944,1.622223,49.95937336268381,77.5987548828125,66.48619079589844,55.99799728393555,76.97439575195312,74.66981506347656,64.98284912109375,66.51527404785156,63.45043182373047,83.74910736083984,91.53278350830078,75.96540832519531,75.27751922607422,57.97214889526367,92.5828857421875,91.64020538330078
USA,2015,14.5151415967373,-4.6823591710946,104.386898969605,19.589487780231543,4.897089951720805,0.1186271,50.380279277356244,77.79621887207031,65.74559783935547,55.7313346862793,75.75984954833984,75.71072387695312,65.16280364990234,66.97550964355469,63.35010528564453,84.4517822265625,92.25535583496094,76.64822387695312,77.51754760742188,60.791255950927734,94.24384307861328,91.93231201171875
USA,2016,14.5611681266486,-5.44054224764904,106.29740076041,19.597344035088433,4.894996440537572,1.261583,50.78853268992225,78.48397827148438,66.92594909667969,55.93112564086914,77.9207763671875,76.67990112304688,65.31464385986328,67.45204162597656,63.17724609375,85.46282196044922,92.24467468261719,78.68096923828125,79.26226043701172,64.81974792480469,93.70478057861328,91.8460922241211
USA,2017,14.4259574521895,-4.4716304638934,105.232123888808,19.60427309761435,4.89114606622139,2.13011,51.23575688789984,79.03910064697266,67.68111419677734,56.297096252441406,79.06511688232422,77.39737701416016,65.27009582519531,67.98117065429688,62.55902862548828,85.68531799316406,91.95841217041016,79.41222381591797,81.23672485351562,70.69284057617188,91.7806167602539,92.03882598876953
USA,2018,14.2751328684857,-6.17503954139799,106.55689726566,19.610137428365576,4.8970791525230375,2.442583,51.69432641017969,79.08338165283203,67.1222915649414,55.22382354736328,79.02076721191406,77.88226318359375,64.97801971435547,67.85932922363281,62.096710205078125,85.8885726928711,91.9848861694336,79.7922592163086,82.78014373779297,71.31607818603516,94.24421691894531,92.2455825805664
USA,2019,14.4603026269938,-6.74502552381486,107.722998740737,19.61528851391572,4.906341061608274,1.81221,52.16375152152819,79.23126220703125,67.3328628540039,54.949562072753906,79.71615600585938,78.3602523803711,64.84493255615234,68.01531982421875,61.674537658691406,86.14105987548828,92.01836395263672,80.26374816894531,84.09476470947266,71.57315063476562,96.61638641357422,92.00067901611328
USA,2020,19.7392330982731,-14.9771439142163,131.535141973114,19.619372789583306,4.925731926420214,1.233584,52.58968163787995,78.70344543457031,66.24891662597656,52.911338806152344,79.58649444580078,77.8499984741211,64.08646392822266,68.1470947265625,60.02583312988281,89.13365173339844,92.05831909179688,86.20899200439453,80.32987213134766,73.65834045410156,87.00140380859375,92.01144409179688
USA,2021,19.3977452846399,-11.8395793417435,124.25769110254,19.62094596367282,4.92591766989773,4.697859,52.95170897936057,78.99090576171875,66.3619613647461,53.02324295043945,79.7006607055664,78.57979583740234,65.48709869384766,68.227783203125,62.74641799926758,89.56592559814453,92.71727752685547,86.4145736694336,80.68634796142578,74.26525115966797,87.10746002197266,92.031005859375
USA,2022,15.5441974787223,-3.69023615566527,118.370774209183,19.626703408877766,4.919600371674753,8.0028,53.37763359905395,78.69149780273438,66.27376556396484,53.89003372192383,78.6574935913086,78.8344955444336,65.8043212890625,68.66161346435547,62.947017669677734,89.68024444580078,92.75425720214844,86.6062240600586,81.0189437866211,74.8930435180664,87.14482879638672,90.96623229980469
USA,2023,15.0733567745327,-7.62284421327673,120.550420976779,19.635018340755135,4.929524561286865,4.116338,53.90879969209305,79.35602569580078,66.65799713134766,53.58409118652344,79.73188781738281,80.44979858398438,65.90885162353516,68.6153564453125,63.20233917236328,89.91934967041016,93.0692367553711,86.76947784423828,85.52118682861328,83.86351776123047,87.17886352539062,90.96025848388672
